title,subjects,classification_codes,assigned_department,score,runner_up,runner_up_score,margin,evidence_families,decision,reasons,precision_ok,review_note
Wirtschaftsethische Perspektiven VII.,Sociology; Philosophy; Religion,THEMA EDITEUR::J SOCIETY AND SOCIAL SCIENCES::JB SOCIETY AND CULTURE: GENERAL | THEMA EDITEUR::Q PHILOSOPHY AND RELIGION::QD PHILOSOPHY::QDT TOPICS IN PHILOSOPHY::QDTQ ETHICS AND MORAL PHILOSOPHY | THEMA EDITEUR::Q PHILOSOPHY AND RELIGION::QR RELIGION AND BELIEFS::QRM CHRISTIANITY,Education and Social Sciences,12,Arts,6,6,code+subject,strong,code JB +4; subject keyword +4; subject keyword +4,Y,
"Formation, transformations des savoirs scolaires",changement; didactique; histoire de l’éducation; pédagogie; programmes d’études; XIXe siècle; XXe siècle,"BIC BOOK INDUSTRY COMMUNICATION::J SOCIETY & SOCIAL SCIENCES::JN EDUCATION::JNM HIGHER & FURTHER EDUCATION, TERTIARY EDUCATION | THEMA EDITEUR::J SOCIETY AND SOCIAL SCIENCES::JN EDUCATION::JNM HIGHER EDUCATION, TERTIARY EDUCATION",Education and Social Sciences,8,,0,8,code+subject,strong,code JN +4; subject keyword +4,Y,
Entre la autonomía progresiva y el interés superior del niño y de la niña una mirada holística a los derechos de la niñez y la adolescencia,,THEMA EDITEUR::L LAW::LA JURISPRUDENCE AND GENERAL ISSUES,Law,6,,0,6,code+title,strong,code L +2; title +4,Y,
"Sequania, société et dynamiques territoriales",Sequania; Vesontio; Territory; Identities; Onomastics; Epigraphy; Numismatics; Religion; Heritagization; Ciuitas,THEMA EDITEUR::N HISTORY AND ARCHAEOLOGY::NH HISTORY::NHD EUROPEAN HISTORY::NHDA EUROPEAN HISTORY: THE ROMANS | THEMA EDITEUR::N HISTORY AND ARCHAEOLOGY::NH HISTORY::NHD EUROPEAN HISTORY,Arts,6,,0,6,code+subject,strong,code N +2; subject keyword +4,Y,
Solidariedade e organizações,Development economics and emerging economies,"THEMA EDITEUR::K ECONOMICS, FINANCE, BUSINESS AND MANAGEMENT::KC ECONOMICS::KCM DEVELOPMENT ECONOMICS AND EMERGING ECONOMIES",Commerce,8,,0,8,code+subject,strong,code KC +4; subject keyword +4,Y,
Être écrivain et religieux au Siècle d'or,Society of Jesus; written culture; religious writer; Republic of the Sacred Letters; Spanish literature; Spanish Golden Age,"THEMA EDITEUR::D BIOGRAPHY, LITERATURE AND LITERARY STUDIES::DS LITERATURE: HISTORY AND CRITICISM::DSB LITERARY STUDIES: GENERAL | THEMA EDITEUR::N HISTORY AND ARCHAEOLOGY::NH HISTORY::NHD EUROPEAN HISTORY",Arts,8,,0,8,code+subject,strong,code D +2; code N +2; subject keyword +4,Y,
A Collection in Context,Numismatics; Coin Collection; Classical Archaeology,THEMA EDITEUR::N HISTORY AND ARCHAEOLOGY::NH HISTORY::NHB GENERAL AND WORLD HISTORY,Arts,6,,0,6,code+subject,strong,code N +2; subject keyword +4,Y,
Early Childhood Interventions,Sociology; Education,BIC BOOK INDUSTRY COMMUNICATION::J SOCIETY & SOCIAL SCIENCES::JN EDUCATION::JNF EDUCATIONAL STRATEGIES & POLICY | BIC BOOK INDUSTRY COMMUNICATION::J SOCIETY & SOCIAL SCIENCES::JF SOCIETY & CULTURE: GENERAL::JFS SOCIAL GROUPS::JFSP AGE GROUPS::JFSP1 AGE GROUPS: CHILDREN | THEMA EDITEUR::J SOCIETY AND SOCIAL SCIENCES::JN EDUCATION::JNF EDUCATIONAL STRATEGIES AND POLICY,Education and Social Sciences,20,,0,20,code+subject,strong,code JN +4; code JF +4; code JB +4; subject keyword +4; subject keyword +4,Y,
The Relationship Between Cancer Predisposition and Primary Immunodeficiency,inborn error of immunity; IEI; primary immunodeficiency; PID; cancer predisposition syndrome; CPS,THEMA EDITEUR::M MEDICINE AND NURSING | THEMA EDITEUR::M MEDICINE AND NURSING::MJ CLINICAL AND INTERNAL MEDICINE::MJC DISEASES AND DISORDERS::MJCM IMMUNOLOGY,Medical Sciences,12,,0,12,code+subject+title,strong,code MJ +4; subject keyword +4; title +4,Y,
"Pobreza en la prensa hegemónica de Colombia, Argentina y Brasil",Sociology; Communication Studies; History; Latin American Studies,THEMA EDITEUR::J SOCIETY AND SOCIAL SCIENCES::JB SOCIETY AND CULTURE: GENERAL::JBF SOCIAL AND ETHICAL ISSUES::JBFC POVERTY AND PRECARITY | THEMA EDITEUR::J SOCIETY AND SOCIAL SCIENCES::JB SOCIETY AND CULTURE: GENERAL::JBC CULTURAL AND MEDIA STUDIES::JBCT MEDIA STUDIES | THEMA EDITEUR::N HISTORY AND ARCHAEOLOGY::NH HISTORY::NHK HISTORY OF THE AMERICAS,Education and Social Sciences,12,Arts,6,6,code+subject,strong,code JB +4; subject keyword +4; subject keyword +4,Y,
Mixanthrôpoi : Animal-human hybrid deities in Greek religion,divinity; Greek mythology; ancient Greek religion; Antiguity; religion,BIC BOOK INDUSTRY COMMUNICATION::H HUMANITIES,Arts,10,,0,10,code+subject+title,strong,code H +2; subject keyword +4; title +4,Y,
Shakespeare and Canada,Language & Literature,"THEMA EDITEUR::D BIOGRAPHY, LITERATURE AND LITERARY STUDIES::DS LITERATURE: HISTORY AND CRITICISM::DSG LITERARY STUDIES: PLAYS AND PLAYWRIGHTS",Arts,7,,0,7,code+subject+abstract,strong,code D +2; subject keyword +4; abstract +1,Y,
Up-to-Date Approach to Blood Gas Analysis,Pathology,"THEMA EDITEUR::M MEDICINE AND NURSING::MK MEDICAL SPECIALTIES, BRANCHES OF MEDICINE::MKF PATHOLOGY",Medical Sciences,9,,0,9,code+subject+abstract,strong,code MK +4; subject keyword +4; abstract +1,Y,
Central Asia and Its Asian Neighbors,Political Science,THEMA EDITEUR::J SOCIETY AND SOCIAL SCIENCES::JP POLITICS AND GOVERNMENT::JPS INTERNATIONAL RELATIONS | THEMA EDITEUR::J SOCIETY AND SOCIAL SCIENCES::JP POLITICS AND GOVERNMENT::JPV POLITICAL CONTROL AND FREEDOMS,Education and Social Sciences,8,,0,8,code+subject,strong,code JP +4; subject keyword +4,Y,
Artificial Intelligence and Deep Learning in Sensors and Applications,traffic flow prediction; deep learning; convolutional LSTM; attention mechanism; eXplainable Artificial Intelligence (XAI); XAI recommendation system; XAI scoring system; medical XAI; survey; approach; anomaly detection; anomaly classification; industrial control system; deep neural network,THEMA EDITEUR::U COMPUTING AND INFORMATION TECHNOLOGY | THEMA EDITEUR::U COMPUTING AND INFORMATION TECHNOLOGY::UY COMPUTER SCIENCE,Computer / IT,13,Medical Sciences,5,8,code+subject+title+abstract,strong,code UY +4; subject keyword +4; title +4; abstract +1,Y,
Advances in the Diagnosis and Treatment of Vasculitis,Immunology,THEMA EDITEUR::M MEDICINE AND NURSING::MJ CLINICAL AND INTERNAL MEDICINE::MJC DISEASES AND DISORDERS::MJCM IMMUNOLOGY,Medical Sciences,14,,0,14,code+subject+title+abstract,strong,code MJ +4; subject keyword +4; title +4; abstract +1; abstract +1,Y,
Zemljevid Ilirskih provinc iz leta 1812 = Carte des Provinces illyriennes de 1812,19th century; cartography; France; history; Illyrian provinces; maps; 19. st.; Francija; Ilirske province; kartografija; zemljevidi; zgodovina,THEMA EDITEUR::1 PLACE QUALIFIERS::1D EUROPE::1DT EASTERN EUROPE | THEMA EDITEUR::N HISTORY AND ARCHAEOLOGY::NH HISTORY::NHT HISTORY: SPECIFIC EVENTS AND TOPICS::NHTP HISTORICAL GEOGRAPHY::NHTP1 HISTORICAL MAPS AND ATLASES,Arts,6,,0,6,code+subject,strong,code N +2; subject keyword +4,Y,
Economic and cyber security,Integer economic data processing systems; modular number system; non-positional number system; economic cyber security; national economy; intrusion detection systems; unauthorized access; strategically important enterprises; state regulatory policy; institutional support; semantic role labeling; natural language processing; monitoring financial security; national security,"THEMA EDITEUR::K ECONOMICS, FINANCE, BUSINESS AND MANAGEMENT | THEMA EDITEUR::U COMPUTING AND INFORMATION TECHNOLOGY::UR COMPUTER SECURITY",Computer / IT,13,,0,13,code+subject+title+abstract,strong,code UR +4; subject keyword +4; title +4; abstract +1,Y,
"Educação, filosofia e magia",Educação - Filosofia; Filosofia – Estudo e ensino; Espiritualidade; Sonhos; Magia,JN | HP,Education and Social Sciences,13,Arts,3,10,code+abstract+subject+title,strong,code JN +4; abstract +1; subject keyword +4; title +4,Y,
Grasses as Food and Feed,"barley, sustainability, livestock, rice, wheat, ammonia","THEMA EDITEUR::T TECHNOLOGY, ENGINEERING, AGRICULTURE, INDUSTRIAL PROCESSES::TV AGRICULTURE AND FARMING::TVK AGRONOMY AND CROP PRODUCTION",Agriculture,9,,0,9,code+subject+abstract,strong,code TV +4; subject keyword +4; abstract +1,Y,
Verdrängt und verschwiegen?,Geschichte; Universitätsgeschichte; Wissenschaftsgeschichte; Christian-Albrechts-Universität zu Kiel; Gelehrtenverzeichnis; Biographie; Aufarbeitung Nationalsozialismus; Erinnerungskultur; Professoren; Studierende; University History; History of Science; History; Kiel University,"THEMA EDITEUR::J SOCIETY AND SOCIAL SCIENCES::JN EDUCATION::JNB HISTORY OF EDUCATION | THEMA EDITEUR::N HISTORY AND ARCHAEOLOGY::NH HISTORY::NHT HISTORY: SPECIFIC EVENTS AND TOPICS::NHTB SOCIAL AND CULTURAL HISTORY | THEMA EDITEUR::3 TIME PERIOD QUALIFIERS::3M C 1500 ONWARDS TO PRESENT DAY::3MP 20TH CENTURY, C 1900 TO C 1999::3MPQ LATER 20TH CENTURY C 1950 TO C 1999",Arts,7,Education and Social Sciences,4,3,code+subject+abstract,strong,code N +2; subject keyword +4; abstract +1,Y,
Education for the Professions in Times of Change,,THEMA EDITEUR::N HISTORY AND ARCHAEOLOGY::NH HISTORY | THEMA EDITEUR::J SOCIETY AND SOCIAL SCIENCES::JN EDUCATION,Education and Social Sciences,9,Arts,2,7,code+title+abstract,strong,code JN +4; title +4; abstract +1,Y,
The Network Turn,publishing; literature,"THEMA EDITEUR::D BIOGRAPHY, LITERATURE AND LITERARY STUDIES::DS LITERATURE: HISTORY AND CRITICISM::DSA LITERARY THEORY | THEMA EDITEUR::D BIOGRAPHY, LITERATURE AND LITERARY STUDIES::DS LITERATURE: HISTORY AND CRITICISM::DSB LITERARY STUDIES: GENERAL | THEMA EDITEUR::D BIOGRAPHY, LITERATURE AND LITERARY STUDIES::DS LITERATURE: HISTORY AND CRITICISM::DSR LITERARY REFERENCE WORKS",Arts,6,,0,6,code+subject,strong,code D +2; subject keyword +4,Y,
"Justice, Equity, Diversity, and Inclusion in the United States",Social psychology; Educational psychology; Sociology of race and ethnicity; Sociology of gender,"THEMA EDITEUR::J SOCIETY AND SOCIAL SCIENCES::JM PSYCHOLOGY::JMH SOCIAL, GROUP OR COLLECTIVE PSYCHOLOGY",Education and Social Sciences,12,,0,12,code+subject,strong,code JM +4; subject keyword +4; subject keyword +4,Y,
Etnomatemática e interculturalidad para la comprensión matemática,Etnomatemática; Interculturalidad; Comprensión matemática; Educación matemática; Diversidad cultural; Pedagogía inclusiva; Enseñanza de matemáticas,"THEMA EDITEUR::Y CHILDREN’S, TEENAGE AND EDUCATIONAL::YP EDUCATIONAL MATERIAL::YPM EDUCATIONAL: MATHEMATICS, SCIENCE AND TECHNOLOGY, GENERAL | THEMA EDITEUR::P MATHEMATICS AND SCIENCE::PB MATHEMATICS | THEMA EDITEUR::J SOCIETY AND SOCIAL SCIENCES::JN EDUCATION::JNU TEACHING OF A SPECIFIC SUBJECT",Education and Social Sciences,8,Science,1,7,code+subject,strong,code JN +4; subject keyword +4,Y,
Cell and Molecular Biology Annual Volume 2025,Molecular biology,"THEMA EDITEUR::P MATHEMATICS AND SCIENCE::PS BIOLOGY, LIFE SCIENCES::PSD MOLECULAR BIOLOGY",Life Sciences,13,Chemistry,1,12,code+subject+title+abstract,strong,code PS +4; subject keyword +4; title +4; abstract +1,Y,
Global Governance of Low Earth Orbit Satellites,International law; Space law; Internet governance; LEO satellites; Cybersecurity; Digital sovereignty,"THEMA EDITEUR::T TECHNOLOGY, ENGINEERING, AGRICULTURE, INDUSTRIAL PROCESSES::TT OTHER TECHNOLOGIES AND APPLIED SCIENCES::TTD SPACE SCIENCE | THEMA EDITEUR::U COMPUTING AND INFORMATION TECHNOLOGY::UR COMPUTER SECURITY",Computer / IT,9,Law,5,4,code+subject+abstract,strong,code UR +4; subject keyword +4; abstract +1,N,Space-law governance of satellites filed under Computer / IT; Law fits better
Promieniowanie synchrotronowe w fizyce i chemii ciała stałego: wybrane zagadnienia,synchrotron radiation; spectroscopy; structural analysis; solids,YPMP3 | YPMP5 | PH,Chemistry,8,Science,2,6,code+subject,strong,code PN +4; subject keyword +4,Y,
Growing and Knowing in the Gardens of China,History / Asia / China,THEMA EDITEUR::N HISTORY AND ARCHAEOLOGY::NH HISTORY::NHF ASIAN HISTORY,Arts,6,,0,6,code+subject,strong,code N +2; subject keyword +4,Y,
Dynamism in Islamic Activism,Political Science; Sociology,BIC BOOK INDUSTRY COMMUNICATION::J SOCIETY & SOCIAL SCIENCES::JP POLITICS & GOVERNMENT | BIC BOOK INDUSTRY COMMUNICATION::J SOCIETY & SOCIAL SCIENCES::JP POLITICS & GOVERNMENT::JPB COMPARATIVE POLITICS | BIC BOOK INDUSTRY COMMUNICATION::J SOCIETY & SOCIAL SCIENCES::JH SOCIOLOGY & ANTHROPOLOGY::JHB SOCIOLOGY,Education and Social Sciences,16,Law,1,15,code+subject,strong,code JP +4; code JH +4; subject keyword +4; subject keyword +4,Y,
"Ethics of Alterity, Confrontation and Responsibility in 19th- to 21st-Century British literature",modernism; ethics; politics; alterity; British arts; contemporary art,"THEMA EDITEUR::D BIOGRAPHY, LITERATURE AND LITERARY STUDIES::DS LITERATURE: HISTORY AND CRITICISM::DSB LITERARY STUDIES: GENERAL",Arts,7,,0,7,code+title+abstract,strong,code D +2; title +4; abstract +1,Y,
Encrucijadas chiapanecas,History of the Americas,THEMA EDITEUR::N HISTORY AND ARCHAEOLOGY::NH HISTORY::NHK HISTORY OF THE AMERICAS,Arts,6,,0,6,code+subject,strong,code N +2; subject keyword +4,Y,
Sustaining Social Security in an Era of Population Aging,Political Science; Finance,"BIC BOOK INDUSTRY COMMUNICATION::J SOCIETY & SOCIAL SCIENCES::JK SOCIAL SERVICES & WELFARE, CRIMINOLOGY::JKS SOCIAL WELFARE & SOCIAL SERVICES | BIC BOOK INDUSTRY COMMUNICATION::V HEALTH & PERSONAL DEVELOPMENT::VS SELF-HELP & PERSONAL DEVELOPMENT::VSB PERSONAL FINANCE | BIC BOOK INDUSTRY COMMUNICATION::J SOCIETY & SOCIAL SCIENCES::JP POLITICS & GOVERNMENT::JPQ CENTRAL GOVERNMENT::JPQB CENTRAL GOVERNMENT POLICIES",Education and Social Sciences,12,Commerce,4,8,code+subject,strong,code JK +4; code JP +4; subject keyword +4,Y,
Negociações comerciais internacionais e democracia,Brasil Presidente; Fernando Henrique Cardoso; Comércio internacional; Liberalismo,KCLT,Commerce,9,,0,9,code+abstract+subject,strong,code KCLT +4; abstract +1; subject keyword +4,Y,
Precolonial Legacies in Postcolonial Politics,political science; African studies,THEMA EDITEUR::J SOCIETY AND SOCIAL SCIENCES::JP POLITICS AND GOVERNMENT::JPB COMPARATIVE POLITICS | THEMA EDITEUR::J SOCIETY AND SOCIAL SCIENCES::JP POLITICS AND GOVERNMENT::JPA POLITICAL SCIENCE AND THEORY,Education and Social Sciences,8,,0,8,code+subject,strong,code JP +4; subject keyword +4,Y,
Dotawo: A Journal of Nubian Studies 7,Linguistics,THEMA EDITEUR::C LANGUAGE AND LINGUISTICS::CF LINGUISTICS,Arts,7,Education and Social Sciences,1,6,code+subject+abstract,strong,code C +2; subject keyword +4; abstract +1,Y,
Bildung und Wirtschaftswachstum.,Public Policy & Administration; Economics,"BIC BOOK INDUSTRY COMMUNICATION::J SOCIETY & SOCIAL SCIENCES::JK SOCIAL SERVICES & WELFARE, CRIMINOLOGY::JKS SOCIAL WELFARE & SOCIAL SERVICES | BIC BOOK INDUSTRY COMMUNICATION::K ECONOMICS, FINANCE, BUSINESS & MANAGEMENT::KC ECONOMICS::KCB MACROECONOMICS | THEMA EDITEUR::J SOCIETY AND SOCIAL SCIENCES::JK SOCIAL SERVICES AND WELFARE, CRIMINOLOGY::JKS SOCIAL WELFARE AND SOCIAL SERVICES",Education and Social Sciences,12,Commerce,8,4,code+subject+title,strong,code JK +4; subject keyword +4; title +4,Y,
Formação do professor: a docência universitária em busca de legitimidade,EDUCATION,BIC BOOK INDUSTRY COMMUNICATION::J SOCIETY & SOCIAL SCIENCES::JN EDUCATION | THEMA EDITEUR::J SOCIETY AND SOCIAL SCIENCES::JN EDUCATION,Education and Social Sciences,9,,0,9,code+subject+abstract,strong,code JN +4; subject keyword +4; abstract +1,Y,
Retour á la Source,mystères; sacrifice; divinités grecques antiques; religion grecque antique,"THEMA EDITEUR::D BIOGRAPHY, LITERATURE AND LITERARY STUDIES::D BIOGRAPHY, LITERATURE AND LITERARY STUDIES::DN BIOGRAPHY AND NON-FICTION PROSE",Arts,7,,0,7,code+subject+abstract,strong,code D +2; subject keyword +4; abstract +1,Y,
Sociology of Migration and Post-Western Theory,sociology of migration; international sociology; post-western theory; France; China,THEMA EDITEUR::J SOCIETY AND SOCIAL SCIENCES::JH SOCIOLOGY AND ANTHROPOLOGY::JHB SOCIOLOGY,Education and Social Sciences,22,,0,22,code+subject+title+abstract,strong,code JH +4; subject keyword +4; title +4; abstract +1; subject keyword +4; title +4; abstract +1,Y,
Effective Policing for 21st-Century Israel,Law; Sociology; History; Political Science,"THEMA EDITEUR::N HISTORY AND ARCHAEOLOGY::NH HISTORY::NHG MIDDLE EASTERN HISTORY | THEMA EDITEUR::L LAW::LN LAWS OF SPECIFIC JURISDICTIONS AND SPECIFIC AREAS OF LAW::LNF CRIMINAL LAW: PROCEDURE AND OFFENCES | THEMA EDITEUR::J SOCIETY AND SOCIAL SCIENCES::JK SOCIAL SERVICES AND WELFARE, CRIMINOLOGY::JKS SOCIAL WELFARE AND SOCIAL SERVICES::JKSW EMERGENCY SERVICES::JKSW1 POLICE AND SECURITY SERVICES",Education and Social Sciences,12,Arts,6,6,code+subject,strong,code JK +4; subject keyword +4; subject keyword +4,Y,
Necessidades formativas de professores de redes municipais: contribuições para a formação de professores crítico-reflexivo,EDUCATION,BIC BOOK INDUSTRY COMMUNICATION::J SOCIETY & SOCIAL SCIENCES::JN EDUCATION,Education and Social Sciences,9,,0,9,code+subject+abstract,strong,code JN +4; subject keyword +4; abstract +1,Y,
Testimony and Historical Knowledge,History and theory; Research methods and approaches; History of ideas; Global history,THEMA EDITEUR::N HISTORY AND ARCHAEOLOGY::NH HISTORY::NHA HISTORY: THEORY AND METHODS::NHAH HISTORIOGRAPHY | THEMA EDITEUR::J SOCIETY AND SOCIAL SCIENCES::JB SOCIETY AND CULTURE: GENERAL::JBF SOCIAL AND ETHICAL ISSUES::JBFV ETHICAL ISSUES AND DEBATES | THEMA EDITEUR::N HISTORY AND ARCHAEOLOGY::NH HISTORY::NHA HISTORY: THEORY AND METHODS,Arts,7,Education and Social Sciences,4,3,code+subject+abstract,strong,code N +2; subject keyword +4; abstract +1,Y,
Epicurus in Rome,ancient philosophy; classical philosophy,THEMA EDITEUR::Q PHILOSOPHY AND RELIGION::QD PHILOSOPHY | THEMA EDITEUR::Q PHILOSOPHY AND RELIGION::QD PHILOSOPHY::QDH PHILOSOPHICAL TRADITIONS AND SCHOOLS OF THOUGHT::QDHA ANCIENT GREEK AND ROMAN PHILOSOPHY | THEMA EDITEUR::Q PHILOSOPHY AND RELIGION::QD PHILOSOPHY::QDT TOPICS IN PHILOSOPHY::QDTS SOCIAL AND POLITICAL PHILOSOPHY,Arts,7,,0,7,code+subject+abstract,strong,code Q +2; subject keyword +4; abstract +1,Y,
Intorno a Hans Jonas,"Hans Jonas, philosophy",QDT,Arts,6,,0,6,code+subject,strong,code QDT +2; subject keyword +4,Y,
"Desafíos del pensamiento crítico, Tomo II",Sociology,THEMA EDITEUR::J SOCIETY AND SOCIAL SCIENCES::JB SOCIETY AND CULTURE: GENERAL,Education and Social Sciences,12,,0,12,code+subject,strong,code JB +4; subject keyword +4; subject keyword +4,Y,
Mining Technology,"Civil engineering, surveying & building","THEMA EDITEUR::T TECHNOLOGY, ENGINEERING, AGRICULTURE, INDUSTRIAL PROCESSES::TN CIVIL ENGINEERING, SURVEYING AND BUILDING::TNC STRUCTURAL ENGINEERING::TNCC SOIL AND ROCK MECHANICS",Civil / Construction Engineering,8,Electronics & Telecommunication Engineering,1,7,code+subject,strong,code TN +4; subject keyword +4,Y,
Current Issues and Recent Advances in Pacemaker Therapy,Cardiovascular medicine,THEMA EDITEUR::M MEDICINE AND NURSING::MJ CLINICAL AND INTERNAL MEDICINE::MJD CARDIOVASCULAR MEDICINE,Medical Sciences,17,,0,17,code+subject+title+abstract,strong,code MJ +4; subject keyword +4; title +4; abstract +1; subject keyword +4,Y,
"Communities, Environment and Regulation in the Premodern World","Social history (c. 500-1500); Communities, social groups and social relations; Rural & Environmental history (c. 500-1500); North Sea lands studies (c. 500-1500); Social history (c. 1501-1800); Rural & Environmental history (c. 1501-1800)","THEMA EDITEUR::N HISTORY AND ARCHAEOLOGY::NH HISTORY::NHD EUROPEAN HISTORY::NHDJ EUROPEAN HISTORY: MEDIEVAL PERIOD, MIDDLE AGES",Arts,7,,0,7,code+subject+abstract,strong,code N +2; subject keyword +4; abstract +1,Y,
Azure Machine Learning Studio ile Makine Öğrenmesi Uygulamaları,Azure; Machine Learning,THEMA EDITEUR::U COMPUTING AND INFORMATION TECHNOLOGY::UY COMPUTER SCIENCE::UYQ ARTIFICIAL INTELLIGENCE::UYQM MACHINE LEARNING,Computer / IT,13,Education and Social Sciences,1,12,code+subject+title+abstract,strong,code UY +4; subject keyword +4; title +4; abstract +1,Y,
Grenze - Tod - Ideologie,Philosophie; Religion; Grenzüberschreitung,THEMA EDITEUR::Q PHILOSOPHY AND RELIGION::QD PHILOSOPHY,Arts,6,,0,6,code+subject,strong,code Q +2; subject keyword +4,Y,
Understanding Developmental Disorders,Neurology,"THEMA EDITEUR::M MEDICINE AND NURSING::MK MEDICAL SPECIALTIES, BRANCHES OF MEDICINE::MKJ NEUROLOGY AND CLINICAL NEUROPHYSIOLOGY",Medical Sciences,8,,0,8,code+subject,strong,code MK +4; subject keyword +4,Y,
Genetic Conditions Affecting the Skeleton,spinal curvatures; scoliosis; idiopathic; DNA methylation; pyrosequencing; estrogen receptor 1; ESR1; scoliosis progression; adolescent idiopathic scoliosis; idiopathic scoliosis; exome sequencing; spine; polygenic; variants,"THEMA EDITEUR::G REFERENCE, INFORMATION AND INTERDISCIPLINARY SUBJECTS::GP RESEARCH AND INFORMATION: GENERAL | THEMA EDITEUR::P MATHEMATICS AND SCIENCE::PS BIOLOGY, LIFE SCIENCES | THEMA EDITEUR::P MATHEMATICS AND SCIENCE::PS BIOLOGY, LIFE SCIENCES::PSA LIFE SCIENCES: GENERAL ISSUES::PSAK GENETICS (NON-MEDICAL)",Life Sciences,9,Computer / IT,4,5,code+subject+abstract,strong,code PS +4; subject keyword +4; abstract +1,Y,
中國與世界之多元歷史探論,history; Hong Kong; China; international relations,THEMA EDITEUR::N HISTORY AND ARCHAEOLOGY,Arts,7,Education and Social Sciences,1,6,code+subject+abstract,strong,code N +2; subject keyword +4; abstract +1,Y,
Inter-Asian Law,Comparative law and policy; Asian government; Politics; Law and policy,THEMA EDITEUR::L LAW::LA JURISPRUDENCE AND GENERAL ISSUES::LAM COMPARATIVE LAW,Law,11,,0,11,code+subject+title+abstract,strong,code L +2; subject keyword +4; title +4; abstract +1,Y,
"Plant Oxidative Stress: Biology, Physiology and Mitigation",heat stress; grafting; cucumber; bitter-melon rootstock; polyamines; photosynthesis; salicylic acid; chlorophyll fluorescence; excess boron; lipid peroxidation; enzymatic antioxidant; glutathione; proline; stomatal conductance,"THEMA EDITEUR::G REFERENCE, INFORMATION AND INTERDISCIPLINARY SUBJECTS::GP RESEARCH AND INFORMATION: GENERAL | THEMA EDITEUR::P MATHEMATICS AND SCIENCE::PS BIOLOGY, LIFE SCIENCES | THEMA EDITEUR::P MATHEMATICS AND SCIENCE::PS BIOLOGY, LIFE SCIENCES::PST BOTANY AND PLANT SCIENCES",Life Sciences,9,Bio Technology,5,4,code+title+abstract,strong,code PS +4; title +4; abstract +1,Y,
Des pères « en solitaire » ?,anthropologie; France; sociologie; droit; Espagne; statistiques; démographie; paternité; père; rupture conjugale,"THEMA EDITEUR::J SOCIETY AND SOCIAL SCIENCES::JB SOCIETY AND CULTURE: GENERAL::JBS SOCIAL GROUPS, COMMUNITIES AND IDENTITIES::JBSF GENDER STUDIES, GENDER GROUPS",Education and Social Sciences,8,Law,4,4,code+subject,strong,code JB +4; subject keyword +4,Y,
Reforming the Common European Asylum System,"Admissions to Europe, Asylpolitik, asylum law, Dublin III, Europäische Außengrenzen, Europäisches Asylrecht, Europäisches Asylsystem, Grenzschutz, Immigration, Immigration and Asylum Law Blog, Legal Migration, MFF, Migrationspakt, Odysseus Network, Return System, Migration, Menschenrechte, Europäische Union , Asylrecht",LNDA3,Law,6,,0,6,code+subject,strong,code LNDA3 +2; subject keyword +4,Y,
Fundamentos da educação escolar do Brasil contemporâneo,EDUCATION,BIC BOOK INDUSTRY COMMUNICATION::J SOCIETY & SOCIAL SCIENCES::JN EDUCATION | THEMA EDITEUR::J SOCIETY AND SOCIAL SCIENCES::JN EDUCATION,Education and Social Sciences,13,Medical Sciences,1,12,code+subject+title+abstract,strong,code JN +4; subject keyword +4; title +4; abstract +1,Y,
Education and Training as Improvement Interventions,General medicine,THEMA EDITEUR::M MEDICINE AND NURSING::MB MEDICINE: GENERAL ISSUES::MBG MEDICAL EQUIPMENT AND TECHNIQUES::MBGR MEDICAL RESEARCH,Medical Sciences,13,Education and Social Sciences,5,8,code+subject+abstract,strong,code MB +4; subject keyword +4; abstract +1; subject keyword +4,Y,
"Verhandlungen des Vereins für Socialpolitik über die finanzielle Behandlung der Binnenwasserstraßen, über das Arbeitsverhältnis in den privaten Riesenbetrieben und das Verhältnis der Kartelle zum Staate.",Sozialpolitik; Social policy; Social policies; Sozialgeschichte; Social History; Kulturgeschichte; Cultural History,"THEMA EDITEUR::K ECONOMICS, FINANCE, BUSINESS AND MANAGEMENT::KC ECONOMICS::KCZ ECONOMIC HISTORY",Commerce,8,Arts,4,4,code+title,strong,code KC +4; title +4,Y,
Bio-Inspired Computational Algorithms and Their Applications,Algorithms & data structures,THEMA EDITEUR::U COMPUTING AND INFORMATION TECHNOLOGY::UM COMPUTER PROGRAMMING / SOFTWARE ENGINEERING,Computer / IT,13,Life Sciences,1,12,code+subject+title+abstract,strong,code UM +4; subject keyword +4; title +4; abstract +1,Y,
Reflexiones lingüísticas y literarias,History of the Americas,THEMA EDITEUR::N HISTORY AND ARCHAEOLOGY::NH HISTORY::NHK HISTORY OF THE AMERICAS,Arts,6,,0,6,code+subject,strong,code N +2; subject keyword +4,Y,
Re-Konstruktionen – Krisenthematisierungen in der Erwachsenenbildung,Education,"BIC BOOK INDUSTRY COMMUNICATION::J SOCIETY & SOCIAL SCIENCES::JN EDUCATION::JNP ADULT EDUCATION, CONTINUOUS LEARNING | THEMA EDITEUR::J SOCIETY AND SOCIAL SCIENCES::JN EDUCATION::JNP ADULT EDUCATION, CONTINUOUS LEARNING",Education and Social Sciences,8,,0,8,code+subject,strong,code JN +4; subject keyword +4,Y,
Bildungsbericht Hamburg 2020,Bildungspersonal Hamburg; Kompetenzen von Schülern in Hamburg; Übergänge in berufliche Bildung; Bildungsausgaben Hamburg; Abschlüsse an Hamburger Schulen; Schule in Hamburg; Bildungswesen Hamburg; Kinder und Jugendliche in Hamburg; Kitas in Hamburg; Frühkindliche Bildung; Schulische Bildung,BIC BOOK INDUSTRY COMMUNICATION::J SOCIETY & SOCIAL SCIENCES::JM PSYCHOLOGY | THEMA EDITEUR::J SOCIETY AND SOCIAL SCIENCES::JM PSYCHOLOGY,Education and Social Sciences,13,,0,13,code+subject+title+abstract,strong,code JM +4; subject keyword +4; title +4; abstract +1,Y,
La confiance dans les relations familiales,sociologie; famille; confiance,THEMA EDITEUR::J SOCIETY AND SOCIAL SCIENCES::JH SOCIOLOGY AND ANTHROPOLOGY::JHB SOCIOLOGY,Education and Social Sciences,8,,0,8,code+subject,strong,code JH +4; subject keyword +4,Y,
Immunopathology and Immunomodulation,Immunology,THEMA EDITEUR::M MEDICINE AND NURSING::MJ CLINICAL AND INTERNAL MEDICINE::MJC DISEASES AND DISORDERS::MJCM IMMUNOLOGY,Medical Sciences,10,Pharmacy,2,8,code+subject+abstract,strong,code MJ +4; subject keyword +4; abstract +1; abstract +1,Y,
"Corn Rootworm: Biology, Ecology, Behavior and Integrated Management",Diabrotica speciosa; Diabrotica balteata; Diabrotica viridula; rootworm management; maize pests; cucurbitacins; semiochemicals; agricultural monitoring; infrared sensor; invasive species; maize; pest management; Diabrotica barberi; Diabrotica virgifera virgifera,"THEMA EDITEUR::P MATHEMATICS AND SCIENCE | THEMA EDITEUR::P MATHEMATICS AND SCIENCE::PS BIOLOGY, LIFE SCIENCES | THEMA EDITEUR::T TECHNOLOGY, ENGINEERING, AGRICULTURE, INDUSTRIAL PROCESSES::TV AGRICULTURE AND FARMING",Agriculture,13,Life Sciences,9,4,code+subject+abstract,strong,code TV +4; subject keyword +4; subject keyword +4; abstract +1,Y,
Innovations in Cell Research and Therapy,Cellular biology (cytology),"THEMA EDITEUR::P MATHEMATICS AND SCIENCE::PS BIOLOGY, LIFE SCIENCES::PSB BIOCHEMISTRY",Life Sciences,14,Medical Sciences,6,8,code+subject+abstract,strong,code PS +4; code PSB +5; subject keyword +4; abstract +1,Y,
Lagoon Environments Around the World,Marine biology,"THEMA EDITEUR::P MATHEMATICS AND SCIENCE::PS BIOLOGY, LIFE SCIENCES::PSG MICROBIOLOGY (NON-MEDICAL)",Life Sciences,13,,0,13,code+subject,strong,code PS +4; code PSG +5; subject keyword +4,Y,
Les partis politiques à l'épreuve des procédures délibératives,institution politique; parti politique; démocratie participative; débat électoral; représentation politique; sociologie politique; XXe siècle,THEMA EDITEUR::J SOCIETY AND SOCIAL SCIENCES::JP POLITICS AND GOVERNMENT::JPH POLITICAL STRUCTURE AND PROCESSES::JPHV POLITICAL STRUCTURES: DEMOCRACY,Education and Social Sciences,8,,0,8,code+subject,strong,code JP +4; subject keyword +4,Y,
Pensar para resolver,Aprendizaje basado en proyectos; Enseñanza; Iniciación científica; Investigación escolar; Pensamiento escolar,THEMA EDITEUR::J SOCIETY AND SOCIAL SCIENCES::JN EDUCATION,Education and Social Sciences,10,,0,10,code+abstract+subject,strong,code JN +4; abstract +1; subject keyword +4; abstract +1,Y,
Sustainable Aquaculture Techniques,Aquaculture & fish-farming: practice & techniques,"THEMA EDITEUR::T TECHNOLOGY, ENGINEERING, AGRICULTURE, INDUSTRIAL PROCESSES::TV AGRICULTURE AND FARMING::TVT AQUACULTURE AND FISH-FARMING",Agriculture,8,,0,8,code+subject,strong,code TV +4; subject keyword +4,Y,
Les revues en sciences de l’éducation : mutations et permanences,expertise; écrire; diffuser; doctorant; publier; revue,"THEMA EDITEUR::G REFERENCE, INFORMATION AND INTERDISCIPLINARY SUBJECTS::GP RESEARCH AND INFORMATION: GENERAL | THEMA EDITEUR::J SOCIETY AND SOCIAL SCIENCES::JN EDUCATION::JNM HIGHER EDUCATION, TERTIARY EDUCATION | THEMA EDITEUR::K ECONOMICS, FINANCE, BUSINESS AND MANAGEMENT::KN INDUSTRY AND INDUSTRIAL STUDIES::KNT MEDIA, ENTERTAINMENT, INFORMATION AND COMMUNICATION INDUSTRIES::KNTP PUBLISHING INDUSTRY AND JOURNALISM::KNTP1 PUBLISHING AND BOOK TRADE",Education and Social Sciences,8,Management,4,4,code+title,strong,code JN +4; title +4,Y,
Magnetohydrodynamic Waves in the Solar Atmosphere: Heating and Seismology,solar physics; MHD waves; solar corona; solar coronal seismology; coronal heating,"THEMA EDITEUR::P MATHEMATICS AND SCIENCE::PD SCIENCE: GENERAL ISSUES | THEMA EDITEUR::P MATHEMATICS AND SCIENCE::PG ASTRONOMY, SPACE AND TIME",Science,6,,0,6,code+subject,strong,code PD +1; code PG +1; subject keyword +4,Y,
Marketing im Handwerk,Marketing,"BIC BOOK INDUSTRY COMMUNICATION::K ECONOMICS, FINANCE, BUSINESS & MANAGEMENT::KJ BUSINESS & MANAGEMENT::KJM MANAGEMENT & MANAGEMENT TECHNIQUES::KJMV MANAGEMENT OF SPECIFIC AREAS",Management,25,,0,25,code+subject+title,strong,code KJ +4; code KJM +5; subject keyword +4; title +4; subject keyword +4; title +4,Y,
Swarms and Network Intelligence,generative design; automated learning; evolutionary learning; co-design; genetic programming; human behavior; socioeconomic status; data analysis; social media; crowd-sourcing; wisdom of the crowd; social learning; Bayesian models; risk,"THEMA EDITEUR::K ECONOMICS, FINANCE, BUSINESS AND MANAGEMENT::KN INDUSTRY AND INDUSTRIAL STUDIES::KNT MEDIA, ENTERTAINMENT, INFORMATION AND COMMUNICATION INDUSTRIES::KNTX INFORMATION TECHNOLOGY INDUSTRIES | THEMA EDITEUR::U COMPUTING AND INFORMATION TECHNOLOGY::UY COMPUTER SCIENCE",Computer / IT,8,Mechanical Engineering,5,3,code+subject,strong,code UY +4; subject keyword +4,Y,
Chronicling a Crisis,History of the Americas,BIC BOOK INDUSTRY COMMUNICATION::H HUMANITIES::HB HISTORY::HBJ REGIONAL & NATIONAL HISTORY::HBJK HISTORY OF THE AMERICAS,Arts,7,,0,7,code+subject+abstract,strong,code H +2; subject keyword +4; abstract +1,Y,
Assessing the Role of State and Local Public Health in Outreach and Enrollment for Expanded Coverage,Health Sciences; History; Business,"THEMA EDITEUR::K ECONOMICS, FINANCE, BUSINESS AND MANAGEMENT::KF FINANCE AND ACCOUNTING::KFF FINANCE AND THE FINANCE INDUSTRY::KFFN INSURANCE AND ACTUARIAL STUDIES | THEMA EDITEUR::N HISTORY AND ARCHAEOLOGY::NH HISTORY::NHK HISTORY OF THE AMERICAS | THEMA EDITEUR::M MEDICINE AND NURSING::MB MEDICINE: GENERAL ISSUES::MBQ MEDICOLEGAL ISSUES",Medical Sciences,13,Commerce,9,4,code+title,strong,code MB +4; code MBN +5; title +4,Y,
Advances in Analytical Strategies to Study Cultural Heritage Samples,pottery; iron; speciation; archaeometry; spectrophotometry; spectrometry; pre-Roman Iron Age; fatty acids; metal soaps; oil binder; archaeological organic remains; infrared spectroscopy; synchrotron; X-ray diffraction,"THEMA EDITEUR::G REFERENCE, INFORMATION AND INTERDISCIPLINARY SUBJECTS::GP RESEARCH AND INFORMATION: GENERAL | THEMA EDITEUR::P MATHEMATICS AND SCIENCE::PN CHEMISTRY | THEMA EDITEUR::P MATHEMATICS AND SCIENCE::PN CHEMISTRY::PNF ANALYTICAL CHEMISTRY",Chemistry,8,Material Science,4,4,code+subject,strong,code PN +4; subject keyword +4,Y,
Crohn's Disease,Hepatology,THEMA EDITEUR::M MEDICINE AND NURSING::MJ CLINICAL AND INTERNAL MEDICINE::MJG ENDOCRINOLOGY,Medical Sciences,10,,0,10,code+title+abstract,strong,code MJ +4; title +4; abstract +1; abstract +1,Y,
Enhanced Expert Systems,"digital economy, systems analysis, artificial intelligence, bayesian networks, programming",THEMA EDITEUR::U COMPUTING AND INFORMATION TECHNOLOGY::UY COMPUTER SCIENCE::UYQ ARTIFICIAL INTELLIGENCE,Computer / IT,9,,0,9,code+subject+abstract,strong,code UY +4; subject keyword +4; abstract +1,Y,
Sacred Heritage,historical archaeology; medieval studies; history of religion,THEMA EDITEUR::N HISTORY AND ARCHAEOLOGY::NK ARCHAEOLOGY | THEMA EDITEUR::N HISTORY AND ARCHAEOLOGY::NK ARCHAEOLOGY::NKD ARCHAEOLOGY BY PERIOD / REGION | THEMA EDITEUR::1 PLACE QUALIFIERS::1D EUROPE,Arts,9,,0,9,code+subject+abstract,strong,code N +2; code Q +2; subject keyword +4; abstract +1,Y,
Cognitive and Neurophysiological Models of Brain Asymmetry,Silbo Gomero; whistle language; cerebral lateralization; brain asymmetry; dichotic listening task; situs inversus; heterotaxy; visceral asymmetry; vertebrate asymmetry; human laterality; left-right differentiation; brain torque; ciliopathy; parrots,"THEMA EDITEUR::M MEDICINE AND NURSING | THEMA EDITEUR::P MATHEMATICS AND SCIENCE::PS BIOLOGY, LIFE SCIENCES::PSA LIFE SCIENCES: GENERAL ISSUES::PSAN NEUROSCIENCES",Life Sciences,8,,0,8,code+subject,strong,code PS +4; subject keyword +4,Y,
Advances in Forensic Genetics,TaqMan SNP genotyping; OpenArray™ system; forensic DNA phenotyping; forensic DNA typing; animal forensics; wildlife forensics; cat STRs; dog STRs; cyt b; COI; biogeographic ancestry; pigmentation; skin color; externally visible characteristics,"THEMA EDITEUR::G REFERENCE, INFORMATION AND INTERDISCIPLINARY SUBJECTS::GP RESEARCH AND INFORMATION: GENERAL | THEMA EDITEUR::P MATHEMATICS AND SCIENCE::PS BIOLOGY, LIFE SCIENCES | THEMA EDITEUR::P MATHEMATICS AND SCIENCE::PS BIOLOGY, LIFE SCIENCES::PSA LIFE SCIENCES: GENERAL ISSUES::PSAK GENETICS (NON-MEDICAL)",Life Sciences,13,Computer / IT,4,9,code+subject+title+abstract,strong,code PS +4; subject keyword +4; title +4; abstract +1,Y,
Vertigini della ragione : Schelling e Nietzsche. (Nuova edizione riveduta e ampliata),Cacciari; Nietzsche; philosophy of krisis; Schelling,THEMA EDITEUR::Q PHILOSOPHY AND RELIGION::QD PHILOSOPHY,Arts,6,,0,6,code+subject,strong,code Q +2; subject keyword +4,Y,
Indigene »Resistencia«,Political Science,THEMA EDITEUR::J SOCIETY AND SOCIAL SCIENCES::JP POLITICS AND GOVERNMENT::JPV POLITICAL CONTROL AND FREEDOMS::JPVC CIVICS AND CITIZENSHIP,Education and Social Sciences,8,,0,8,code+subject,strong,code JP +4; subject keyword +4,Y,
Confucian Iconoclasm,Asian history,BIC BOOK INDUSTRY COMMUNICATION::H HUMANITIES::HB HISTORY::HBJ REGIONAL & NATIONAL HISTORY::HBJF ASIAN HISTORY,Arts,7,,0,7,code+subject+abstract,strong,code H +2; subject keyword +4; abstract +1,Y,
Neurostimulation and Neuromodulation in Contemporary Therapeutic Practice,Neurology & clinical neurophysiology,"THEMA EDITEUR::M MEDICINE AND NURSING::MK MEDICAL SPECIALTIES, BRANCHES OF MEDICINE::MKJ NEUROLOGY AND CLINICAL NEUROPHYSIOLOGY",Medical Sciences,13,Life Sciences,1,12,code+subject+title+abstract,strong,code MK +4; subject keyword +4; title +4; abstract +1,Y,
Roll Away Saloon,History,THEMA EDITEUR::N HISTORY AND ARCHAEOLOGY::NH HISTORY,Arts,6,,0,6,code+subject,strong,code N +2; subject keyword +4,Y,
Supply Chain Management,general medicine,THEMA EDITEUR::M MEDICINE AND NURSING::MB MEDICINE: GENERAL ISSUES,Medical Sciences,13,Management,4,9,code+subject+abstract,strong,code MB +4; subject keyword +4; abstract +1; subject keyword +4,N,"Supply-chain management filed under Medical Sciences (publisher code/subject says ""general medicine"")"
Cassava,"market, biomass, renewable energy, nutrition, gene expression, biotechnology","THEMA EDITEUR::P MATHEMATICS AND SCIENCE::PS BIOLOGY, LIFE SCIENCES::PST BOTANY AND PLANT SCIENCES",Bio Technology,9,Life Sciences,4,5,code+subject,strong,code PST +5; subject keyword +4,N,Cassava is a crop book; Agriculture fits better than Bio Technology
Evolutionary Selection and Keynes–Schumpeter Macroeconomics,Economics (general),"THEMA EDITEUR::K ECONOMICS, FINANCE, BUSINESS AND MANAGEMENT::KC ECONOMICS::KCB MACROECONOMICS",Commerce,8,,0,8,code+subject,strong,code KC +4; subject keyword +4,Y,
La précarité en urgence,sociologie; médecine; santé,THEMA EDITEUR::J SOCIETY AND SOCIAL SCIENCES::JH SOCIOLOGY AND ANTHROPOLOGY::JHB SOCIOLOGY,Education and Social Sciences,8,Medical Sciences,4,4,code+subject,strong,code JH +4; subject keyword +4,Y,
A evolução recente do setor bancário no Brasil,BUSINESS & ECONOMICS,"BIC BOOK INDUSTRY COMMUNICATION::K ECONOMICS, FINANCE, BUSINESS & MANAGEMENT::KJ BUSINESS & MANAGEMENT::KJC BUSINESS STRATEGY",Commerce,9,Management,4,5,code+subject,strong,code KJC +5; subject keyword +4,Y,
COVID-19 and Other Pleiotropic Actions of Vitamin D,vitamin D; calcidiol; supplementation; COVID-19; RCT; clinical trial; cholecalciferol; randomized controlled trial; epidemiology; mortality; infections; nutrition; 25-hydroxyvitamin D; infection,THEMA EDITEUR::M MEDICINE AND NURSING | THEMA EDITEUR::M MEDICINE AND NURSING::MJ CLINICAL AND INTERNAL MEDICINE,Medical Sciences,9,,0,9,code+subject+abstract,strong,code MJ +4; subject keyword +4; abstract +1,Y,
Reading Russia. A History of Reading in Modern Russia. Vol. 2,,BIC BOOK INDUSTRY COMMUNICATION::D LITERATURE & LITERARY STUDIES,Arts,7,Life Sciences,1,6,code+title+abstract,strong,code D +2; title +4; abstract +1,Y,
The Copyright Wars: Three Centuries of Trans-Atlantic Battle,trans-Atlantic history; copyright,"THEMA EDITEUR::D BIOGRAPHY, LITERATURE AND LITERARY STUDIES::D BIOGRAPHY, LITERATURE AND LITERARY STUDIES::DN BIOGRAPHY AND NON-FICTION PROSE",Arts,7,,0,7,code+subject+abstract,strong,code D +2; subject keyword +4; abstract +1,Y,
Efficient Decision Support Systems,Artificial intelligence,THEMA EDITEUR::U COMPUTING AND INFORMATION TECHNOLOGY::UY COMPUTER SCIENCE::UYQ ARTIFICIAL INTELLIGENCE,Computer / IT,9,Agriculture,2,7,code+subject+abstract,strong,code UY +4; subject keyword +4; abstract +1,Y,
Michel Foucault,Philosophy,"THEMA EDITEUR::D BIOGRAPHY, LITERATURE AND LITERARY STUDIES::DN BIOGRAPHY AND NON-FICTION PROSE::DNB BIOGRAPHY: GENERAL",Arts,6,,0,6,code+subject,strong,code D +2; subject keyword +4,Y,
Developmental Education in Children,,BIC BOOK INDUSTRY COMMUNICATION::J SOCIETY & SOCIAL SCIENCES::JN EDUCATION | THEMA EDITEUR::J SOCIETY AND SOCIAL SCIENCES::JN EDUCATION,Education and Social Sciences,8,,0,8,code+title,strong,code JN +4; title +4,Y,
Research Methods for Contract Law and Scholarship,Contract Law; Contract Theory; Academic Research Methods; Doctrinal Research; Empirical Legal Research; Interdisciplinarity/Interdisciplinary Research; Mixed-Method Approaches; Indigenous Approaches,LNCJ | LNCB | GPS,Law,11,,0,11,code+subject+title+abstract,strong,code LNCJ +2; subject keyword +4; title +4; abstract +1,Y,
El Programa de Incentivos,Docentes investigadores; Política universitaria; Argentina,THEMA EDITEUR::J SOCIETY AND SOCIAL SCIENCES::JN EDUCATION,Education and Social Sciences,8,,0,8,code+subject,strong,code JN +4; subject keyword +4,Y,
Contraofensiva neoliberal,Economics,"THEMA EDITEUR::K ECONOMICS, FINANCE, BUSINESS AND MANAGEMENT::KC ECONOMICS::KCA ECONOMIC THEORY AND PHILOSOPHY",Commerce,8,,0,8,code+subject,strong,code KC +4; subject keyword +4,Y,
Elective Surgery,Surgery,THEMA EDITEUR::M MEDICINE AND NURSING::MN SURGERY,Medical Sciences,13,,0,13,code+subject+title+abstract,strong,code MN +4; subject keyword +4; title +4; abstract +1,Y,
From Clans to Co-ops,Political Science; Anthropology,"THEMA EDITEUR::K ECONOMICS, FINANCE, BUSINESS AND MANAGEMENT::KC ECONOMICS::KCP POLITICAL ECONOMY | THEMA EDITEUR::J SOCIETY AND SOCIAL SCIENCES::JH SOCIOLOGY AND ANTHROPOLOGY::JHM ANTHROPOLOGY::JHMC SOCIAL AND CULTURAL ANTHROPOLOGY",Education and Social Sciences,8,Commerce,4,4,code+subject,strong,code JH +4; subject keyword +4,Y,
Tih spomin vsem žrtvam boja,civil war; literary motives; literary studies; literary themes; NOB; politics; postwar killings; Slovenian literature; Slovenian poetry; Slovenian poets; World War 1939-1945; državljanska vojna; literarne študije; literarne teme,"THEMA EDITEUR::1 PLACE QUALIFIERS::1D EUROPE::1DX SOUTHEAST EUROPE::1DXV SLOVENIA | THEMA EDITEUR::D BIOGRAPHY, LITERATURE AND LITERARY STUDIES::DS LITERATURE: HISTORY AND CRITICISM::DSC LITERARY STUDIES: POETRY AND POETS | THEMA EDITEUR::N HISTORY AND ARCHAEOLOGY::NH HISTORY::NHW MILITARY HISTORY::NHWR SPECIFIC WARS AND CAMPAIGNS::NHWR7 SECOND WORLD WAR",Arts,9,Law,1,8,code+subject+abstract,strong,code D +2; code N +2; subject keyword +4; abstract +1,Y,
Bildung zu demokratischer Kompetenz,Civic Education; Primarstufe; Weiterbildung; Citizenship Education; Hochschule; Sekundarstufe; Berufliche Bildung; frühe Bildung; Demokratie; Erwachsenenbildung; Demokratiebildung,BIC BOOK INDUSTRY COMMUNICATION::J SOCIETY & SOCIAL SCIENCES::JN EDUCATION,Education and Social Sciences,17,,0,17,code+subject+title+abstract,strong,code JN +4; subject keyword +4; subject keyword +4; title +4; abstract +1,Y,
Preparing Principals to Raise Student Achievement,Education,BIC BOOK INDUSTRY COMMUNICATION::J SOCIETY & SOCIAL SCIENCES::JN EDUCATION | BIC BOOK INDUSTRY COMMUNICATION::J SOCIETY & SOCIAL SCIENCES::JN EDUCATION::JNS TEACHING OF SPECIFIC GROUPS & PERSONS WITH SPECIAL EDUCATIONAL NEEDS::JNSV TEACHING OF STUDENTS WITH ENGLISH AS A SECOND LANGUAGE (TESOL) | BIC BOOK INDUSTRY COMMUNICATION::J SOCIETY & SOCIAL SCIENCES::JN EDUCATION::JNF EDUCATIONAL STRATEGIES & POLICY,Education and Social Sciences,8,,0,8,code+subject,strong,code JN +4; subject keyword +4,Y,
Michel de Certeau e as pesquisas nos/dos/com os cotidianos em educação,,BIC BOOK INDUSTRY COMMUNICATION::J SOCIETY & SOCIAL SCIENCES::JN EDUCATION | THEMA EDITEUR::J SOCIETY AND SOCIAL SCIENCES::JN EDUCATION,Education and Social Sciences,9,,0,9,code+title+abstract,strong,code JN +4; title +4; abstract +1,Y,
Heuristics and Hyper-Heuristics,"bioinformatics, evolutionary algorithms, combinatorial optimization, particle filter, localization",THEMA EDITEUR::U COMPUTING AND INFORMATION TECHNOLOGY::UM COMPUTER PROGRAMMING / SOFTWARE ENGINEERING::UMB ALGORITHMS AND DATA STRUCTURES,Computer / IT,8,Bio Technology,4,4,code+subject,strong,code UM +4; subject keyword +4,Y,
Ishmael,Literature: history & criticism,"THEMA EDITEUR::D BIOGRAPHY, LITERATURE AND LITERARY STUDIES::D BIOGRAPHY, LITERATURE AND LITERARY STUDIES::DS LITERATURE: HISTORY AND CRITICISM",Arts,7,,0,7,code+subject+abstract,strong,code D +2; subject keyword +4; abstract +1,Y,
Breaking Japanese Diplomatic Codes David Sissons and D Special Section during the Second World War,History,THEMA EDITEUR::N HISTORY AND ARCHAEOLOGY::NH HISTORY::NHM AUSTRALASIAN AND PACIFIC HISTORY | THEMA EDITEUR::N HISTORY AND ARCHAEOLOGY::NH HISTORY::NHF ASIAN HISTORY | THEMA EDITEUR::N HISTORY AND ARCHAEOLOGY::NH HISTORY::NHW MILITARY HISTORY::NHWR SPECIFIC WARS AND CAMPAIGNS::NHWR7 SECOND WORLD WAR,Arts,7,Science,1,6,code+subject+abstract,strong,code N +2; subject keyword +4; abstract +1,Y,
Distance Education,"Open learning, home learning, distance education","BIC BOOK INDUSTRY COMMUNICATION::J SOCIETY & SOCIAL SCIENCES::JN EDUCATION::JNP ADULT EDUCATION, CONTINUOUS LEARNING | THEMA EDITEUR::J SOCIETY AND SOCIAL SCIENCES::JN EDUCATION::JNP ADULT EDUCATION, CONTINUOUS LEARNING",Education and Social Sciences,13,,0,13,code+subject+title+abstract,strong,code JN +4; subject keyword +4; title +4; abstract +1,Y,
The Juggler of Notre Dame and the Medievalizing of Modernity. Volume 4: Picture That: Making a Show of the Jongleur,medievalism; medieval studies; Le jongleur de Notre Dame; Middle Ages; folklore; Jules Massenet; art history; Modernity; literary history; classical music; reception studies; philology; Mary Garden; performance studies,THEMA EDITEUR::A THE ARTS::AG THE ARTS: TREATMENTS AND SUBJECTS::AGA HISTORY OF ART,Arts,8,,0,8,code+subject,strong,code AG +4; subject keyword +4,Y,
The Idea of Progress in Classical Antiquity,Ancient philosophy,"BIC BOOK INDUSTRY COMMUNICATION::H HUMANITIES::HP PHILOSOPHY::HPC HISTORY OF WESTERN PHILOSOPHY::HPCA WESTERN PHILOSOPHY: ANCIENT, TO C 500 | THEMA EDITEUR::Q PHILOSOPHY AND RELIGION::QD PHILOSOPHY::QDH PHILOSOPHICAL TRADITIONS AND SCHOOLS OF THOUGHT::QDHA ANCIENT GREEK AND ROMAN PHILOSOPHY",Arts,8,,0,8,code+subject,strong,code H +2; code Q +2; subject keyword +4,Y,
La fabrique des bébés dans l'Antiquité,Cultural & intellectual history (up to c. 500); Food and society; Ancient Gaul (up to c. 500); Roman Archaeology; Objects and materials (antiquities & material culture),THEMA EDITEUR::N HISTORY AND ARCHAEOLOGY::NH HISTORY::NHT HISTORY: SPECIFIC EVENTS AND TOPICS::NHTB SOCIAL AND CULTURAL HISTORY,Arts,6,,0,6,code+subject,strong,code N +2; subject keyword +4,Y,
Compêndio de Direito Empresarial,Business law; enterprises; traders; acts of commerce; commercial companies,THEMA EDITEUR::L LAW,Law,11,Commerce,4,7,code+subject+abstract+title,strong,code L +2; subject keyword +4; abstract +1; title +4,Y,
Catalogue of books printed before 1801 in the legal historical section of the Biblioteca di Scienze Sociali dell’Universit&agrave; degli Studi di Firenze,,BIC BOOK INDUSTRY COMMUNICATION::L LAW,Law,7,,0,7,code+title+abstract,strong,code L +2; title +4; abstract +1,Y,
Public Health,Public health & preventive medicine,THEMA EDITEUR::M MEDICINE AND NURSING::MB MEDICINE: GENERAL ISSUES::MBN PUBLIC HEALTH AND PREVENTIVE MEDICINE,Medical Sciences,22,Nursing,1,21,code+subject+title+abstract,strong,code MB +4; code MBN +5; subject keyword +4; title +4; abstract +1; subject keyword +4,Y,
Women in Business,n/a; gender stratification; gender; role salience; female entrepreneurship; motherhood; new high-technology ventures; high tech female entrepreneur; career paths; women founders; mumpreneurs; glass ceiling; public governance; leadership,"THEMA EDITEUR::K ECONOMICS, FINANCE, BUSINESS AND MANAGEMENT::KN INDUSTRY AND INDUSTRIAL STUDIES::KNT MEDIA, ENTERTAINMENT, INFORMATION AND COMMUNICATION INDUSTRIES::KNTX INFORMATION TECHNOLOGY INDUSTRIES",Management,9,Commerce,5,4,code+subject+abstract,strong,code KN +4; subject keyword +4; abstract +1,Y,
Transiciones,beginning of higher studies; university entrance and permanence; education policies; democratization of higher education,"BIC BOOK INDUSTRY COMMUNICATION::J SOCIETY & SOCIAL SCIENCES::JN EDUCATION::JNM HIGHER & FURTHER EDUCATION, TERTIARY EDUCATION | THEMA EDITEUR::J SOCIETY AND SOCIAL SCIENCES::JN EDUCATION::JNM HIGHER EDUCATION, TERTIARY EDUCATION",Education and Social Sciences,8,,0,8,code+subject,strong,code JN +4; subject keyword +4,Y,
Scientia Media,Philosophy,BIC BOOK INDUSTRY COMMUNICATION::H HUMANITIES::HR RELIGION & BELIEFS::HRA RELIGION: GENERAL::HRAB PHILOSOPHY OF RELIGION | THEMA EDITEUR::Q PHILOSOPHY AND RELIGION::QR RELIGION AND BELIEFS::QRA RELIGION: GENERAL::QRAB PHILOSOPHY OF RELIGION,Arts,9,,0,9,code+subject+abstract,strong,code H +2; code Q +2; subject keyword +4; abstract +1,Y,
"Sausages: Nutrition, Safety, Processing and Quality Improvement",meat products; antioxidant; antimicrobials; shelf-life; plant extracts; pomegranate; cured meat products; smoking; chemical hazards; polycyclic aromatic hydrocarbons (PAHs); food safety; food quality; lactic acid bacteria; fermented sausages,"THEMA EDITEUR::G REFERENCE, INFORMATION AND INTERDISCIPLINARY SUBJECTS::GP RESEARCH AND INFORMATION: GENERAL | THEMA EDITEUR::P MATHEMATICS AND SCIENCE::PS BIOLOGY, LIFE SCIENCES | THEMA EDITEUR::J SOCIETY AND SOCIAL SCIENCES::JB SOCIETY AND CULTURE: GENERAL::JBC CULTURAL AND MEDIA STUDIES::JBCC CULTURAL STUDIES::JBCC4 CULTURAL STUDIES: FOOD AND SOCIETY",Life Sciences,8,Education and Social Sciences,4,4,code+subject,strong,code PS +4; subject keyword +4,Y,
Die feinen Unterschiede in der Schullaufbahn,Education,BIC BOOK INDUSTRY COMMUNICATION::J SOCIETY & SOCIAL SCIENCES::JN EDUCATION::JNF EDUCATIONAL STRATEGIES & POLICY::JNFN INCLUSIVE EDUCATION / MAINSTREAMING | THEMA EDITEUR::J SOCIETY AND SOCIAL SCIENCES::JN EDUCATION::JNF EDUCATIONAL STRATEGIES AND POLICY::JNFK EDUCATIONAL STRATEGIES AND POLICY: INCLUSION,Education and Social Sciences,8,,0,8,code+subject,strong,code JN +4; subject keyword +4,Y,
Campagnes anti-genre en Europe,mariage entre couples de même sexe; mariage entre personnes du même sexe; mariage gay; Manif pour tous; théorie du genre; gender studies; études de genre; anti-genderisme; idéologie du genre; discours anti-genre; essentialisme; homophobie,"THEMA EDITEUR::J SOCIETY AND SOCIAL SCIENCES::JB SOCIETY AND CULTURE: GENERAL::JBS SOCIAL GROUPS, COMMUNITIES AND IDENTITIES::JBSF GENDER STUDIES, GENDER GROUPS",Education and Social Sciences,8,,0,8,code+subject,strong,code JB +4; subject keyword +4,Y,
The Experimental Side of Modeling,Philosophy; General Science,THEMA EDITEUR::Q PHILOSOPHY AND RELIGION::QD PHILOSOPHY | THEMA EDITEUR::P MATHEMATICS AND SCIENCE::PD SCIENCE: GENERAL ISSUES | THEMA EDITEUR::P MATHEMATICS AND SCIENCE::PD SCIENCE: GENERAL ISSUES::PDA PHILOSOPHY OF SCIENCE,Arts,7,Science,2,5,code+subject+abstract,strong,code Q +2; subject keyword +4; abstract +1,Y,
Industrialização do ensino e política de educação a distância,"Open learning, distance education","BIC BOOK INDUSTRY COMMUNICATION::J SOCIETY & SOCIAL SCIENCES::JN EDUCATION::JNQ OPEN LEARNING, HOME LEARNING, DISTANCE EDUCATION | THEMA EDITEUR::J SOCIETY AND SOCIAL SCIENCES::JN EDUCATION::JNQ OPEN LEARNING, DISTANCE EDUCATION",Education and Social Sciences,12,,0,12,code+subject+title,strong,code JN +4; subject keyword +4; title +4,Y,
Retratos foucaultianos da deficiência e da ingovernabilidade na escola,"Foucault, Filosofia, Educação Inclusiva, Biopolítica, Educação-Filosofia .",JNFN,Education and Social Sciences,9,,0,9,code+abstract+subject,strong,code JNFN +4; abstract +1; subject keyword +4,Y,
Complementary Pediatrics,Paediatric medicine,"THEMA EDITEUR::M MEDICINE AND NURSING::MK MEDICAL SPECIALTIES, BRANCHES OF MEDICINE::MKD PAEDIATRIC MEDICINE",Medical Sciences,17,,0,17,code+subject+title+abstract,strong,code MK +4; subject keyword +4; title +4; abstract +1; subject keyword +4,Y,
Entre mythe et histoire,Christianisme; Religion; Église chrétienne; Évangile; Texte sacré; Empire romain,THEMA EDITEUR::Q PHILOSOPHY AND RELIGION::QR RELIGION AND BELIEFS::QRA RELIGION: GENERAL::QRAX HISTORY OF RELIGION,Arts,6,,0,6,code+subject,strong,code Q +2; subject keyword +4,Y,
New Research Advances on Marine Invertebrates,holothuroidea; deep sea; elasipodida; anatomy; morphology; sea cucumbers; crustacean; vasculature; extracellular matrix; basement membrane; connective tissue sheath; fibrillin; Trichoplax; Placozoa,"THEMA EDITEUR::G REFERENCE, INFORMATION AND INTERDISCIPLINARY SUBJECTS::GP RESEARCH AND INFORMATION: GENERAL | THEMA EDITEUR::P MATHEMATICS AND SCIENCE::PS BIOLOGY, LIFE SCIENCES | THEMA EDITEUR::P MATHEMATICS AND SCIENCE::PS BIOLOGY, LIFE SCIENCES::PSV ZOOLOGY AND ANIMAL SCIENCES",Life Sciences,8,Electronics & Telecommunication Engineering,4,4,code+subject,strong,code PS +4; subject keyword +4,Y,
Actitudes y comportamientos ambientales en estudiantes universitarios,actitud ambiental; conducta ambienta; educación ambiental,BIC BOOK INDUSTRY COMMUNICATION::J SOCIETY & SOCIAL SCIENCES::JN EDUCATION | THEMA EDITEUR::J SOCIETY AND SOCIAL SCIENCES::JN EDUCATION,Education and Social Sciences,8,,0,8,code+subject,strong,code JN +4; subject keyword +4,Y,
Comparative Literature,,THEMA EDITEUR::N HISTORY AND ARCHAEOLOGY::NH HISTORY,Arts,7,Education and Social Sciences,1,6,code+title+abstract,strong,code N +2; title +4; abstract +1,Y,
Personalized Medicine in Epidemics,diabetes mellitus; cluster analyses; risk factors; micro- and macrovascular disease; hyperuricemia; sex; renal progression; chronic kidney disease; disability; children; oral health; caries; dental treatment; personalized medicine,"THEMA EDITEUR::M MEDICINE AND NURSING | THEMA EDITEUR::M MEDICINE AND NURSING::MK MEDICAL SPECIALTIES, BRANCHES OF MEDICINE::MKG PHARMACOLOGY",Medical Sciences,22,Dental,9,13,code+subject+title+abstract,strong,code MK +4; subject keyword +4; title +4; abstract +1; subject keyword +4; title +4; abstract +1,Y,
Chrétiens de Chine,Religion; Christianisme; Subjectivation,"THEMA EDITEUR::N HISTORY AND ARCHAEOLOGY::NH HISTORY::NHF ASIAN HISTORY | THEMA EDITEUR::J SOCIETY AND SOCIAL SCIENCES::JB SOCIETY AND CULTURE: GENERAL::JBS SOCIAL GROUPS, COMMUNITIES AND IDENTITIES::JBSR SOCIAL GROUPS: RELIGIOUS GROUPS AND COMMUNITIES | THEMA EDITEUR::Q PHILOSOPHY AND RELIGION::QR RELIGION AND BELIEFS::QRM CHRISTIANITY",Arts,8,Education and Social Sciences,4,4,code+subject,strong,code N +2; code Q +2; subject keyword +4,Y,
Wissen und Begründen,Wissensgesellschaft; Soziologie; Evidenz; Technikforschung; Bildung; Studium; Technikgeschichte; interdisziplinär; Evidenzpraktiken; Intelligenz,BIC BOOK INDUSTRY COMMUNICATION::J SOCIETY & SOCIAL SCIENCES::JF SOCIETY & CULTURE: GENERAL::JFF SOCIAL ISSUES & PROCESSES::JFFP SOCIAL INTERACTION,Education and Social Sciences,8,Medical Sciences,1,7,code+subject,strong,code JF +4; subject keyword +4,Y,
Chemical Kinetics and Catalysis,Physical chemistry,THEMA EDITEUR::P MATHEMATICS AND SCIENCE::PN CHEMISTRY::PNR PHYSICAL CHEMISTRY,Chemistry,13,Civil / Construction Engineering,1,12,code+subject+title+abstract,strong,code PN +4; subject keyword +4; title +4; abstract +1,Y,
Mosquito-Borne Tropical Diseases,Medical / Infectious Diseases,THEMA EDITEUR::M MEDICINE AND NURSING::MJ CLINICAL AND INTERNAL MEDICINE::MJC DISEASES AND DISORDERS::MJCJ INFECTIOUS AND CONTAGIOUS DISEASES,Medical Sciences,9,Civil / Construction Engineering,1,8,code+subject+abstract,strong,code MJ +4; subject keyword +4; abstract +1,Y,
Therapeutic Hypothermia in Brain Injury,Cognition & cognitive psychology,BIC BOOK INDUSTRY COMMUNICATION::J SOCIETY & SOCIAL SCIENCES::JM PSYCHOLOGY::JMR COGNITION & COGNITIVE PSYCHOLOGY | THEMA EDITEUR::J SOCIETY AND SOCIAL SCIENCES::JM PSYCHOLOGY::JMR COGNITION AND COGNITIVE PSYCHOLOGY,Education and Social Sciences,12,Medical Sciences,5,7,code+subject,strong,code JM +4; subject keyword +4; subject keyword +4,N,"Therapeutic hypothermia in brain injury is medical, not Education and Social Sciences"
Decolonizing Pedagogy in Post-Apartheid South Africa,Education policy; Strategy and reform; Teacher training and professional development,THEMA EDITEUR::J SOCIETY AND SOCIAL SCIENCES::JN EDUCATION::JNF EDUCATIONAL STRATEGIES AND POLICY,Education and Social Sciences,18,,0,18,code+subject+title+abstract,strong,code JN +4; subject keyword +4; title +4; abstract +1; title +4; abstract +1,Y,
Éducations sentimentales en contextes orientaux,éducation sentimentale; genre; norme; Orient; représentation; sexualité,"THEMA EDITEUR::J SOCIETY AND SOCIAL SCIENCES::JB SOCIETY AND CULTURE: GENERAL::JBS SOCIAL GROUPS, COMMUNITIES AND IDENTITIES::JBSF GENDER STUDIES, GENDER GROUPS",Education and Social Sciences,12,,0,12,code+subject+title,strong,code JB +4; subject keyword +4; title +4,Y,
Transition Metals,Science / Chemistry / Inorganic,THEMA EDITEUR::P MATHEMATICS AND SCIENCE::PN CHEMISTRY::PNK INORGANIC CHEMISTRY,Chemistry,9,Material Science,1,8,code+subject+abstract,strong,code PN +4; subject keyword +4; abstract +1,Y,
Surgical Challenges in the Management of Liver Disease,"liver surgery, colorectal cancer, regeneration, liver transplantation, liver cancer, hypothermia",THEMA EDITEUR::M MEDICINE AND NURSING::MN SURGERY::MNC GENERAL SURGERY,Medical Sciences,14,,0,14,code+subject+title+abstract,strong,code MN +4; subject keyword +4; title +4; abstract +1; abstract +1,Y,
IoT Applications Computing,Artificial intelligence,THEMA EDITEUR::U COMPUTING AND INFORMATION TECHNOLOGY::UY COMPUTER SCIENCE::UYQ ARTIFICIAL INTELLIGENCE,Computer / IT,13,Agriculture,2,11,code+subject+title+abstract,strong,code UY +4; subject keyword +4; title +4; abstract +1,Y,
Common Battlefield Training for Airmen,Management & Organizational Behavior,"THEMA EDITEUR::K ECONOMICS, FINANCE, BUSINESS AND MANAGEMENT::KJ BUSINESS AND MANAGEMENT::KJM MANAGEMENT AND MANAGEMENT TECHNIQUES::KJMV MANAGEMENT OF SPECIFIC AREAS::KJMV2 PERSONNEL AND HUMAN RESOURCES MANAGEMENT",Management,13,,0,13,code+subject,strong,code KJ +4; code KJM +5; subject keyword +4,Y,
Expansão e mudanças tecnológicas no agronegócio canavieiro,Animal husbandry,"THEMA EDITEUR::T TECHNOLOGY, ENGINEERING, AGRICULTURE, INDUSTRIAL PROCESSES::TV AGRICULTURE AND FARMING::TVH ANIMAL HUSBANDRY",Agriculture,8,,0,8,code+subject,strong,code TV +4; subject keyword +4,Y,
Leukemia,chemotherapy; drug resistance; acute myeloid leukemia; cancer; gene therapy; elderly,THEMA EDITEUR::M MEDICINE AND NURSING::MJ CLINICAL AND INTERNAL MEDICINE::MJC DISEASES AND DISORDERS::MJCL ONCOLOGY,Medical Sciences,9,Life Sciences,1,8,code+subject+abstract,strong,code MJ +4; subject keyword +4; abstract +1,Y,
Renascent Empire?,History,THEMA EDITEUR::N HISTORY AND ARCHAEOLOGY::NH HISTORY | THEMA EDITEUR::N HISTORY AND ARCHAEOLOGY::NH HISTORY::NHT HISTORY: SPECIFIC EVENTS AND TOPICS::NHTB SOCIAL AND CULTURAL HISTORY,Arts,7,,0,7,code+subject+abstract,strong,code N +2; subject keyword +4; abstract +1,Y,
New Perspectives on Asthma,cytokines; biomarker; proteins; mirnas; disease management; chemokines,THEMA EDITEUR::M MEDICINE AND NURSING::MJ CLINICAL AND INTERNAL MEDICINE::MJL RESPIRATORY MEDICINE,Medical Sciences,9,Education and Social Sciences,1,8,code+subject+abstract,strong,code MJ +4; subject keyword +4; abstract +1,Y,
Evaluating the Effectiveness of Correctional Education,Education; Political Science; Sociology,"BIC BOOK INDUSTRY COMMUNICATION::J SOCIETY & SOCIAL SCIENCES::JN EDUCATION::JNK ORGANIZATION & MANAGEMENT OF EDUCATION::JNKD EXAMINATIONS & ASSESSMENT | BIC BOOK INDUSTRY COMMUNICATION::J SOCIETY & SOCIAL SCIENCES::JK SOCIAL SERVICES & WELFARE, CRIMINOLOGY::JKS SOCIAL WELFARE & SOCIAL SERVICES::JKSW EMERGENCY SERVICES::JKSW1 POLICE & SECURITY SERVICES | THEMA EDITEUR::J SOCIETY AND SOCIAL SCIENCES::JN EDUCATION::JND EDUCATIONAL SYSTEMS AND STRUCTURES::JNDH EDUCATION: EXAMINATIONS AND ASSESSMENT",Education and Social Sciences,21,Arts,1,20,code+subject+title+abstract,strong,code JN +4; code JK +4; subject keyword +4; title +4; abstract +1; subject keyword +4,Y,
As experiências de República no município de Franca (1880-1906),History of the Americas,THEMA EDITEUR::N HISTORY AND ARCHAEOLOGY::NH HISTORY::NHK HISTORY OF THE AMERICAS,Arts,6,,0,6,code+subject,strong,code N +2; subject keyword +4,Y,
The Americanization of the Jews,Sociology,"THEMA EDITEUR::J SOCIETY AND SOCIAL SCIENCES::JB SOCIETY AND CULTURE: GENERAL::JBS SOCIAL GROUPS, COMMUNITIES AND IDENTITIES::JBSL ETHNIC STUDIES",Education and Social Sciences,12,Life Sciences,1,11,code+subject,strong,code JB +4; subject keyword +4; subject keyword +4,Y,
Reparable Harm,Sociology; Education; Health Sciences,BIC BOOK INDUSTRY COMMUNICATION::J SOCIETY & SOCIAL SCIENCES::JN EDUCATION::JNF EDUCATIONAL STRATEGIES & POLICY | BIC BOOK INDUSTRY COMMUNICATION::M MEDICINE::MB MEDICINE: GENERAL ISSUES::MBQ MEDICOLEGAL ISSUES | BIC BOOK INDUSTRY COMMUNICATION::J SOCIETY & SOCIAL SCIENCES::JF SOCIETY & CULTURE: GENERAL::JFS SOCIAL GROUPS::JFSP AGE GROUPS::JFSP1 AGE GROUPS: CHILDREN,Education and Social Sciences,20,Medical Sciences,4,16,code+subject,strong,code JN +4; code JF +4; code JB +4; subject keyword +4; subject keyword +4,Y,
La lengua coloquial de la comedia aristofánica,Language and literature.Criticism and interpretation; Aristophanes - Language; Aristopanes - Criticism and interpretation,"THEMA EDITEUR::D BIOGRAPHY, LITERATURE AND LITERARY STUDIES::DB ANCIENT, CLASSICAL AND MEDIEVAL TEXTS::DBS ANCIENT SAGAS AND EPICS::DBSG ANCIENT GREEK AND ROMAN LITERATURE",Arts,6,,0,6,code+subject,strong,code D +2; subject keyword +4,Y,
Cytokines,Immunology,THEMA EDITEUR::M MEDICINE AND NURSING::MJ CLINICAL AND INTERNAL MEDICINE::MJC DISEASES AND DISORDERS::MJCM IMMUNOLOGY,Medical Sciences,9,Dental,2,7,code+subject+abstract,strong,code MJ +4; subject keyword +4; abstract +1,Y,
Per una dimensione imperiale,"University,Venice,Balkans,Cultural history,Fascism,Racism,Imperialism,Africa,Colonialism,Myth",THEMA EDITEUR::N HISTORY AND ARCHAEOLOGY::NH HISTORY,Arts,6,,0,6,code+subject,strong,code N +2; subject keyword +4,Y,
"Le nazisme, fausse éducation, véritable dressage",éducation; enfant; propagande; fascisme; nazisme; élève; endoctrinement; dressage,"BIC BOOK INDUSTRY COMMUNICATION::J SOCIETY & SOCIAL SCIENCES::JN EDUCATION::JNM HIGHER & FURTHER EDUCATION, TERTIARY EDUCATION | THEMA EDITEUR::J SOCIETY AND SOCIAL SCIENCES::JN EDUCATION::JNM HIGHER EDUCATION, TERTIARY EDUCATION",Education and Social Sciences,12,,0,12,code+subject+title,strong,code JN +4; subject keyword +4; title +4,Y,
Advances in Parvovirus Research 2022,parvovirus B19; synthetic genome; genetic engineering; replicon unit; functional complementation; B19V; VP1u; VP1uR; receptor; tropism; primate erythroparvovirus; simian erythroparvovirus; rhesus erythroparvovirus; pig-tailed erythroparvovirus,THEMA EDITEUR::M MEDICINE AND NURSING | THEMA EDITEUR::M MEDICINE AND NURSING::MB MEDICINE: GENERAL ISSUES::MBN PUBLIC HEALTH AND PREVENTIVE MEDICINE::MBNS EPIDEMIOLOGY AND MEDICAL STATISTICS,Medical Sciences,14,Life Sciences,5,9,code+subject+abstract,strong,code MB +4; code MBN +5; subject keyword +4; abstract +1,Y,
Da universidade necessária à universidade para além do capital,Ensino superior e Estado; Neoliberalismo; Democracia e educação; Liberdade de ensino; Liberdade intelectual,JNMN,Education and Social Sciences,9,,0,9,code+abstract+subject,strong,code JNMN +4; abstract +1; subject keyword +4,Y,
Traumatic Brain Injury as a Systems Neuroscience Problem,Traumatic Brain Injury; neural circuits; neural networks; Systems neuroscience; Neuromodulation,"THEMA EDITEUR::P MATHEMATICS AND SCIENCE::PS BIOLOGY, LIFE SCIENCES::PSA LIFE SCIENCES: GENERAL ISSUES::PSAN NEUROSCIENCES",Life Sciences,13,Medical Sciences,1,12,code+subject+title+abstract,strong,code PS +4; subject keyword +4; title +4; abstract +1,Y,
Temporomandibular Joint,Other branches of medicine,"THEMA EDITEUR::M MEDICINE AND NURSING::MK MEDICAL SPECIALTIES, BRANCHES OF MEDICINE::MKE DENTISTRY::MKEP ORAL AND MAXILLOFACIAL SURGERY",Medical Sciences,13,Dental,1,12,code+subject+abstract,strong,code MK +4; subject keyword +4; abstract +1; subject keyword +4,Y,
O que os pares de Teletandem (não) negociam,Teaching skills and techniques,THEMA EDITEUR::J SOCIETY AND SOCIAL SCIENCES::JN EDUCATION::JNT TEACHING SKILLS AND TECHNIQUES,Education and Social Sciences,8,,0,8,code+subject,strong,code JN +4; subject keyword +4,Y,
Committed,History of the Americas,THEMA EDITEUR::N HISTORY AND ARCHAEOLOGY::NH HISTORY::NHK HISTORY OF THE AMERICAS,Arts,7,,0,7,code+subject+abstract,strong,code N +2; subject keyword +4; abstract +1,Y,
The Psychgeist of Pop Culture,Pop culture; Psychology; Fantasy; Game analysis; Video games; Stardew valley,THEMA EDITEUR::J SOCIETY AND SOCIAL SCIENCES::JB SOCIETY AND CULTURE: GENERAL::JBC CULTURAL AND MEDIA STUDIES::JBCC CULTURAL STUDIES::JBCC1 POPULAR CULTURE,Education and Social Sciences,13,Agriculture,1,12,code+subject+abstract,strong,code JB +4; subject keyword +4; subject keyword +4; abstract +1,Y,
Estudio Comparativo entre Lenguajes Textuales y Lenguajes Visuales Caso: PiCO y GraPiCO,Ingeniería de sistemas; PiCo y GraPiCO; Lenguajes de programación; Estudio comparativo,THEMA EDITEUR::U COMPUTING AND INFORMATION TECHNOLOGY::UM COMPUTER PROGRAMMING / SOFTWARE ENGINEERING::UMA PROGRAMMING TECHNIQUES,Computer / IT,8,,0,8,code+subject,strong,code UM +4; subject keyword +4,Y,
Physiological and Molecular Biology of Ornamental Plants,Ornamental Plants; Floral Color; Floral Scent; Nutritional Development and Utilization; Stress Tolerance,"THEMA EDITEUR::G REFERENCE, INFORMATION AND INTERDISCIPLINARY SUBJECTS::GP RESEARCH AND INFORMATION: GENERAL | THEMA EDITEUR::P MATHEMATICS AND SCIENCE::PS BIOLOGY, LIFE SCIENCES",Life Sciences,9,,0,9,code+title+abstract,strong,code PS +4; title +4; abstract +1,Y,
Black Students in Imperial Britain,History; British Studies; European Studies,THEMA EDITEUR::N HISTORY AND ARCHAEOLOGY::NH HISTORY::NHT HISTORY: SPECIFIC EVENTS AND TOPICS::NHTB SOCIAL AND CULTURAL HISTORY | THEMA EDITEUR::N HISTORY AND ARCHAEOLOGY::NH HISTORY::NHD EUROPEAN HISTORY,Arts,7,,0,7,code+subject+abstract,strong,code N +2; subject keyword +4; abstract +1,Y,
"New Literacies in the Age of AI: Ethics, Teaching, and Writing (English Version)","Digital Literacy, Academic Authorship, Educational Assessment, AI Ethics, Teacher Education, Artificial Intelligence",THEMA EDITEUR::U COMPUTING AND INFORMATION TECHNOLOGY::UY COMPUTER SCIENCE::UYQ ARTIFICIAL INTELLIGENCE | THEMA EDITEUR::J SOCIETY AND SOCIAL SCIENCES::JN EDUCATION,Education and Social Sciences,14,Computer / IT,9,5,code+subject+title+abstract,strong,code JN +4; subject keyword +4; title +4; abstract +1; abstract +1,Y,
Facing the Challenges of Whole-School Reform,Education; Sociology,BIC BOOK INDUSTRY COMMUNICATION::J SOCIETY & SOCIAL SCIENCES::JN EDUCATION::JNF EDUCATIONAL STRATEGIES & POLICY | BIC BOOK INDUSTRY COMMUNICATION::J SOCIETY & SOCIAL SCIENCES::JF SOCIETY & CULTURE: GENERAL::JFS SOCIAL GROUPS::JFSP AGE GROUPS::JFSP1 AGE GROUPS: CHILDREN | THEMA EDITEUR::J SOCIETY AND SOCIAL SCIENCES::JN EDUCATION::JNF EDUCATIONAL STRATEGIES AND POLICY,Education and Social Sciences,21,,0,21,code+subject+abstract,strong,code JN +4; code JF +4; code JB +4; subject keyword +4; abstract +1; subject keyword +4,Y,
Alone in a Crowd,Discrimination in employment & harassment law,THEMA EDITEUR::L LAW::LN LAWS OF SPECIFIC JURISDICTIONS AND SPECIFIC AREAS OF LAW::LNH EMPLOYMENT AND LABOUR LAW: GENERAL::LNHD DISCRIMINATION IN EMPLOYMENT AND HARASSMENT LAW,Law,6,,0,6,code+subject,strong,code L +2; subject keyword +4,Y,
La protección del menor en el derecho europeo y español,,THEMA EDITEUR::L LAW::LN LAWS OF SPECIFIC JURISDICTIONS AND SPECIFIC AREAS OF LAW,Law,6,,0,6,code+title,strong,code L +2; title +4,Y,
Staging Governance,Literature: history & criticism,"THEMA EDITEUR::D BIOGRAPHY, LITERATURE AND LITERARY STUDIES::D BIOGRAPHY, LITERATURE AND LITERARY STUDIES::DS LITERATURE: HISTORY AND CRITICISM",Arts,6,Commerce,1,5,code+subject,strong,code D +2; subject keyword +4,Y,
The Nature of Northern Australia,Ecology & Evolutionary Biology; Geology,"THEMA EDITEUR::P MATHEMATICS AND SCIENCE::PS BIOLOGY, LIFE SCIENCES::PSA LIFE SCIENCES: GENERAL ISSUES::PSAF ECOLOGICAL SCIENCE, THE BIOSPHERE | THEMA EDITEUR::R EARTH SCIENCES, GEOGRAPHY, ENVIRONMENT, PLANNING::RB EARTH SCIENCES::RBG GEOLOGY, GEOMORPHOLOGY AND THE LITHOSPHERE",Life Sciences,9,Science,5,4,code+subject+abstract,strong,code PS +4; subject keyword +4; abstract +1,Y,
Norma Giarracca,Sociology,"THEMA EDITEUR::J SOCIETY AND SOCIAL SCIENCES::JB SOCIETY AND CULTURE: GENERAL::JBS SOCIAL GROUPS, COMMUNITIES AND IDENTITIES::JBSC RURAL COMMUNITIES",Education and Social Sciences,12,,0,12,code+subject,strong,code JB +4; subject keyword +4; subject keyword +4,Y,
Pursuing Whiteness in the Colonies,colonies; egodocuments; colonial history; Gender Studies; postcolonial theories,THEMA EDITEUR::N HISTORY AND ARCHAEOLOGY::NH HISTORY::NHT HISTORY: SPECIFIC EVENTS AND TOPICS::NHTQ COLONIALISM AND IMPERIALISM,Arts,7,Education and Social Sciences,4,3,code+subject+abstract,strong,code N +2; subject keyword +4; abstract +1,Y,
The Rhythm of Strategy,Sociology; Economics,"THEMA EDITEUR::K ECONOMICS, FINANCE, BUSINESS AND MANAGEMENT::KC ECONOMICS | THEMA EDITEUR::J SOCIETY AND SOCIAL SCIENCES::JH SOCIOLOGY AND ANTHROPOLOGY::JHB SOCIOLOGY",Education and Social Sciences,12,Commerce,8,4,code+subject,strong,code JH +4; subject keyword +4; subject keyword +4,Y,
Der Schutz des öffentlichen Rechts. Die neueste Entwicklung des Gemeindeverfassungsrechts. Verhandlungen der Tagung der deutschen Staatsrechtslehrer zu Leipzig am 10. und 11. März 1925. Mit Eröffnungs- und Begrüßungsansprachen sowie einer Zusammenfassung der Diskussionsreden,constitutional law; fundamental rights; democracy,BIC BOOK INDUSTRY COMMUNICATION::L LAW,Law,6,,0,6,code+subject,strong,code L +2; subject keyword +4,Y,
Historia del desasosiego,History of the Americas,THEMA EDITEUR::N HISTORY AND ARCHAEOLOGY::NH HISTORY::NHK HISTORY OF THE AMERICAS,Arts,6,,0,6,code+subject,strong,code N +2; subject keyword +4,Y,
Cultural Heritage as a Contributor to Territorial/Urban Resilience,Cultural values; Resilience; Territories; Architecture; Transformation; Identity; Networking; Regeneration; Rural Heritage; Cultural recovery; Maritime Cultural Heritage; Blue Economy; Smart Specialization,THEMA EDITEUR::A THE ARTS | THEMA EDITEUR::A THE ARTS::AM ARCHITECTURE,Architecture,8,Science,1,7,code+subject,strong,code AM +4; subject keyword +4,Y,
My Amiable Uncle,History of the Americas,THEMA EDITEUR::N HISTORY AND ARCHAEOLOGY::NH HISTORY::NHK HISTORY OF THE AMERICAS,Arts,6,,0,6,code+subject,strong,code N +2; subject keyword +4,Y,
Art and Challenges Involved in the Treatment of Ischaemic Damage,Surgery,THEMA EDITEUR::M MEDICINE AND NURSING::MN SURGERY::MNJ VASCULAR SURGERY,Medical Sciences,8,,0,8,code+subject,strong,code MN +4; subject keyword +4,Y,
High Performance Concrete Technology and Applications,"cement, microstructure, mechanical properties, energy, photocatalysis, fatigue","THEMA EDITEUR::T TECHNOLOGY, ENGINEERING, AGRICULTURE, INDUSTRIAL PROCESSES::TN CIVIL ENGINEERING, SURVEYING AND BUILDING",Civil / Construction Engineering,9,,0,9,code+title+abstract,strong,code TN +4; title +4; abstract +1,Y,
"Pouvoir, religion et colonisation sous l’Ancien Régime",Missions catholiques; Église; Colonisation,THEMA EDITEUR::N HISTORY AND ARCHAEOLOGY::NH HISTORY::NHD EUROPEAN HISTORY | THEMA EDITEUR::N HISTORY AND ARCHAEOLOGY::NH HISTORY::NHB GENERAL AND WORLD HISTORY | THEMA EDITEUR::N HISTORY AND ARCHAEOLOGY::NH HISTORY::NHK HISTORY OF THE AMERICAS,Arts,6,,0,6,code+title,strong,code N +2; title +4,Y,
An International Perspective on Topics in Sports Medicine and Sports Injury,Anatomy,THEMA EDITEUR::M MEDICINE AND NURSING::MB MEDICINE: GENERAL ISSUES::MBX HISTORY OF MEDICINE,Medical Sciences,18,Physiotherapy,5,13,code+subject+title+abstract,strong,code MB +4; subject keyword +4; title +4; abstract +1; title +4; abstract +1,Y,
Supply Chain Management,Purchasing & supply management,"THEMA EDITEUR::K ECONOMICS, FINANCE, BUSINESS AND MANAGEMENT::KJ BUSINESS AND MANAGEMENT::KJM MANAGEMENT AND MANAGEMENT TECHNIQUES::KJMV MANAGEMENT OF SPECIFIC AREAS::KJMV8 PURCHASING AND SUPPLY MANAGEMENT",Management,14,Mechanical Engineering,1,13,code+title+abstract,strong,code KJ +4; code KJM +5; title +4; abstract +1,Y,
Electroretinograms,Pathology,"THEMA EDITEUR::M MEDICINE AND NURSING::MK MEDICAL SPECIALTIES, BRANCHES OF MEDICINE::MKF PATHOLOGY",Medical Sciences,9,,0,9,code+subject+abstract,strong,code MK +4; subject keyword +4; abstract +1,Y,
Prevention and Management of Frailty,brain stimulation; dementia; meta-analysis; naming; primary progressive aphasia; qualitative evaluation; cognitive function; data mining; Parkinson’s disease with mild cognitive impairment; random forest; neuropsychological test; motoric cognitive risk syndrome; fall; gait speed,THEMA EDITEUR::M MEDICINE AND NURSING::MB MEDICINE: GENERAL ISSUES::MBN PUBLIC HEALTH AND PREVENTIVE MEDICINE,Medical Sciences,13,Nursing,5,8,code+subject,strong,code MB +4; code MBN +5; subject keyword +4,Y,
Picture Research,digitization; disintermediation; intermediation; media history; media work; history of photography; photography archives; photography and business; photo library; picture library; picture research; picture industry,"THEMA EDITEUR::A THE ARTS::AJ PHOTOGRAPHY AND PHOTOGRAPHS | THEMA EDITEUR::G REFERENCE, INFORMATION AND INTERDISCIPLINARY SUBJECTS::GL LIBRARY AND INFORMATION SCIENCES / MUSEOLOGY::GLZ MUSEOLOGY AND HERITAGE STUDIES | THEMA EDITEUR::G REFERENCE, INFORMATION AND INTERDISCIPLINARY SUBJECTS::GL LIBRARY AND INFORMATION SCIENCES / MUSEOLOGY::GLF IT, INTERNET AND ELECTRONIC RESOURCES IN LIBRARIES",Arts,8,Computer / IT,1,7,code+subject,strong,code AJ +4; subject keyword +4,Y,
¿Cuánta biodiversidad necesitamos para vivir en el planeta?,Mathematics and Sciences.Environment; Mathematics and Sciences.Biology,"THEMA EDITEUR::R EARTH SCIENCES, GEOGRAPHY, ENVIRONMENT, PLANNING::RN THE ENVIRONMENT::RNC APPLIED ECOLOGY::RNCB BIODIVERSITY | THEMA EDITEUR::R EARTH SCIENCES, GEOGRAPHY, ENVIRONMENT, PLANNING::RN THE ENVIRONMENT::RNT SOCIAL IMPACT OF ENVIRONMENTAL ISSUES",Life Sciences,8,Science,4,4,code+subject,strong,code RN +4; subject keyword +4,Y,
Zgodovinska kartografija ozemlja Slovenije,cartography; geography; history; maps; Slovenia; geografija; kartografija; Slovenija; zemljevidi; zgodovina,THEMA EDITEUR::1 PLACE QUALIFIERS::1D EUROPE::1DX SOUTHEAST EUROPE::1DXV SLOVENIA | THEMA EDITEUR::N HISTORY AND ARCHAEOLOGY::NH HISTORY::NHT HISTORY: SPECIFIC EVENTS AND TOPICS::NHTP HISTORICAL GEOGRAPHY::NHTP1 HISTORICAL MAPS AND ATLASES,Arts,7,,0,7,code+subject+abstract,strong,code N +2; subject keyword +4; abstract +1,Y,
Dystonia,Neurology & clinical neurophysiology,"THEMA EDITEUR::M MEDICINE AND NURSING::MK MEDICAL SPECIALTIES, BRANCHES OF MEDICINE::MKJ NEUROLOGY AND CLINICAL NEUROPHYSIOLOGY",Medical Sciences,10,,0,10,code+subject+abstract,strong,code MK +4; subject keyword +4; abstract +1; abstract +1,Y,
Home,home; dwelling; house; domestic space; migration; literature and arts,"THEMA EDITEUR::A THE ARTS::AB THE ARTS: GENERAL TOPICS::ABA THEORY OF ART | THEMA EDITEUR::D BIOGRAPHY, LITERATURE AND LITERARY STUDIES::DS LITERATURE: HISTORY AND CRITICISM",Arts,10,,0,10,code+subject,strong,code AB +4; code D +2; subject keyword +4,Y,
The Medieval and Ottoman Hajj Route in Jordan,Archaeology,THEMA EDITEUR::N HISTORY AND ARCHAEOLOGY::NK ARCHAEOLOGY,Arts,6,Architecture,1,5,code+subject,strong,code N +2; subject keyword +4,Y,
Documenting and Assessing Learning in Informal and Media-Rich Environments,Educational strategies and policy; Education: examinations and assessment,BIC BOOK INDUSTRY COMMUNICATION::J SOCIETY & SOCIAL SCIENCES::JN EDUCATION::JNK ORGANIZATION & MANAGEMENT OF EDUCATION::JNKD EXAMINATIONS & ASSESSMENT | THEMA EDITEUR::J SOCIETY AND SOCIAL SCIENCES::JN EDUCATION::JND EDUCATIONAL SYSTEMS AND STRUCTURES::JNDH EDUCATION: EXAMINATIONS AND ASSESSMENT,Education and Social Sciences,8,Arts,1,7,code+subject,strong,code JN +4; subject keyword +4,Y,
Les religions dans le monde romain : Cultes locaux et dieux romains en Gaule de la fin de la République au iiie siècle après J.-C,Gaule; religion gallo-romaine; interprétation; dieu romain,"THEMA EDITEUR::D BIOGRAPHY, LITERATURE AND LITERARY STUDIES::D BIOGRAPHY, LITERATURE AND LITERARY STUDIES::DN BIOGRAPHY AND NON-FICTION PROSE",Arts,6,,0,6,code+subject,strong,code D +2; subject keyword +4,Y,
Urological Cancer 2022,high-risk prostate cancer; androgen receptor axis; castration resistance; neuroendocrine carcinoma; PARP inhibition; immunotherapy; cancer genome; precision targeting; robot-assisted partial nephrectomy; renal cell carcinoma; indocyanine green; nephron sparing; prostate cancer survivors; follow-up care,THEMA EDITEUR::M MEDICINE AND NURSING | THEMA EDITEUR::M MEDICINE AND NURSING::MJ CLINICAL AND INTERNAL MEDICINE::MJC DISEASES AND DISORDERS::MJCL ONCOLOGY,Medical Sciences,13,Science,1,12,code+subject+title+abstract,strong,code MJ +4; subject keyword +4; title +4; abstract +1,Y,
Decision support system for a reactive management of disaster-caused supply chain disturbances,Katastrophenmanagement; Robustheitdisaster management; Unsicherheit; operations research; Operations Research; robustness; uncertainty; scenario technique; Szenariotechnik,"BIC BOOK INDUSTRY COMMUNICATION::K ECONOMICS, FINANCE, BUSINESS & MANAGEMENT::KJ BUSINESS & MANAGEMENT::KJC BUSINESS STRATEGY",Management,9,Commerce,5,4,code+title+abstract,strong,code KJ +4; title +4; abstract +1,Y,
Taxes and Taxation Trends,"economic growth, foreign direct investment, finance, estimation, water management","THEMA EDITEUR::K ECONOMICS, FINANCE, BUSINESS AND MANAGEMENT::KC ECONOMICS::KCM DEVELOPMENT ECONOMICS AND EMERGING ECONOMIES",Commerce,13,Law,1,12,code+subject+title+abstract,strong,code KC +4; subject keyword +4; title +4; abstract +1,Y,
Neznano in pozabljeno iz 18. stoletja na Slovenskem,18th century; collective volume; cultural history; e-books; history; Slovenia; 18. st.; elektronske knjige; kulturna zgodovina; Slovenija; zborniki; zgodovina,THEMA EDITEUR::1 PLACE QUALIFIERS::1D EUROPE::1DX SOUTHEAST EUROPE::1DXV SLOVENIA | THEMA EDITEUR::N HISTORY AND ARCHAEOLOGY | THEMA EDITEUR::3 TIME PERIOD QUALIFIERS::3M C 1500 ONWARDS TO PRESENT DAY,Arts,7,Law,1,6,code+subject+abstract,strong,code N +2; subject keyword +4; abstract +1,Y,
Semantics,Computer science,THEMA EDITEUR::U COMPUTING AND INFORMATION TECHNOLOGY::UY COMPUTER SCIENCE,Computer / IT,9,,0,9,code+subject+abstract,strong,code UY +4; subject keyword +4; abstract +1,Y,
Solid Catalysts for the Upgrading of Renewable Sources,biorefinery; lignin; citronellal; biofuel production; calcination temperature; carbohydrates; biomass valorization; liquid phase reductive depolymerization; terpenoids; heterogeneous catalysis; propylene glycol; transition metals; transfer hydrogenation; acidic clays,THEMA EDITEUR::P MATHEMATICS AND SCIENCE::PN CHEMISTRY,Chemistry,9,Energy,4,5,code+subject+abstract,strong,code PN +4; subject keyword +4; abstract +1,Y,
Rebuilding Central Park,Architecture/Landscape Architecture,THEMA EDITEUR::A THE ARTS::AM ARCHITECTURE::AMV LANDSCAPE ARCHITECTURE AND DESIGN,Architecture,9,,0,9,code+subject+abstract,strong,code AM +4; subject keyword +4; abstract +1,Y,
Cancer: From Genomics to Pharmaceutics,,"THEMA EDITEUR::M MEDICINE AND NURSING::MF PRE-CLINICAL MEDICINE: BASIC SCIENCES::MFN MEDICAL GENETICS | THEMA EDITEUR::M MEDICINE AND NURSING::MJ CLINICAL AND INTERNAL MEDICINE::MJC DISEASES AND DISORDERS::MJCL ONCOLOGY | THEMA EDITEUR::M MEDICINE AND NURSING::MK MEDICAL SPECIALTIES, BRANCHES OF MEDICINE::MKG PHARMACOLOGY",Medical Sciences,12,Dental,5,7,code+title,strong,code MJ +4; code MK +4; title +4,Y,
Adrien Karbowsky,art history; architecture; architect; drawing; collection,"THEMA EDITEUR::A THE ARTS::AG THE ARTS: TREATMENTS AND SUBJECTS::AGA HISTORY OF ART | THEMA EDITEUR::3 TIME PERIOD QUALIFIERS::3M C 1500 ONWARDS TO PRESENT DAY::3MP 20TH CENTURY, C 1900 TO C 1999::3MPB EARLY 20TH CENTURY C 1900 TO C 1950",Arts,8,Architecture,4,4,code+subject,strong,code AG +4; subject keyword +4,Y,
Diverticular Disease of the Colon,Gastroenterology,THEMA EDITEUR::M MEDICINE AND NURSING::MJ CLINICAL AND INTERNAL MEDICINE::MJH GASTROENTEROLOGY,Medical Sciences,9,,0,9,code+title+abstract,strong,code MJ +4; title +4; abstract +1,Y,
The Metaphysics of Color,Epistemology and metaphysics; Philosophy (general),THEMA EDITEUR::Q PHILOSOPHY AND RELIGION::QD PHILOSOPHY::QDT TOPICS IN PHILOSOPHY::QDTJ PHILOSOPHY: METAPHYSICS AND ONTOLOGY | THEMA EDITEUR::P MATHEMATICS AND SCIENCE::PD SCIENCE: GENERAL ISSUES::PDA PHILOSOPHY OF SCIENCE | THEMA EDITEUR::Q PHILOSOPHY AND RELIGION::QD PHILOSOPHY::QDT TOPICS IN PHILOSOPHY::QDTK PHILOSOPHY: EPISTEMOLOGY AND THEORY OF KNOWLEDGE,Arts,6,Science,1,5,code+subject,strong,code Q +2; subject keyword +4,Y,
Emerging and Re-Emerging Diseases—Novel Challenges in Today’s World,trefoil factor family member 2 (TFF2); inflammation; tissue repair; zoonotic disease; Panthera leo; human health; biosecurity; wildlife farming; wildlife trade; disease transmission; BRSV; cattle; isolation; respiratory disorders,THEMA EDITEUR::M MEDICINE AND NURSING | THEMA EDITEUR::M MEDICINE AND NURSING::MB MEDICINE: GENERAL ISSUES::MBN PUBLIC HEALTH AND PREVENTIVE MEDICINE::MBNS EPIDEMIOLOGY AND MEDICAL STATISTICS,Medical Sciences,14,Agriculture,4,10,code+subject+abstract,strong,code MB +4; code MBN +5; subject keyword +4; abstract +1,Y,
Colonial Records of the State of Georgia,History; American Studies,THEMA EDITEUR::N HISTORY AND ARCHAEOLOGY::NH HISTORY::NHK HISTORY OF THE AMERICAS,Arts,6,,0,6,code+subject,strong,code N +2; subject keyword +4,Y,
Mechanical Properties of Advanced Metallic Materials,low cycle fatigue; microstructure; titanium alloys; thermal-mechanical alleviation; current; plasma arc cladding technology; 2205 duplex stainless steel; potentiodynamic polarization curve; passive film composition; aluminum micron powder; microwave radiation; energetic material; aluminized high-energy material; high-speed imaging,"THEMA EDITEUR::T TECHNOLOGY, ENGINEERING, AGRICULTURE, INDUSTRIAL PROCESSES::TB TECHNOLOGY: GENERAL ISSUES | THEMA EDITEUR::T TECHNOLOGY, ENGINEERING, AGRICULTURE, INDUSTRIAL PROCESSES::TB TECHNOLOGY: GENERAL ISSUES::TBX HISTORY OF ENGINEERING AND TECHNOLOGY | THEMA EDITEUR::T TECHNOLOGY, ENGINEERING, AGRICULTURE, INDUSTRIAL PROCESSES::TG MECHANICAL ENGINEERING AND MATERIALS::TGM MATERIALS SCIENCE",Material Science,10,Mechanical Engineering,4,6,code+subject+abstract,strong,code TGM +5; subject keyword +4; abstract +1,Y,
Psychiatry and the Legacies of Eugenics,sterilization; Psychology; History; mental health; medical experimentation; reproductive rights; institutionalization; health care; newgenics; policy,THEMA EDITEUR::M MEDICINE AND NURSING::MB MEDICINE: GENERAL ISSUES::MBX HISTORY OF MEDICINE,Medical Sciences,13,Education and Social Sciences,8,5,code+subject+title+abstract,strong,code MB +4; subject keyword +4; title +4; abstract +1,Y,
Zpátky na světlo aneb jak traseologická analýza přispívá k poznání minulosti,traceology; archaeology; surface data; artifact; use-wear analysis,THEMA EDITEUR::N HISTORY AND ARCHAEOLOGY::NK ARCHAEOLOGY,Arts,6,,0,6,code+subject,strong,code N +2; subject keyword +4,Y,
Nuts: Where We Are and Where We Are Going in Research. Proceedings from the NUTS 2022 International Conference,nuts; cholesterol; lipids; apolipoproteins; diabetes; glycemic control; insulin resistance; tree nuts; peanuts; nutrition; cardiovascular diseases; review; environment; sustainability,"THEMA EDITEUR::M MEDICINE AND NURSING | THEMA EDITEUR::M MEDICINE AND NURSING::MK MEDICAL SPECIALTIES, BRANCHES OF MEDICINE::MKG PHARMACOLOGY",Medical Sciences,9,Dental,5,4,code+subject+abstract,strong,code MK +4; subject keyword +4; abstract +1,Y,
Guia para o sistema Africano de direitos humanos: Celebrando quarenta anos desde a adopção da Carta Africana de Direitos do Homem e dos Povos 1981 – 2021,,THEMA EDITEUR::L LAW,Law,6,,0,6,code+title,strong,code L +2; title +4,Y,
Molecular Photochemistry,"Nuclear chemistry, photochemistry & radiation","THEMA EDITEUR::P MATHEMATICS AND SCIENCE::PN CHEMISTRY::PNF ANALYTICAL CHEMISTRY::PNFS SPECTRUM ANALYSIS, SPECTROCHEMISTRY, MASS SPECTROMETRY",Chemistry,8,Life Sciences,1,7,code+subject,strong,code PN +4; subject keyword +4,Y,
Ross-Ade,History of the Americas,THEMA EDITEUR::N HISTORY AND ARCHAEOLOGY::NH HISTORY::NHK HISTORY OF THE AMERICAS,Arts,6,Civil / Construction Engineering,1,5,code+subject,strong,code N +2; subject keyword +4,Y,
From Turtle Island to Gaza,jerusalem; palestine; red river; intifada; Israel; middle east poetry; colonization; colonialism; decolonization; indigenous poetry; first nations; metis; indigenous literature; Canadian literature,"THEMA EDITEUR::D BIOGRAPHY, LITERATURE AND LITERARY STUDIES::DC POETRY::DCF POETRY BY INDIVIDUAL POETS",Arts,6,,0,6,code+subject,strong,code D +2; subject keyword +4,Y,
Manifesto of a Tenured Radical,Education,BIC BOOK INDUSTRY COMMUNICATION::J SOCIETY & SOCIAL SCIENCES::JN EDUCATION::JNB HISTORY OF EDUCATION | THEMA EDITEUR::J SOCIETY AND SOCIAL SCIENCES::JN EDUCATION::JNB HISTORY OF EDUCATION,Education and Social Sciences,9,,0,9,code+subject+abstract,strong,code JN +4; subject keyword +4; abstract +1,Y,
Reform der Finanzmarktregulierung.,Economics; Finance,"THEMA EDITEUR::K ECONOMICS, FINANCE, BUSINESS AND MANAGEMENT::KC ECONOMICS::KCB MACROECONOMICS | THEMA EDITEUR::K ECONOMICS, FINANCE, BUSINESS AND MANAGEMENT::KF FINANCE AND ACCOUNTING::KFF FINANCE AND THE FINANCE INDUSTRY::KFFD PUBLIC FINANCE AND TAXATION",Commerce,21,,0,21,code+subject+title,strong,code KC +4; code KF +4; code KFF +5; subject keyword +4; title +4,Y,
CO2-Vermeidung und Brennstoffwahl in der Elektrizit,Brennstoffwirtschaft; Makroökonomie; Wirtschaftspolitik; Kohlendioxidbelastung; Elektrizitätswirtschaft; Finanzpolitik,"THEMA EDITEUR::K ECONOMICS, FINANCE, BUSINESS AND MANAGEMENT::KC ECONOMICS::KCV ECONOMICS OF SPECIFIC SECTORS::KCVG ENVIRONMENTAL ECONOMICS",Commerce,8,Energy,1,7,code+subject,strong,code KC +4; subject keyword +4,N,"CO2 avoidance and fuel choice in electricity supply is Energy, not Commerce"
Antología del pensamiento crítico haitiano contemporáneo,History; Latin American Studies,THEMA EDITEUR::N HISTORY AND ARCHAEOLOGY::NH HISTORY::NHK HISTORY OF THE AMERICAS,Arts,6,,0,6,code+subject,strong,code N +2; subject keyword +4,Y,
Sudáfrica,African history,THEMA EDITEUR::N HISTORY AND ARCHAEOLOGY::NH HISTORY::NHH AFRICAN HISTORY,Arts,6,,0,6,code+subject,strong,code N +2; subject keyword +4,Y,
Mathematical Proficiency for All Students: Toward a Strategic Research and Development Program in Mathematics Education,Education,BIC BOOK INDUSTRY COMMUNICATION::J SOCIETY & SOCIAL SCIENCES::JN EDUCATION::JNS TEACHING OF SPECIFIC GROUPS & PERSONS WITH SPECIAL EDUCATIONAL NEEDS::JNSV TEACHING OF STUDENTS WITH ENGLISH AS A SECOND LANGUAGE (TESOL) | BIC BOOK INDUSTRY COMMUNICATION::J SOCIETY & SOCIAL SCIENCES::JN EDUCATION::JNK ORGANIZATION & MANAGEMENT OF EDUCATION::JNKD EXAMINATIONS & ASSESSMENT | THEMA EDITEUR::J SOCIETY AND SOCIAL SCIENCES::JN EDUCATION::JNU TEACHING OF A SPECIFIC SUBJECT,Education and Social Sciences,13,Science,5,8,code+subject+title+abstract,strong,code JN +4; subject keyword +4; title +4; abstract +1,Y,
Rule of Law and the Judiciary,Deutschland; conflicts; Europäische Union; crises; Konflikte; Czech Republic; Krisen; European Union; Mitgliedstaaten; Germany,LNA | 1DFG | 1DVK,Law,7,,0,7,code+title+abstract,strong,code LNA +2; title +4; abstract +1,Y,
Anti-Vivisection and the Profession of Medicine in Britain: A Social History,anti-cruelty; animal experimentation; animal ethics,THEMA EDITEUR::M MEDICINE AND NURSING::MB MEDICINE: GENERAL ISSUES::MBD MEDICAL PROFESSION::MBDC MEDICAL ETHICS AND PROFESSIONAL CONDUCT,Medical Sciences,13,Arts,5,8,code+title+abstract,strong,code MB +4; title +4; abstract +1; title +4,N,History of anti-vivisection; Arts/history fits better than Medical Sciences
La Théorie de la Régulation au fil du temps : Suivre l’évolution d’un paradigme au gré des transformations des capitalismes contemporains,économie; état des savoirs; sciences humaines et sociales; théorie de la régulation,"BIC BOOK INDUSTRY COMMUNICATION::K ECONOMICS, FINANCE, BUSINESS & MANAGEMENT::KJ BUSINESS & MANAGEMENT::KJC BUSINESS STRATEGY",Commerce,10,Management,4,6,code+subject+abstract,strong,code KJC +5; subject keyword +4; abstract +1,Y,
"The Zapatista ""Social Netwar"" in Mexico",Political Science,THEMA EDITEUR::J SOCIETY AND SOCIAL SCIENCES::JP POLITICS AND GOVERNMENT::JPS INTERNATIONAL RELATIONS,Education and Social Sciences,8,,0,8,code+subject,strong,code JP +4; subject keyword +4,Y,
Herbicide Resistance in Plants,best management practices; crop competition; herbicide resistance; integrated weed management; precision weed management; site-specific weed management; Citrus latifolia; hairy beggarticks; junglerice; tropical sprangletop; corn; herbicide resistance trait; maize; soybean,"THEMA EDITEUR::G REFERENCE, INFORMATION AND INTERDISCIPLINARY SUBJECTS::GP RESEARCH AND INFORMATION: GENERAL | THEMA EDITEUR::P MATHEMATICS AND SCIENCE::PS BIOLOGY, LIFE SCIENCES",Life Sciences,8,Agriculture,5,3,code+subject,strong,code PS +4; subject keyword +4,N,Herbicide resistance is Agriculture rather than Life Sciences
Latest Advances in Cochlear Implant Technologies and Related Clinical Applications,cochlear implantation; anatomy; genetic testing; programming; ecap,THEMA EDITEUR::M MEDICINE AND NURSING::MJ CLINICAL AND INTERNAL MEDICINE::MJP OTORHINOLARYNGOLOGY (ENT)::MJPD AUDIOLOGY AND OTOLOGY,Medical Sciences,18,Computer / IT,5,13,code+subject+title+abstract,strong,code MJ +4; code MJP +5; subject keyword +4; title +4; abstract +1,Y,
Recent Advances in Wound Healing,Pathology,"THEMA EDITEUR::M MEDICINE AND NURSING::MK MEDICAL SPECIALTIES, BRANCHES OF MEDICINE::MKF PATHOLOGY",Medical Sciences,9,Arts,1,8,code+subject+abstract,strong,code MK +4; subject keyword +4; abstract +1,Y,
100 anos de Florestan Fernandes,"Fernandes, Florestan; 1920-1995; Educação; Ativistas políticos; Socialismo; Capitalismo; Instituto Superior de Estudos Brasileiros",JPW,Education and Social Sciences,9,,0,9,code+subject+abstract,strong,code JPW +4; subject keyword +4; abstract +1,Y,
Finanzierungsprobleme der deutschen Einheit I.,Finance,"THEMA EDITEUR::K ECONOMICS, FINANCE, BUSINESS AND MANAGEMENT::KF FINANCE AND ACCOUNTING::KFF FINANCE AND THE FINANCE INDUSTRY::KFFD PUBLIC FINANCE AND TAXATION",Commerce,17,,0,17,code+subject+title,strong,code KF +4; code KFF +5; subject keyword +4; title +4,Y,
Recent Application in Biometrics,Human-computer interaction,THEMA EDITEUR::U COMPUTING AND INFORMATION TECHNOLOGY::UY COMPUTER SCIENCE::UYZ HUMAN–COMPUTER INTERACTION,Computer / IT,9,,0,9,code+subject+abstract,strong,code UY +4; subject keyword +4; abstract +1,Y,
Landlord William Scully,History of the Americas,THEMA EDITEUR::N HISTORY AND ARCHAEOLOGY::NH HISTORY::NHK HISTORY OF THE AMERICAS,Arts,7,Commerce,1,6,code+subject+abstract,strong,code N +2; subject keyword +4; abstract +1,Y,
Oil and Gas Wells,Petroleum technology,"THEMA EDITEUR::T TECHNOLOGY, ENGINEERING, AGRICULTURE, INDUSTRIAL PROCESSES::TH ENERGY TECHNOLOGY AND ENGINEERING",Energy,8,,0,8,code+subject,strong,code TH +4; subject keyword +4,Y,
Making Technology Masculine,Sociology; History,"THEMA EDITEUR::N HISTORY AND ARCHAEOLOGY::NH HISTORY::NHT HISTORY: SPECIFIC EVENTS AND TOPICS::NHTB SOCIAL AND CULTURAL HISTORY | THEMA EDITEUR::J SOCIETY AND SOCIAL SCIENCES::JB SOCIETY AND CULTURE: GENERAL::JBS SOCIAL GROUPS, COMMUNITIES AND IDENTITIES::JBSF GENDER STUDIES, GENDER GROUPS::JBSF1 GENDER STUDIES: WOMEN AND GIRLS",Education and Social Sciences,12,Arts,7,5,code+subject,strong,code JB +4; subject keyword +4; subject keyword +4,Y,
Les premières lois imprimées,Renaissance; Diplomatique; Acte royal; Histoire; histoire du droit; imprimerie; Imprimeur-libraire; Codicologie; XVIe,THEMA EDITEUR::N HISTORY AND ARCHAEOLOGY::NH HISTORY::NHD EUROPEAN HISTORY | THEMA EDITEUR::L LAW::LA JURISPRUDENCE AND GENERAL ISSUES::LAZ LEGAL HISTORY,Law,6,Arts,2,4,code+subject,strong,code L +2; subject keyword +4,Y,
"La construction d’une économie touristique sur la Côte Aquitaine des années 1820 aux années 1980 : Pratiques sociales, politiques d’aménagement et développement local",tourisme; Côte Aquitaine; développement; économie,"BIC BOOK INDUSTRY COMMUNICATION::K ECONOMICS, FINANCE, BUSINESS & MANAGEMENT::KJ BUSINESS & MANAGEMENT::KJC BUSINESS STRATEGY",Commerce,14,Management,4,10,code+subject+title+abstract,strong,code KJC +5; subject keyword +4; title +4; abstract +1,Y,
Sustainable Mobility,Alternative & renewable energy sources & technology,"THEMA EDITEUR::T TECHNOLOGY, ENGINEERING, AGRICULTURE, INDUSTRIAL PROCESSES::TH ENERGY TECHNOLOGY AND ENGINEERING::THY ENERGY, POWER GENERATION, DISTRIBUTION AND STORAGE",Energy,9,Science,1,8,code+subject+abstract,strong,code TH +4; subject keyword +4; abstract +1,Y,
Animal Nutrition and Productions: Series II,25-hydroxyvitamin D3; bone traits; egg quality; laying performance; laying hen; Hubbard; slow growth; protein level; performance; meat yield; white lupine; non-starch polysaccharides; omega-3 FA; carotenoids,"THEMA EDITEUR::P MATHEMATICS AND SCIENCE | THEMA EDITEUR::P MATHEMATICS AND SCIENCE::PS BIOLOGY, LIFE SCIENCES",Life Sciences,9,Agriculture,5,4,code+subject+abstract,strong,code PS +4; subject keyword +4; abstract +1,N,Animal nutrition/production (laying hens) is Agriculture rather than Life Sciences
Le Service éducatif des Archives nationales : Par chemins de traverse,action culturelle; Musée de l’Histoire de France; collège; histoire des arts; école primaire; médiation culturelle; pédagogie; histoire; service éducatif; patrimoine; atelier pédagogique; personnel en formation in,BIC BOOK INDUSTRY COMMUNICATION::J SOCIETY & SOCIAL SCIENCES::JN EDUCATION | THEMA EDITEUR::J SOCIETY AND SOCIAL SCIENCES::JN EDUCATION,Education and Social Sciences,9,,0,9,code+subject+abstract,strong,code JN +4; subject keyword +4; abstract +1,Y,
Rare Diseases,"epidemiology, immunotherapy, wound healing, gene therapy, fibrosis, rheumatoid arthritis","THEMA EDITEUR::M MEDICINE AND NURSING::MK MEDICAL SPECIALTIES, BRANCHES OF MEDICINE::MKF PATHOLOGY",Medical Sciences,9,Life Sciences,1,8,code+subject+abstract,strong,code MK +4; subject keyword +4; abstract +1,Y,
Femmes éducatrices au siècle des Lumières,femme; livre; littérature française; éducation des femmes; XVIIIème siècle; lecture; enseignement,"THEMA EDITEUR::J SOCIETY AND SOCIAL SCIENCES::JB SOCIETY AND CULTURE: GENERAL::JBS SOCIAL GROUPS, COMMUNITIES AND IDENTITIES::JBSF GENDER STUDIES, GENDER GROUPS::JBSF1 GENDER STUDIES: WOMEN AND GIRLS",Education and Social Sciences,8,,0,8,code+subject,strong,code JB +4; subject keyword +4,Y,
Selected Papers from the 19th International Conference on Calorimetry in Particle Physics (CALOR 2022),ATLAS; Tile Calorimeter; calorimeter calibration; calorimeter performance; liquid scintillator; PMTs; calibration; energy nonlinearity; energy resolution; dual calorimetry; fast-timing; electromagnetic calorimetry; radiation-hard detectors; LAr,"THEMA EDITEUR::G REFERENCE, INFORMATION AND INTERDISCIPLINARY SUBJECTS::GP RESEARCH AND INFORMATION: GENERAL | THEMA EDITEUR::P MATHEMATICS AND SCIENCE::PH PHYSICS",Science,10,Computer / IT,4,6,code+subject+title+abstract,strong,code PH +1; subject keyword +4; title +4; abstract +1,Y,
"Debates contemporáneos en derecho de familias, de infancias y de adolescencias",Derecho de familias; Derecho de infancias y adolescencias; Interés superior del niño; Perspectiva de género; Violencia intrafamiliar; Derecho probatorio,THEMA EDITEUR::L LAW,Law,11,,0,11,code+abstract+subject+title,strong,code L +2; abstract +1; subject keyword +4; title +4,Y,
Ludic Narrans (Playing Around),Play; Stories; Playful stories; Themes; Oral history; Fields of play; Ludic narrans,"THEMA EDITEUR::D BIOGRAPHY, LITERATURE AND LITERARY STUDIES::DN BIOGRAPHY AND NON-FICTION PROSE::DNX TRUE STORIES: GENERAL::DNXH TRUE STORIES OF DISCOVERY",Arts,7,Education and Social Sciences,2,5,code+subject+abstract,strong,code D +2; subject keyword +4; abstract +1,Y,
Testing of Materials and Elements in Civil Engineering (2nd Edition),timber structures; estimating mechanical parameters; small clear specimens; non-destructive tests; semi-destructive tests; resistance drilling; ultrasonic wave; stress wave; visual grading; concrete; NDT; finite element method; experiment; automated inspection,"THEMA EDITEUR::T TECHNOLOGY, ENGINEERING, AGRICULTURE, INDUSTRIAL PROCESSES::TB TECHNOLOGY: GENERAL ISSUES | THEMA EDITEUR::T TECHNOLOGY, ENGINEERING, AGRICULTURE, INDUSTRIAL PROCESSES::TB TECHNOLOGY: GENERAL ISSUES::TBX HISTORY OF ENGINEERING AND TECHNOLOGY | THEMA EDITEUR::T TECHNOLOGY, ENGINEERING, AGRICULTURE, INDUSTRIAL PROCESSES::TN CIVIL ENGINEERING, SURVEYING AND BUILDING::TNK BUILDING CONSTRUCTION AND MATERIALS::TNKX CONSERVATION OF BUILDINGS AND BUILDING MATERIALS",Civil / Construction Engineering,18,Computer / IT,4,14,code+subject+title+abstract,strong,code TN +4; code TNK +5; subject keyword +4; title +4; abstract +1,Y,
Iniciativas emprendedoras en la Región de Murcia,ECONOMY.Company and management; MURCIA; Business Management,"THEMA EDITEUR::K ECONOMICS, FINANCE, BUSINESS AND MANAGEMENT::KJ BUSINESS AND MANAGEMENT::KJH ENTREPRENEURSHIP / START-UPS",Management,8,,0,8,code+subject,strong,code KJ +4; subject keyword +4,Y,
Antiviral Drugs,Nursing pharmacology; Pharmacology,THEMA EDITEUR::M MEDICINE AND NURSING::MQ NURSING AND ANCILLARY SERVICES::MQC NURSING::MQCM NURSING PHARMACOLOGY,Nursing,13,Pharmacy,9,4,code+subject,strong,code MQ +4; code MQC +5; subject keyword +4,N,"Antiviral drugs is Pharmacy, not Nursing"
La investigación latinoamericana en ciencias sociales,History of the Americas,THEMA EDITEUR::N HISTORY AND ARCHAEOLOGY::NH HISTORY::NHK HISTORY OF THE AMERICAS,Arts,6,,0,6,code+subject,strong,code N +2; subject keyword +4,Y,
Saúde mental para a Atenção Básica,Saúde Mental; Transtornos Mentais; Terapia; Atenção Primária à Saúde; Trabalho; Agentes Comunitários de Saúde; Promoção da Saúde; Saúde Pública; Violência Doméstica; Maus-tratos ao Idoso; Apoio psicossocial; Assistência em saúde; Cuidado em saúde mental; Estratégia Saúde da Família,"THEMA EDITEUR::M MEDICINE AND NURSING::MK MEDICAL SPECIALTIES, BRANCHES OF MEDICINE",Medical Sciences,12,,0,12,code+subject+title,strong,code MK +4; subject keyword +4; title +4,Y,
Natural Remedies in the Fight Against Parasites,"plasmodium, medicinal plants, antimicrobial, malaria, probiotics, livestock","THEMA EDITEUR::M MEDICINE AND NURSING::MK MEDICAL SPECIALTIES, BRANCHES OF MEDICINE::MKF PATHOLOGY::MKFP MEDICAL PARASITOLOGY",Medical Sciences,8,Agriculture,4,4,code+subject,strong,code MK +4; subject keyword +4,Y,
Gillespie Algorithms for Stochastic Multiagent Dynamics in Populations and Networks,statistical physics; network science and complex; algorithmics; complexity; computer algebra and computational geometry; discrete mathematics; information theory and coding,THEMA EDITEUR::P MATHEMATICS AND SCIENCE::PH PHYSICS::PHS STATISTICAL PHYSICS | THEMA EDITEUR::P MATHEMATICS AND SCIENCE::PB MATHEMATICS::PBD DISCRETE MATHEMATICS | THEMA EDITEUR::U COMPUTING AND INFORMATION TECHNOLOGY::UY COMPUTER SCIENCE::UYA MATHEMATICAL THEORY OF COMPUTATION::UYAM MATHS FOR COMPUTER SCIENTISTS,Computer / IT,9,Science,6,3,code+title+abstract,strong,code UY +4; title +4; abstract +1,Y,
Embattled Excavations,American Studies; New American Studies; American Isthmus; settler colonial studies; history of science; postcolonial studies; decolonial studies; Colonialism; colonial discourse analysis; ciritical empire studies; Fossils; Archaeology,"BIC BOOK INDUSTRY COMMUNICATION::J SOCIETY & SOCIAL SCIENCES::JH SOCIOLOGY & ANTHROPOLOGY::JHM ANTHROPOLOGY::JHMC SOCIAL & CULTURAL ANTHROPOLOGY, ETHNOGRAPHY | BIC BOOK INDUSTRY COMMUNICATION::H HUMANITIES::HB HISTORY::HBL HISTORY: EARLIEST TIMES TO PRESENT DAY::HBLH EARLY MODERN HISTORY: C 1450/1500 TO C 1700 | THEMA EDITEUR::J SOCIETY AND SOCIAL SCIENCES::JH SOCIOLOGY AND ANTHROPOLOGY::JHM ANTHROPOLOGY::JHMC SOCIAL AND CULTURAL ANTHROPOLOGY",Arts,9,Education and Social Sciences,4,5,code+subject+abstract,strong,code H +2; code N +2; subject keyword +4; abstract +1,Y,
67. Studentská vědecká konference,medicine; education; conference; presentation,THEMA EDITEUR::M MEDICINE AND NURSING::MB MEDICINE: GENERAL ISSUES,Medical Sciences,12,Education and Social Sciences,4,8,code+subject,strong,code MB +4; subject keyword +4; subject keyword +4,Y,
Heidegger on Being and Acting,Philosophy,THEMA EDITEUR::Q PHILOSOPHY AND RELIGION::QD PHILOSOPHY,Arts,6,,0,6,code+subject,strong,code Q +2; subject keyword +4,Y,
Advances in Poultry Nutrition Research,"health, toxicity, water, antimicrobial, antibiotics, reproduction","THEMA EDITEUR::T TECHNOLOGY, ENGINEERING, AGRICULTURE, INDUSTRIAL PROCESSES::TV AGRICULTURE AND FARMING::TVH ANIMAL HUSBANDRY::TVHP POULTRY FARMING",Agriculture,9,,0,9,code+title+abstract,strong,code TV +4; title +4; abstract +1,Y,
Visites littéraires de l’inconscient religieux : ou l’appartenance,société; appartenance; politique; lien; littérature; inconscient; cohésion; nous; sacré; religion,BIC BOOK INDUSTRY COMMUNICATION::D LITERATURE & LITERARY STUDIES,Arts,6,,0,6,code+subject,strong,code D +2; subject keyword +4,Y,
Des droits fondamentaux au fondement du droit,philosophie politique; philosophie; droit; droits de l’homme,THEMA EDITEUR::Q PHILOSOPHY AND RELIGION::QD PHILOSOPHY | THEMA EDITEUR::L LAW,Law,10,Arts,2,8,code+subject+title,strong,code L +2; subject keyword +4; title +4,Y,
Scope of Selective Heterocycles from Organic and Pharmaceutical Perspective,Organic chemistry,"THEMA EDITEUR::P MATHEMATICS AND SCIENCE::PN CHEMISTRY::PNF ANALYTICAL CHEMISTRY::PNFS SPECTRUM ANALYSIS, SPECTROCHEMISTRY, MASS SPECTROMETRY",Chemistry,8,Pharmacy,5,3,code+subject,strong,code PN +4; subject keyword +4,Y,
Maszynerie afektywne,social machinery; affect; women’s poetry; literary studies; women’s emancipation; emotions; Polish contemporary poetry; feminism,"THEMA EDITEUR::D BIOGRAPHY, LITERATURE AND LITERARY STUDIES::DS LITERATURE: HISTORY AND CRITICISM::DSB LITERARY STUDIES: GENERAL",Arts,6,,0,6,code+subject,strong,code D +2; subject keyword +4,Y,
Ko-ops,History of specific lands,THEMA EDITEUR::N HISTORY AND ARCHAEOLOGY::NH HISTORY::NHQ HISTORY OF OTHER GEOGRAPHICAL GROUPINGS AND REGIONS,Arts,6,Life Sciences,1,5,code+subject,strong,code N +2; subject keyword +4,Y,
Fortaleciendo el aprendizaje: un enfoque ocupacional en la educación,Terapia ocupacional; Educación especial; Inclusión educativa; Desarrollo integral; Aprendizaje; Adaptación escolar,"THEMA EDITEUR::J SOCIETY AND SOCIAL SCIENCES::JN EDUCATION | THEMA EDITEUR::J SOCIETY AND SOCIAL SCIENCES::JN EDUCATION::JNM HIGHER EDUCATION, TERTIARY EDUCATION::JNMT TEACHER TRAINING",Education and Social Sciences,13,,0,13,code+subject+title+abstract,strong,code JN +4; subject keyword +4; title +4; abstract +1,Y,
Ficta Relata,Language and literature.Philology; Classical Philology - Collection of writings,"THEMA EDITEUR::D BIOGRAPHY, LITERATURE AND LITERARY STUDIES::DB ANCIENT, CLASSICAL AND MEDIEVAL TEXTS::DBS ANCIENT SAGAS AND EPICS::DBSG ANCIENT GREEK AND ROMAN LITERATURE | THEMA EDITEUR::C LANGUAGE AND LINGUISTICS::CB LANGUAGE: REFERENCE AND GENERAL::CBX LANGUAGE: HISTORY AND GENERAL WORKS",Arts,8,,0,8,code+subject,strong,code D +2; code C +2; subject keyword +4,Y,
"Infância, imagens e vertigens",EDUCATION,BIC BOOK INDUSTRY COMMUNICATION::J SOCIETY & SOCIAL SCIENCES::JN EDUCATION | THEMA EDITEUR::J SOCIETY AND SOCIAL SCIENCES::JN EDUCATION,Education and Social Sciences,9,,0,9,code+subject+abstract,strong,code JN +4; subject keyword +4; abstract +1,Y,
Differential Geometrical Theory of Statistics,Hessian Geometry; Shape Space; Computational Information Geometry; Statistical physics; Entropy; Cohomology; Information geometry; Thermodynamics; Coding Theory; Information topology; Maximum entropy; Divergence Geometry,THEMA EDITEUR::P MATHEMATICS AND SCIENCE::PH PHYSICS,Science,10,Mechanical Engineering,4,6,code+subject+title+abstract,strong,code PH +1; subject keyword +4; title +4; abstract +1,Y,
Xuanhe Catalogue of Paintings,History of art,THEMA EDITEUR::A THE ARTS::AG THE ARTS: TREATMENTS AND SUBJECTS::AGA HISTORY OF ART,Arts,8,Architecture,1,7,code+subject,strong,code AG +4; subject keyword +4,Y,
Citrus,"cancer, obesity, diabetes, antioxidants, bioactive compounds, neurodegeneration",THEMA EDITEUR::M MEDICINE AND NURSING::MB MEDICINE: GENERAL ISSUES::MBN PUBLIC HEALTH AND PREVENTIVE MEDICINE::MBNH PERSONAL AND PUBLIC HEALTH / HEALTH EDUCATION::MBNH3 DIETETICS AND NUTRITION,Medical Sciences,14,Agriculture,1,13,code+subject+abstract,strong,code MB +4; code MBN +5; subject keyword +4; abstract +1,Y,
Advances in Biological Understanding of Tumor Radiation Resistance,Cancer stem cells; Radiation Oncology; resistance; tumor insensitivity; radiation tumor response,THEMA EDITEUR::M MEDICINE AND NURSING | THEMA EDITEUR::M MEDICINE AND NURSING::MJ CLINICAL AND INTERNAL MEDICINE::MJC DISEASES AND DISORDERS::MJCL ONCOLOGY,Medical Sciences,8,,0,8,code+subject,strong,code MJ +4; subject keyword +4,Y,
Non-Equilibrium Particle Dynamics,Engineering thermodynamics,"THEMA EDITEUR::T TECHNOLOGY, ENGINEERING, AGRICULTURE, INDUSTRIAL PROCESSES::TG MECHANICAL ENGINEERING AND MATERIALS::TGM MATERIALS SCIENCE",Mechanical Engineering,8,Material Science,5,3,code+subject,strong,code TG +4; subject keyword +4,Y,
Unravelling T. cruzi Biology,Trypanosoma cruzi; Chagas disease; parasite-host interaction; gene function; CRISPR/Cas9 technique,THEMA EDITEUR::P MATHEMATICS AND SCIENCE::PD SCIENCE: GENERAL ISSUES | THEMA EDITEUR::M MEDICINE AND NURSING::MJ CLINICAL AND INTERNAL MEDICINE::MJC DISEASES AND DISORDERS::MJCJ INFECTIOUS AND CONTAGIOUS DISEASES,Medical Sciences,8,Bio Technology,4,4,code+subject,strong,code MJ +4; subject keyword +4,Y,
Tahiti Nui,Australasian & Pacific history,THEMA EDITEUR::N HISTORY AND ARCHAEOLOGY::NH HISTORY::NHM AUSTRALASIAN AND PACIFIC HISTORY,Arts,6,,0,6,code+subject,strong,code N +2; subject keyword +4,Y,
Quest to Learn,innovation; education innovation; hands on learning; educational games; learning games; primary education; primary school; secondary education; secondary school; middle school; high school; alternative schooling; game-based learning; game-based teaching,"THEMA EDITEUR::G REFERENCE, INFORMATION AND INTERDISCIPLINARY SUBJECTS::GT INTERDISCIPLINARY STUDIES::GTV INSTITUTIONS AND LEARNED SOCIETIES: GENERAL | THEMA EDITEUR::J SOCIETY AND SOCIAL SCIENCES::JN EDUCATION::JNF EDUCATIONAL STRATEGIES AND POLICY | THEMA EDITEUR::U COMPUTING AND INFORMATION TECHNOLOGY::UD DIGITAL LIFESTYLE AND ONLINE WORLD: CONSUMER AND USER GUIDES::UDX COMPUTER GAMES / ONLINE GAMES: STRATEGY GUIDES",Education and Social Sciences,8,Computer / IT,4,4,code+subject,strong,code JN +4; subject keyword +4,Y,
Social Media and Machine Learning,Machine learning,THEMA EDITEUR::U COMPUTING AND INFORMATION TECHNOLOGY::UY COMPUTER SCIENCE::UYQ ARTIFICIAL INTELLIGENCE,Computer / IT,13,,0,13,code+subject+title+abstract,strong,code UY +4; subject keyword +4; title +4; abstract +1,Y,
"Low skilled take their qualifications ""one step up",Pedagogia,BIC BOOK INDUSTRY COMMUNICATION::J SOCIETY & SOCIAL SCIENCES::JN EDUCATION | THEMA EDITEUR::J SOCIETY AND SOCIAL SCIENCES::JN EDUCATION,Education and Social Sciences,8,Commerce,1,7,code+subject,strong,code JN +4; subject keyword +4,Y,
"Wettbewerb, Konzentration und Nachfragemacht im Lebensmittelhandel.",Economics,"THEMA EDITEUR::K ECONOMICS, FINANCE, BUSINESS AND MANAGEMENT::KC ECONOMICS::KCC MICROECONOMICS",Commerce,8,,0,8,code+subject,strong,code KC +4; subject keyword +4,Y,
The Significance of Touch in Psychiatry,orienting reflex; motivational system; touch therapy; integrative psychotherapy; somatic psychology; touch; pain; C-tactile afferents; fibromyalgia; anhedonia; fMRI; posterior insula; sports massage; current emotional state,THEMA EDITEUR::N HISTORY AND ARCHAEOLOGY::NH HISTORY | THEMA EDITEUR::J SOCIETY AND SOCIAL SCIENCES::JB SOCIETY AND CULTURE: GENERAL::JBF SOCIAL AND ETHICAL ISSUES,Education and Social Sciences,12,Medical Sciences,9,3,code+subject,strong,code JB +4; subject keyword +4; subject keyword +4,N,"Touch in psychiatry belongs under Medical Sciences, not Education and Social Sciences"
Poverty,Social Science / Customs & Traditions; Social Science / Holidays (non-religious); Social Science / Sociology / General,THEMA EDITEUR::J SOCIETY AND SOCIAL SCIENCES::JH SOCIOLOGY AND ANTHROPOLOGY::JHB SOCIOLOGY,Education and Social Sciences,14,Commerce,1,13,code+subject+abstract,strong,code JH +4; subject keyword +4; abstract +1; subject keyword +4; abstract +1,Y,
Science-Engaged Theology,religion; science,THEMA EDITEUR::Q PHILOSOPHY AND RELIGION::QR RELIGION AND BELIEFS::QRA RELIGION: GENERAL,Arts,6,Civil / Construction Engineering,1,5,code+subject,strong,code Q +2; subject keyword +4,Y,
Rome : éduquer et combattre,ancient history; ancient rome; roman army,THEMA EDITEUR::N HISTORY AND ARCHAEOLOGY::NH HISTORY::NHC ANCIENT HISTORY,Arts,6,,0,6,code+subject,strong,code N +2; subject keyword +4,Y,
Evaluación interdisciplinar en la infancia y adolescencia,Evaluación interdisciplinar; Infancia; Adolescencia; Participación social; Desarrollo sensoriomotor; Factores psicosociales; Desarrollo infantil; Salud mental; Terapias interdisciplinarias; Psicología del desarrollo; Intervención temprana,THEMA EDITEUR::J SOCIETY AND SOCIAL SCIENCES::JN EDUCATION::JND EDUCATIONAL SYSTEMS AND STRUCTURES::JNDH EDUCATION: EXAMINATIONS AND ASSESSMENT,Education and Social Sciences,8,Medical Sciences,4,4,code+subject,strong,code JN +4; subject keyword +4,Y,
Neuromorphic Computing,"artificial intelligence, machine learning, deep learning, mobile robot, artificial neural network, ai",THEMA EDITEUR::U COMPUTING AND INFORMATION TECHNOLOGY::UY COMPUTER SCIENCE::UYQ ARTIFICIAL INTELLIGENCE,Computer / IT,13,Life Sciences,1,12,code+subject+title+abstract,strong,code UY +4; subject keyword +4; title +4; abstract +1,Y,
Mapa de recursos sociales para estudiantes universitarios,Social Sciences.; University of Murcia; Students - Murcia (Autonomous Community) - Social Situation,"THEMA EDITEUR::J SOCIETY AND SOCIAL SCIENCES::JK SOCIAL SERVICES AND WELFARE, CRIMINOLOGY::JKS SOCIAL WELFARE AND SOCIAL SERVICES",Education and Social Sciences,8,,0,8,code+subject,strong,code JK +4; subject keyword +4,Y,
Debating for God,Religion,"THEMA EDITEUR::Q PHILOSOPHY AND RELIGION::QR RELIGION AND BELIEFS::QRM CHRISTIANITY::QRMB CHRISTIAN CHURCHES, DENOMINATIONS, GROUPS",Arts,6,,0,6,code+subject,strong,code Q +2; subject keyword +4,Y,
Übertragung und Übernahme der Strafverfolgung,continuation; Deutschland; cooperation instrument; Durchführung; criminal law enforcement; Fortführung; gesetzliche Regelung; criminal proceedings; Heimatstaat; Germa,LBBZ,Law,11,,0,11,code+subject+abstract,strong,code LBBZ +2; subject keyword +4; abstract +1; subject keyword +4,Y,
Global Perspectives on Sustainable Forest Management,Forestry & silviculture: practice & techniques,"THEMA EDITEUR::T TECHNOLOGY, ENGINEERING, AGRICULTURE, INDUSTRIAL PROCESSES::TV AGRICULTURE AND FARMING::TVR FORESTRY AND SILVICULTURE",Agriculture,9,,0,9,code+subject+abstract,strong,code TV +4; subject keyword +4; abstract +1,Y,
An Update on Glomerulopathies,Renal medicine & nephrology,THEMA EDITEUR::M MEDICINE AND NURSING::MJ CLINICAL AND INTERNAL MEDICINE::MJQ OPHTHALMOLOGY,Medical Sciences,12,,0,12,code+subject,strong,code MJ +4; subject keyword +4; subject keyword +4,Y,
Behold the Eye in Parkinson's Disease & Alzheimer’s Disease,Parkinson's Disease; Alzheimer’s Disease; neurodegeneration; ophthalmology; retina,"THEMA EDITEUR::M MEDICINE AND NURSING | THEMA EDITEUR::M MEDICINE AND NURSING::MK MEDICAL SPECIALTIES, BRANCHES OF MEDICINE::MKJ NEUROLOGY AND CLINICAL NEUROPHYSIOLOGY",Medical Sciences,12,,0,12,code+subject+title,strong,code MK +4; subject keyword +4; title +4,Y,
Secondo Convegno Nazionale della Societ&agrave; Italiana di Scienze Sensoriali,Marketing alimentare; Italiana di Scienze Sensoriali; Societ&agrave; Scienze sensoriali; Tecnologia alimentare,"THEMA EDITEUR::K ECONOMICS, FINANCE, BUSINESS AND MANAGEMENT::KN INDUSTRY AND INDUSTRIAL STUDIES::KND MANUFACTURING INDUSTRIES",Management,12,,0,12,code+subject,strong,code KN +4; subject keyword +4; subject keyword +4,Y,
Contribution à l’épigraphie et à l’histoire de la Béotie hellénistique,Thebes (Boeotia); Ancient Greece; Antiquity; epigraphy; Boeotia; Greek history; Pydna,THEMA EDITEUR::N HISTORY AND ARCHAEOLOGY::NH HISTORY | THEMA EDITEUR::N HISTORY AND ARCHAEOLOGY::NH HISTORY::NHA HISTORY: THEORY AND METHODS::NHAH HISTORIOGRAPHY | THEMA EDITEUR::N HISTORY AND ARCHAEOLOGY::NH HISTORY::NHC ANCIENT HISTORY,Arts,6,,0,6,code+subject,strong,code N +2; subject keyword +4,Y,
New Water Regimes,Water; resource management; legal geography; water law,BIC BOOK INDUSTRY COMMUNICATION::L LAW,Law,7,,0,7,code+subject+abstract,strong,code L +2; subject keyword +4; abstract +1,Y,
Poczet Rektorów Uniwersytetu Warszawskiego,University of Warsaw; biographies; University of Warsaw authorities; rectors; history of University of Warsaw; 200th anniversary of the University of Warsaw,"THEMA EDITEUR::D BIOGRAPHY, LITERATURE AND LITERARY STUDIES",Arts,6,Medical Sciences,1,5,code+subject,strong,code D +2; subject keyword +4,Y,
Fine Differences,Religion,THEMA EDITEUR::Q PHILOSOPHY AND RELIGION::QR RELIGION AND BELIEFS::QRP ISLAM | THEMA EDITEUR::Q PHILOSOPHY AND RELIGION::QR RELIGION AND BELIEFS::QRA RELIGION: GENERAL::QRAC COMPARATIVE RELIGION,Arts,6,Law,1,5,code+subject,strong,code Q +2; subject keyword +4,Y,
Urban Research in Nigeria,Nigeria; urban sociology; urban design; urbanism,"THEMA EDITEUR::R EARTH SCIENCES, GEOGRAPHY, ENVIRONMENT, PLANNING::RG GEOGRAPHY::RGC HUMAN GEOGRAPHY | THEMA EDITEUR::J SOCIETY AND SOCIAL SCIENCES::JB SOCIETY AND CULTURE: GENERAL::JBS SOCIAL GROUPS, COMMUNITIES AND IDENTITIES::JBSD URBAN COMMUNITIES",Education and Social Sciences,14,Architecture,5,9,code+subject+abstract,strong,code JB +4; subject keyword +4; abstract +1; subject keyword +4; abstract +1,Y,
Visions of Law Enforcement Technology in the Period 2024-2034,Political Science; Law; Technology; Sociology,"THEMA EDITEUR::U COMPUTING AND INFORMATION TECHNOLOGY::UN DATABASES::UNA DATABASE DESIGN AND THEORY | THEMA EDITEUR::L LAW::LN LAWS OF SPECIFIC JURISDICTIONS AND SPECIFIC AREAS OF LAW::LNF CRIMINAL LAW: PROCEDURE AND OFFENCES | THEMA EDITEUR::J SOCIETY AND SOCIAL SCIENCES::JK SOCIAL SERVICES AND WELFARE, CRIMINOLOGY::JKS SOCIAL WELFARE AND SOCIAL SERVICES::JKSW EMERGENCY SERVICES::JKSW1 POLICE AND SECURITY SERVICES",Education and Social Sciences,16,Law,11,5,code+subject,strong,code JK +4; code JH +4; subject keyword +4; subject keyword +4,Y,
Mechanisms and Novel Therapeutic Approaches for Gynecologic Cancer,"nucleus accumbens-associated protein 1 (NAC1); BEN (BANP, E5R and NAC1) domain; sequence-specific DNA-binding protein; solution NMR structure; isothermal titration calorimetry (ITC); human cytomegalovirus; ovarian cancer; cancer progression; inflammation; immunosuppression; endometrial carcinoma; immune micro-environment; immune checkpoints inhibitors; microsatellite instability",THEMA EDITEUR::M MEDICINE AND NURSING::MB MEDICINE: GENERAL ISSUES::MBN PUBLIC HEALTH AND PREVENTIVE MEDICINE,Medical Sciences,18,,0,18,code+subject+title+abstract,strong,code MB +4; code MBN +5; subject keyword +4; title +4; abstract +1,Y,
Contemplation,Religion,THEMA EDITEUR::Q PHILOSOPHY AND RELIGION::QR RELIGION AND BELIEFS::QRP ISLAM | THEMA EDITEUR::Q PHILOSOPHY AND RELIGION::QR RELIGION AND BELIEFS::QRV ASPECTS OF RELIGION::QRVK SPIRITUALITY AND RELIGIOUS EXPERIENCE | THEMA EDITEUR::Q PHILOSOPHY AND RELIGION::QR RELIGION AND BELIEFS::QRP ISLAM::QRPP ISLAMIC LIFE AND PRACTICE,Arts,6,Education and Social Sciences,2,4,code+subject,strong,code Q +2; subject keyword +4,Y,
Actualización en enfermería neonatal,NEONATOLOGY; NEWBORN; PATHOLOGIES; PEDIATRICS; SKILLS,THEMA EDITEUR::M MEDICINE AND NURSING::MQ NURSING AND ANCILLARY SERVICES::MQC NURSING::MQCL NURSING SPECIALTIES,Nursing,13,Medical Sciences,4,9,code+title,strong,code MQ +4; code MQC +5; title +4,Y,
Transformation on the Southern Ukrainian Steppe,European history,THEMA EDITEUR::N HISTORY AND ARCHAEOLOGY::NH HISTORY::NHD EUROPEAN HISTORY,Arts,6,Agriculture,1,5,code+subject,strong,code N +2; subject keyword +4,Y,
新編中國法,China; law; constitution,THEMA EDITEUR::L LAW::LN LAWS OF SPECIFIC JURISDICTIONS AND SPECIFIC AREAS OF LAW::LNA LEGAL SYSTEMS: GENERAL,Law,7,Arts,1,6,code+subject+abstract,strong,code L +2; subject keyword +4; abstract +1,Y,
