title,subjects,classification_codes,assigned_department,score,runner_up,runner_up_score,margin,evidence_families,decision,reasons,precision_ok,review_note
"Advancements in Synovial Joint Science - Structure, Function, and Beyond",Medicine: Allergies,THEMA EDITEUR::M MEDICINE AND NURSING::MJ CLINICAL AND INTERNAL MEDICINE::MJC DISEASES AND DISORDERS::MJCM IMMUNOLOGY::MJCM1 MEDICINE: ALLERGIES,Medical Sciences,13,,0,13,code+subject+abstract,strong,code MJ +4; subject keyword +4; abstract +1; subject keyword +4,Y,
Vivere la guerra: percorsi biografici e ruoli di genere tra Risorgimento e primo conflitto mondiale,gender history; Women and war,"THEMA EDITEUR::D BIOGRAPHY, LITERATURE AND LITERARY STUDIES::D BIOGRAPHY, LITERATURE AND LITERARY STUDIES::DN BIOGRAPHY AND NON-FICTION PROSE",Arts,6,Civil / Construction Engineering,1,5,code+subject,strong,code D +2; subject keyword +4,Y,
THE ART OF TUNING LITERARY TRANSLATION,Language and literature.Translation,THEMA EDITEUR::C LANGUAGE AND LINGUISTICS::CF LINGUISTICS::CFP TRANSLATION AND INTERPRETATION,Arts,7,Education and Social Sciences,1,6,code+subject+abstract,strong,code C +2; subject keyword +4; abstract +1,Y,
"Smart, Connected, and Portable Biosensors and Bioelectronics for Advancing Human Healthcare, Disease Diagnosis, and Therapeutics",portable biosensor; biomarkers in body fluids; portability; point-of-care; biosensor; ZnO NWs; piezoelectric effect; self-powered; real-time monitoring; waveguide; surface plasmon resonance; graphene; silicon carbide; refractive index,"THEMA EDITEUR::T TECHNOLOGY, ENGINEERING, AGRICULTURE, INDUSTRIAL PROCESSES::TB TECHNOLOGY: GENERAL ISSUES | THEMA EDITEUR::T TECHNOLOGY, ENGINEERING, AGRICULTURE, INDUSTRIAL PROCESSES::TB TECHNOLOGY: GENERAL ISSUES::TBX HISTORY OF ENGINEERING AND TECHNOLOGY",Medical Sciences,9,Applied Sciences,1,8,subject+title+abstract,strong,subject keyword +4; title +4; abstract +1,Y,
Out means Out?,European Union; WTO; international treaty law; Inter Se Agreements; analogy; withdrawal; state succession; Mixed agreements; EU only agreements; Art. 62 Vienna Convention on the Law of Treaties; regional integration organisation; EU-UK-Agreement,THEMA EDITEUR::L LAW::LB INTERNATIONAL LAW::LBB PUBLIC INTERNATIONAL LAW,Law,7,,0,7,code+subject+abstract,strong,code L +2; subject keyword +4; abstract +1,Y,
Democracia na América Latina,Political Science,THEMA EDITEUR::J SOCIETY AND SOCIAL SCIENCES::JP POLITICS AND GOVERNMENT::JPH POLITICAL STRUCTURE AND PROCESSES::JPHV POLITICAL STRUCTURES: DEMOCRACY,Education and Social Sciences,8,,0,8,code+subject,strong,code JP +4; subject keyword +4,Y,
Rome : éduquer et combattre,ancient history; ancient rome; roman army,THEMA EDITEUR::N HISTORY AND ARCHAEOLOGY::NH HISTORY::NHC ANCIENT HISTORY,Arts,6,,0,6,code+subject,strong,code N +2; subject keyword +4,Y,
Statistical Machine Learning for Human Behaviour Analysis,multi-objective evolutionary algorithms; rule-based classifiers; interpretable machine learning; categorical data; hand sign language; deep learning; restricted Boltzmann machine (RBM); multi-modal; profoundly deaf; noisy image; ensemble methods; adaptive classifiers; recurrent concepts; concept drift,"THEMA EDITEUR::T TECHNOLOGY, ENGINEERING, AGRICULTURE, INDUSTRIAL PROCESSES::TB TECHNOLOGY: GENERAL ISSUES::TBX HISTORY OF ENGINEERING AND TECHNOLOGY",Computer / IT,9,Applied Sciences,1,8,subject+title+abstract,strong,subject keyword +4; title +4; abstract +1,Y,
Stories that Make History. The Experience and Memories of the Japanese Military ›Comfort Girls-Women‹,Violence; Trauma research; Suppression; Korea,"THEMA EDITEUR::D BIOGRAPHY, LITERATURE AND LITERARY STUDIES::D BIOGRAPHY, LITERATURE AND LITERARY STUDIES::DN BIOGRAPHY AND NON-FICTION PROSE",Arts,6,,0,6,code+title,strong,code D +2; title +4,Y,
Role of the Adipocyte in Development of Type 2 Diabetes,Endocrinology,THEMA EDITEUR::M MEDICINE AND NURSING::MJ CLINICAL AND INTERNAL MEDICINE::MJG ENDOCRINOLOGY,Medical Sciences,13,,0,13,code+subject+title+abstract,strong,code MJ +4; subject keyword +4; title +4; abstract +1,Y,
Structural Bridge Engineering,"bridges, sustainability, virtual reality, construction, automation, architecture","THEMA EDITEUR::T TECHNOLOGY, ENGINEERING, AGRICULTURE, INDUSTRIAL PROCESSES::TN CIVIL ENGINEERING, SURVEYING AND BUILDING::TNC STRUCTURAL ENGINEERING",Civil / Construction Engineering,13,Architecture,4,9,code+subject+title+abstract,strong,code TN +4; subject keyword +4; title +4; abstract +1,Y,
Primary Health Care,Health psychology,THEMA EDITEUR::M MEDICINE AND NURSING::MB MEDICINE: GENERAL ISSUES::MBN PUBLIC HEALTH AND PREVENTIVE MEDICINE::MBNH PERSONAL AND PUBLIC HEALTH / HEALTH EDUCATION::MBNH9 HEALTH PSYCHOLOGY,Medical Sciences,14,Education and Social Sciences,8,6,code+title+abstract,strong,code MB +4; code MBN +5; title +4; abstract +1,Y,
Qu'en est-il du droit de la recherche,risque; liberté; valorisation; éthique; recherche,BIC BOOK INDUSTRY COMMUNICATION::L LAW,Law,7,Medical Sciences,1,6,code+title+abstract,strong,code L +2; title +4; abstract +1,Y,
"Programa de necesidades para la ampliación de la bilioteca de El Colegio de México, 2004-2024",Architecture: public buildings,"THEMA EDITEUR::A THE ARTS::AM ARCHITECTURE::AMG ARCHITECTURE: PUBLIC, COMMERCIAL AND INDUSTRIAL BUILDINGS",Architecture,8,,0,8,code+subject,strong,code AM +4; subject keyword +4,Y,
Selected Papers from the 45th Australasian Universities Building Education Association (AUBEA 2022),retention; women; career progression; construction; Australia; community-focused; case study; distributed renewable energy; reinforcement learning; virtual power plant; immersive technologies; virtual reality; technical education; construction project planning,"THEMA EDITEUR::T TECHNOLOGY, ENGINEERING, AGRICULTURE, INDUSTRIAL PROCESSES::TB TECHNOLOGY: GENERAL ISSUES",Education and Social Sciences,13,Civil / Construction Engineering,5,8,subject+title+abstract,strong,subject keyword +4; title +4; abstract +1; subject keyword +4,Y,
Criminology and Victimology in Practice,Social Science / Customs & Traditions; Social Science / Holidays (non-religious); Social Science / Sociology / General,THEMA EDITEUR::J SOCIETY AND SOCIAL SCIENCES::JH SOCIOLOGY AND ANTHROPOLOGY::JHB SOCIOLOGY,Education and Social Sciences,14,Agriculture,1,13,code+subject+abstract,strong,code JH +4; subject keyword +4; abstract +1; subject keyword +4; abstract +1,Y,
Akzeptanzprobleme der Marktwirtschaft: Ursachen und wirtschaftspolitische Konsequenzen.,Economics; Political Science,"THEMA EDITEUR::K ECONOMICS, FINANCE, BUSINESS AND MANAGEMENT::KC ECONOMICS::KCA ECONOMIC THEORY AND PHILOSOPHY | THEMA EDITEUR::K ECONOMICS, FINANCE, BUSINESS AND MANAGEMENT::KC ECONOMICS::KCP POLITICAL ECONOMY",Commerce,8,Education and Social Sciences,4,4,code+subject,strong,code KC +4; subject keyword +4,Y,
The Unitary Patent Package & Unified Patent Court,patent; law; UPP; UPC,THEMA EDITEUR::L LAW::LN LAWS OF SPECIFIC JURISDICTIONS AND SPECIFIC AREAS OF LAW::LNR INTELLECTUAL PROPERTY LAW::LNRD PATENTS LAW,Law,7,,0,7,code+subject+abstract,strong,code L +2; subject keyword +4; abstract +1,Y,
"Advances in Clinical Diabetes, Obesity, and Metabolic Diseases",type 2 diabetes; robot; RoBoHoN; certified diabetes care and education specialists; diabetes self-management; information and communication technology; degludec; glargine U300; glycemic variability; hypoglycemia; type 1 diabetes; telomere length; T/S ratio; diabetes mellitus type 2,"THEMA EDITEUR::M MEDICINE AND NURSING::MK MEDICAL SPECIALTIES, BRANCHES OF MEDICINE::MKZ THERAPY AND THERAPEUTICS::MKZV GENE THERAPY",Medical Sciences,14,Chemistry,4,10,code+subject+title+abstract,strong,code MK +4; subject keyword +4; title +4; abstract +1; abstract +1,Y,
"L’enseignement supérieur, une fabrique d’entrepreneurs ?",assessment; devices; entrepreneurship training; higher education; policies; praticises; skills,"THEMA EDITEUR::J SOCIETY AND SOCIAL SCIENCES::JN EDUCATION::JNM HIGHER EDUCATION, TERTIARY EDUCATION",Education and Social Sciences,8,Management,4,4,code+subject,strong,code JN +4; subject keyword +4,Y,
Provincial Families of the Renaissance,European history: Renaissance,THEMA EDITEUR::N HISTORY AND ARCHAEOLOGY::NH HISTORY::NHD EUROPEAN HISTORY,Arts,6,,0,6,code+subject,strong,code N +2; subject keyword +4,Y,
Iron Oxide Nanoparticles,Mechanical engineering & materials,"THEMA EDITEUR::T TECHNOLOGY, ENGINEERING, AGRICULTURE, INDUSTRIAL PROCESSES::TG MECHANICAL ENGINEERING AND MATERIALS::TGM MATERIALS SCIENCE",Mechanical Engineering,8,Material Science,5,3,code+subject,strong,code TG +4; subject keyword +4,N,"Iron oxide nanoparticles is materials/nano, not Mechanical Engineering"
Entre la autonomía progresiva y el interés superior del niño y de la niña una mirada holística a los derechos de la niñez y la adolescencia,,THEMA EDITEUR::L LAW::LA JURISPRUDENCE AND GENERAL ISSUES,Law,6,,0,6,code+title,strong,code L +2; title +4,Y,
El desafío de un pensar diferente,Philosophy,BIC BOOK INDUSTRY COMMUNICATION::H HUMANITIES::HP PHILOSOPHY::HPS SOCIAL & POLITICAL PHILOSOPHY | BIC BOOK INDUSTRY COMMUNICATION::H HUMANITIES::HP PHILOSOPHY::HPC HISTORY OF WESTERN PHILOSOPHY | THEMA EDITEUR::Q PHILOSOPHY AND RELIGION::QD PHILOSOPHY::QDT TOPICS IN PHILOSOPHY::QDTS SOCIAL AND POLITICAL PHILOSOPHY,Arts,8,,0,8,code+subject,strong,code H +2; code Q +2; subject keyword +4,Y,
L’abbaye cistercienne de Grandselve : Et sa place dans l’économie et la société méridoniales (xiie-xive siècles),Grandselve; histoire; abbaye; économie,"THEMA EDITEUR::D BIOGRAPHY, LITERATURE AND LITERARY STUDIES::D BIOGRAPHY, LITERATURE AND LITERARY STUDIES::DN BIOGRAPHY AND NON-FICTION PROSE",Commerce,9,Arts,2,7,subject+title+abstract,strong,subject keyword +4; title +4; abstract +1,N,"Medieval abbey history; ""économie"" keyword pulled it to Commerce"
Die Gewerbeschule des Großherzogtums Baden als frühes Modell einer Teilzeitschule im dual-alternierenden System : Einfluss der Polytechnischen Schule Karlsruhe auf die Entwicklung der badischen Gewerbeschule ; Anstöße zur Beseitigung aktueller Defizite in der deutschen Berufsausbildung in Anlehnung an Empfehlungen der Europäischen Kommission,Berufsbildungsreform; Duales System; Gewerbeschule; Berufliche Bildung; Großherzogtum Baden,BIC BOOK INDUSTRY COMMUNICATION::J SOCIETY & SOCIAL SCIENCES::JN EDUCATION | THEMA EDITEUR::J SOCIETY AND SOCIAL SCIENCES::JN EDUCATION,Education and Social Sciences,8,,0,8,code+subject,strong,code JN +4; subject keyword +4,Y,
Melanoma,Oncology,THEMA EDITEUR::M MEDICINE AND NURSING::MJ CLINICAL AND INTERNAL MEDICINE::MJC DISEASES AND DISORDERS::MJCL ONCOLOGY,Medical Sciences,9,,0,9,code+subject+abstract,strong,code MJ +4; subject keyword +4; abstract +1,Y,
The legal framework for refugee resettlement to the European Union with lessons from the American model,Analyse; base of competence; comparison; Ausübung der Kompetenz; Empfehlungen; concept of resettlement; Europäische Union; European Union; Flüchtlinge; exercise of competence,LNDA3,Law,7,,0,7,code+title+abstract,strong,code LNDA3 +2; title +4; abstract +1,Y,
Building a Successful Palestinian State,Political Science,"THEMA EDITEUR::J SOCIETY AND SOCIAL SCIENCES::JP POLITICS AND GOVERNMENT::JPS INTERNATIONAL RELATIONS | THEMA EDITEUR::J SOCIETY AND SOCIAL SCIENCES::JP POLITICS AND GOVERNMENT::JPW POLITICAL ACTIVISM / POLITICAL ENGAGEMENT::JPWL TERRORISM, ARMED STRUGGLE",Education and Social Sciences,8,Civil / Construction Engineering,1,7,code+subject,strong,code JP +4; subject keyword +4,Y,
Post-Katrina Recovery of the Housing Market Along the Mississippi Gulf Coast,Population Studies; Management & Organizational Behavior; Transportation Studies,"THEMA EDITEUR::K ECONOMICS, FINANCE, BUSINESS AND MANAGEMENT::KJ BUSINESS AND MANAGEMENT::KJW OFFICE AND WORKPLACE::KJWX WORKING PATTERNS AND PRACTICES | THEMA EDITEUR::J SOCIETY AND SOCIAL SCIENCES::JH SOCIOLOGY AND ANTHROPOLOGY::JHB SOCIOLOGY::JHBD POPULATION AND DEMOGRAPHY | THEMA EDITEUR::W LIFESTYLE, HOBBIES AND LEISURE::WG TRANSPORT: GENERAL INTEREST",Management,8,Education and Social Sciences,4,4,code+subject,strong,code KJ +4; subject keyword +4,Y,
Making Global Policy,public policy,THEMA EDITEUR::J SOCIETY AND SOCIAL SCIENCES::JP POLITICS AND GOVERNMENT::JPP PUBLIC ADMINISTRATION | THEMA EDITEUR::J SOCIETY AND SOCIAL SCIENCES::JP POLITICS AND GOVERNMENT::JPA POLITICAL SCIENCE AND THEORY | THEMA EDITEUR::J SOCIETY AND SOCIAL SCIENCES::JP POLITICS AND GOVERNMENT::JPS INTERNATIONAL RELATIONS::JPSN INTERNATIONAL INSTITUTIONS,Education and Social Sciences,9,Commerce,4,5,code+subject+abstract,strong,code JP +4; subject keyword +4; abstract +1,Y,
Gymnastēs. Pugilato tra metodologia e filosofia,Philostratus; Ancient Olympics; Boxing; Philosophy of mind; Sports science; Sports methodology,BIC BOOK INDUSTRY COMMUNICATION::H HUMANITIES::HP PHILOSOPHY::HPM PHILOSOPHY OF MIND | THEMA EDITEUR::Q PHILOSOPHY AND RELIGION::QD PHILOSOPHY::QDT TOPICS IN PHILOSOPHY::QDTM PHILOSOPHY OF MIND,Arts,9,,0,9,code+subject+abstract,strong,code H +2; code Q +2; subject keyword +4; abstract +1,Y,
Neurorehabilitation and Physical Therapy,Other branches of medicine,"THEMA EDITEUR::M MEDICINE AND NURSING::MK MEDICAL SPECIALTIES, BRANCHES OF MEDICINE::MKZ THERAPY AND THERAPEUTICS",Medical Sciences,17,Physiotherapy,5,12,code+subject+title+abstract,strong,code MK +4; subject keyword +4; title +4; abstract +1; subject keyword +4,Y,
With a Pure Conscience,History / Medieval,THEMA EDITEUR::N HISTORY AND ARCHAEOLOGY::NH HISTORY::NHD EUROPEAN HISTORY,Arts,6,Law,1,5,code+subject,strong,code N +2; subject keyword +4,Y,
Data Mining and Computational Intelligence for E-learning and Education,data mining tools; WEKA; J48 algorithm; KAPPA value; predict; confusion matrix; csv; school students; COVID-19; mental health; social support; picture fuzzy force field analysis (PF-FFA); level based weight assessment (LBWA); COVID,"THEMA EDITEUR::K ECONOMICS, FINANCE, BUSINESS AND MANAGEMENT::KN INDUSTRY AND INDUSTRIAL STUDIES::KNT MEDIA, ENTERTAINMENT, INFORMATION AND COMMUNICATION INDUSTRIES::KNTX INFORMATION TECHNOLOGY INDUSTRIES",Education and Social Sciences,9,Computer / IT,5,4,subject+title+abstract,strong,subject keyword +4; title +4; abstract +1,Y,
Estrategias de relaciones laborales en empresas multinacionales en Argentina y Brasil 2008-2019,Management & Organizational Behavior; Labor & Employment Relations; Business,"THEMA EDITEUR::K ECONOMICS, FINANCE, BUSINESS AND MANAGEMENT::KJ BUSINESS AND MANAGEMENT::KJM MANAGEMENT AND MANAGEMENT TECHNIQUES::KJMV MANAGEMENT OF SPECIFIC AREAS::KJMV2 PERSONNEL AND HUMAN RESOURCES MANAGEMENT | THEMA EDITEUR::K ECONOMICS, FINANCE, BUSINESS AND MANAGEMENT::KC ECONOMICS::KCF LABOUR / INCOME ECONOMICS | THEMA EDITEUR::K ECONOMICS, FINANCE, BUSINESS AND MANAGEMENT::KJ BUSINESS AND MANAGEMENT::KJZ HISTORY OF SPECIFIC COMPANIES / CORPORATE HISTORY",Management,13,Commerce,4,9,code+subject,strong,code KJ +4; code KJM +5; subject keyword +4,Y,
Grey Systems Theory in Business Management,grey system theory; MCDM; organizational reputation; contractor selection; business environment; compensation and benefit,THEMA EDITEUR::J SOCIETY AND SOCIAL SCIENCES::JP POLITICS AND GOVERNMENT::JPS INTERNATIONAL RELATIONS,Management,9,Education and Social Sciences,4,5,subject+title+abstract,strong,subject keyword +4; title +4; abstract +1,Y,
Histocompatibility,Immunology,THEMA EDITEUR::M MEDICINE AND NURSING::MJ CLINICAL AND INTERNAL MEDICINE::MJC DISEASES AND DISORDERS::MJCM IMMUNOLOGY,Medical Sciences,8,,0,8,code+subject,strong,code MJ +4; subject keyword +4,Y,
(Im)pertinências da educação: o trabalho educativo em pesquisa,PSYCHOLOGY,BIC BOOK INDUSTRY COMMUNICATION::J SOCIETY & SOCIAL SCIENCES::JM PSYCHOLOGY | THEMA EDITEUR::J SOCIETY AND SOCIAL SCIENCES::JM PSYCHOLOGY,Education and Social Sciences,17,,0,17,code+subject+title+abstract,strong,code JM +4; subject keyword +4; subject keyword +4; title +4; abstract +1,Y,
Nuestro norte sigue siendo el sur,Arquitetura; Modernidade/Colonialidade; Decolonial; Anticapitalista; Antipatriarcal; Antirracista,THEMA EDITEUR::A THE ARTS::AM ARCHITECTURE,Architecture,9,Civil / Construction Engineering,1,8,code+abstract+subject,strong,code AM +4; abstract +1; subject keyword +4,Y,
Cancer of the Uterine Endometrium,Oncology,THEMA EDITEUR::M MEDICINE AND NURSING::MJ CLINICAL AND INTERNAL MEDICINE::MJC DISEASES AND DISORDERS::MJCL ONCOLOGY,Medical Sciences,13,Life Sciences,1,12,code+subject+title+abstract,strong,code MJ +4; subject keyword +4; title +4; abstract +1,Y,
(Des)encontros trabalho-família: narrativas de familiares de trabalhadores migrantes do setor de produção de energia hidrelétrica,PSYCHOLOGY,BIC BOOK INDUSTRY COMMUNICATION::J SOCIETY & SOCIAL SCIENCES::JM PSYCHOLOGY | THEMA EDITEUR::J SOCIETY AND SOCIAL SCIENCES::JM PSYCHOLOGY,Education and Social Sciences,12,Energy,4,8,code+subject,strong,code JM +4; subject keyword +4; subject keyword +4,Y,
Diplomatie et religion,religion; diplomatie; État; radicalisme; fait religieux; relation internationale; laïcité; nation,"THEMA EDITEUR::N HISTORY AND ARCHAEOLOGY | THEMA EDITEUR::3 TIME PERIOD QUALIFIERS::3M C 1500 ONWARDS TO PRESENT DAY::3MP 20TH CENTURY, C 1900 TO C 1999",Arts,10,,0,10,code+subject+title,strong,code N +2; subject keyword +4; title +4,Y,
Unconventional Anticancer Metallodrugs and Strategies to Improve their Pharmacological Profile,?–? stacking; encapsulation; n/a; oxindolimine–metal complexes; cyclodextrin; platinum iodido complexes; distribution coefficient; antiproliferative activity; anticancer agents; nanotubes; ruthenium; platinum; Log kw; nanoparticles,"THEMA EDITEUR::P MATHEMATICS AND SCIENCE::PS BIOLOGY, LIFE SCIENCES",Pharmacy,8,Medical Sciences,5,3,subject+title,strong,subject keyword +4; title +4,Y,
Genetics of Acquired Antimicrobial Resistance in Animal and Zoonotic Pathogens,mutation; Antimicrobial resistance gene; Integron; integrative element; plasmid; resistome; food-producing animal; pet; One Health,"THEMA EDITEUR::P MATHEMATICS AND SCIENCE::PS BIOLOGY, LIFE SCIENCES::PSG MICROBIOLOGY (NON-MEDICAL)",Life Sciences,14,Medical Sciences,1,13,code+title+abstract,strong,code PS +4; code PSG +5; title +4; abstract +1,Y,
Trama de una guerra conveniente,History of the Americas,THEMA EDITEUR::N HISTORY AND ARCHAEOLOGY::NH HISTORY::NHK HISTORY OF THE AMERICAS,Arts,6,,0,6,code+subject,strong,code N +2; subject keyword +4,Y,
Lessons in Being Chinese,Social & cultural anthropology,"BIC BOOK INDUSTRY COMMUNICATION::J SOCIETY & SOCIAL SCIENCES::JH SOCIOLOGY & ANTHROPOLOGY::JHM ANTHROPOLOGY::JHMC SOCIAL & CULTURAL ANTHROPOLOGY, ETHNOGRAPHY | THEMA EDITEUR::J SOCIETY AND SOCIAL SCIENCES::JH SOCIOLOGY AND ANTHROPOLOGY::JHM ANTHROPOLOGY::JHMC SOCIAL AND CULTURAL ANTHROPOLOGY",Education and Social Sciences,9,,0,9,code+subject+abstract,strong,code JH +4; subject keyword +4; abstract +1,Y,
Fundamentos epistemológicos de las psicologías. Con énfasis en psicología transpersonal,"Psicología como ciencia, evolución de la psicología, evolución, psicología científica, disciplina",THEMA EDITEUR::N HISTORY AND ARCHAEOLOGY::NH HISTORY,Education and Social Sciences,10,Arts,3,7,abstract+subject+title,strong,abstract +1; subject keyword +4; title +4; abstract +1,Y,
Biogas,Alternative & renewable energy sources & technology,"THEMA EDITEUR::T TECHNOLOGY, ENGINEERING, AGRICULTURE, INDUSTRIAL PROCESSES::TH ENERGY TECHNOLOGY AND ENGINEERING::THY ENERGY, POWER GENERATION, DISTRIBUTION AND STORAGE",Energy,8,Chemistry,1,7,code+subject,strong,code TH +4; subject keyword +4,Y,
Ilustres ordinários do Brasil,History of the Americas,THEMA EDITEUR::N HISTORY AND ARCHAEOLOGY::NH HISTORY::NHK HISTORY OF THE AMERICAS,Arts,6,,0,6,code+subject,strong,code N +2; subject keyword +4,Y,
Food Processing and Packaging Technologies,food packaging; nanoparticles; chitosan; food security; circular economy; migration,"THEMA EDITEUR::T TECHNOLOGY, ENGINEERING, AGRICULTURE, INDUSTRIAL PROCESSES::TV AGRICULTURE AND FARMING::TVD AGRICULTURAL ENGINEERING AND MACHINERY",Agriculture,8,Nano Technology,5,3,code+subject,strong,code TV +4; subject keyword +4,Y,
Techno-ökonomische Planung energetischer Wohngebäudemodernisierungen : Ein gemischt-ganzzahliges lineares Optimierungsmodell auf Basis einer vollständigen Finanzplanung,Wohngebäude; Techno-ökonomische Planung; Energetische Modernisierung; Residential buildings; Vollständige Finanzplanung; Gemischt-ganzzahlige lineare OptimierungEnergetic refurbishment; Visualization of Financial Implications; Mixed-integer linear programming; Techno-economic planning,"BIC BOOK INDUSTRY COMMUNICATION::K ECONOMICS, FINANCE, BUSINESS & MANAGEMENT::KJ BUSINESS & MANAGEMENT::KJC BUSINESS STRATEGY",Commerce,13,Management,4,9,code+subject+title,strong,code KJC +5; subject keyword +4; title +4,N,"Energy-efficient housing planning; Commerce via ""ökonomische""; Energy/Architecture fits better"
Customary Marine Tenure in Australia,Law; American Indian Studies; Sociology,"THEMA EDITEUR::L LAW::LA JURISPRUDENCE AND GENERAL ISSUES | THEMA EDITEUR::J SOCIETY AND SOCIAL SCIENCES::JB SOCIETY AND CULTURE: GENERAL::JBS SOCIAL GROUPS, COMMUNITIES AND IDENTITIES::JBSL ETHNIC STUDIES::JBSL1 ETHNIC GROUPS AND MULTICULTURAL STUDIES::JBSL11 INDIGENOUS PEOPLES | THEMA EDITEUR::5 INTEREST QUALIFIERS::5P RELATING TO SPECIFIC GROUPS AND CULTURES OR SOCIAL AND CULTURAL INTERESTS::5PB RELATING TO PEOPLES: ETHNIC GROUPS, INDIGENOUS PEOPLES, CULTURES AND OTHER GROUPINGS OF PEOPLE::5PBA RELATING TO INDIGENOUS PEOPLES",Education and Social Sciences,12,Law,6,6,code+subject,strong,code JB +4; subject keyword +4; subject keyword +4,Y,
Estrategias de aprendizaje en investigación educativa para la formación de maestros,Estrategias de aprendizaje; Investigación; Formación de maestros; Maestros; Investigación educativa; Educación; Desarrollo profesional docente; Métodos de enseñanza; Pedagogía; Educación superior,THEMA EDITEUR::P MATHEMATICS AND SCIENCE | THEMA EDITEUR::J SOCIETY AND SOCIAL SCIENCES::JN EDUCATION::JNF EDUCATIONAL STRATEGIES AND POLICY,Education and Social Sciences,8,,0,8,code+subject,strong,code JN +4; subject keyword +4,Y,
Modeling Disease Spread and Control,disease spread; simulation model; decision making; mathematical model; disease control; network analysis,THEMA EDITEUR::M MEDICINE AND NURSING,Medical Sciences,9,Civil / Construction Engineering,1,8,subject+title+abstract,strong,subject keyword +4; title +4; abstract +1,Y,
The multiple roles of antibiotics and antibiotic resistance in nature,Water; environment; Microbiology; Plasmids; Soil; mobile elements; risk; human; Standards,"THEMA EDITEUR::P MATHEMATICS AND SCIENCE::PS BIOLOGY, LIFE SCIENCES::PSG MICROBIOLOGY (NON-MEDICAL)",Life Sciences,14,,0,14,code+subject+abstract,strong,code PS +4; code PSG +5; subject keyword +4; abstract +1,Y,
Old Age in the New Land,History of the Americas,THEMA EDITEUR::N HISTORY AND ARCHAEOLOGY::NH HISTORY::NHK HISTORY OF THE AMERICAS,Arts,7,Education and Social Sciences,1,6,code+subject+abstract,strong,code N +2; subject keyword +4; abstract +1,Y,
Teaching Political Science to Undergraduates. Active Pedagogy for the Microchip Mind,political science; university; higher education; active pedagogy; teaching and learning; case study; role-play,BIC BOOK INDUSTRY COMMUNICATION::H HUMANITIES,Education and Social Sciences,18,Arts,2,16,subject+title+abstract,strong,subject keyword +4; title +4; abstract +1; subject keyword +4; title +4; abstract +1,Y,
Investigación en Educación Primaria desde y para el aula,Social Sciences.Pedagogy and education; Education - Research.,THEMA EDITEUR::J SOCIETY AND SOCIAL SCIENCES::JN EDUCATION::JNA PHILOSOPHY AND THEORY OF EDUCATION::JNAS PROGRESSIVE EDUCATION,Education and Social Sciences,16,,0,16,code+subject+title,strong,code JN +4; subject keyword +4; subject keyword +4; title +4,Y,
Razones para ser anticapitalistas,Economics,"THEMA EDITEUR::K ECONOMICS, FINANCE, BUSINESS AND MANAGEMENT::KC ECONOMICS",Commerce,8,,0,8,code+subject,strong,code KC +4; subject keyword +4,Y,
La pirofanía en la poética de Nahui Olin,Pyrophany; Naui Olin; Erotic; Poetry; Pirofanía; Erótico; Poesía,DNT | DSB,Arts,7,,0,7,code+subject+abstract,strong,code DNT +2; subject keyword +4; abstract +1,Y,
La construcción social de los derechos y la cuestión del desarrollo,Political Science; Latin American Studies,BIC BOOK INDUSTRY COMMUNICATION::J SOCIETY & SOCIAL SCIENCES::JP POLITICS & GOVERNMENT | THEMA EDITEUR::J SOCIETY AND SOCIAL SCIENCES::JP POLITICS AND GOVERNMENT,Education and Social Sciences,8,Law,4,4,code+subject,strong,code JP +4; subject keyword +4,Y,
Programa de apoio a planos de reestruturação e expansão das universidades federais (REUNI),Educação e Estado; Ensino superior; Universidades e faculdades,JNMH,Education and Social Sciences,9,,0,9,code+abstract+subject,strong,code JNMH +4; abstract +1; subject keyword +4,Y,
The Psychgeist of Pop Culture,Pop culture; Psychology; Villains; Disney villains; Social science; Disney research,THEMA EDITEUR::J SOCIETY AND SOCIAL SCIENCES::JB SOCIETY AND CULTURE: GENERAL::JBC CULTURAL AND MEDIA STUDIES::JBCC CULTURAL STUDIES::JBCC1 POPULAR CULTURE,Education and Social Sciences,12,,0,12,code+subject,strong,code JB +4; subject keyword +4; subject keyword +4,Y,
Embedded Systems,Embedded systems,THEMA EDITEUR::U COMPUTING AND INFORMATION TECHNOLOGY::UG GRAPHICAL AND DIGITAL MEDIA APPLICATIONS,Electronics & Telecommunication Engineering,9,Arts,4,5,subject+title+abstract,strong,subject keyword +4; title +4; abstract +1,Y,
Perspectivas del Derecho ambiental en Colombia,Derecho ambiental; Conservación del medio ambiente; Contaminación; Legislación; Control ambiental; Función ecológica de la propiedad; Principio de rigor subsidiario; Áreas protegidas; Recursos naturales; Legislación auditoría ambiental; Política ambiental; Colombia,"THEMA EDITEUR::L LAW::LN LAWS OF SPECIFIC JURISDICTIONS AND SPECIFIC AREAS OF LAW::LNK ENVIRONMENT, TRANSPORT AND PLANNING LAW: GENERAL::LNKJ ENVIRONMENT LAW",Law,10,,0,10,code+subject+title,strong,code L +2; subject keyword +4; title +4,Y,
Micro/Nano Manufacturing Processes,laser induced thermal-crack propagation; high speed scanning; glass-silicon double-layer wafer; nanoscale surface roughness; micro-structures; ultra-precision machining; FTS/STS; fly cutting; raster milling; low-temperature gas cooling technology; laser-induced thermal crack propagation (LITP); soda-lime glass; track correction; femtosecond laser,"THEMA EDITEUR::T TECHNOLOGY, ENGINEERING, AGRICULTURE, INDUSTRIAL PROCESSES::TB TECHNOLOGY: GENERAL ISSUES | THEMA EDITEUR::M MEDICINE AND NURSING::MJ CLINICAL AND INTERNAL MEDICINE::MJC DISEASES AND DISORDERS::MJCL ONCOLOGY",Mechanical Engineering,9,Medical Sciences,4,5,subject+title+abstract,strong,subject keyword +4; title +4; abstract +1,Y,
México-Estados Unidos-Canadá,International economics,"THEMA EDITEUR::K ECONOMICS, FINANCE, BUSINESS AND MANAGEMENT::KC ECONOMICS::KCL INTERNATIONAL ECONOMICS",Commerce,8,,0,8,code+subject,strong,code KC +4; subject keyword +4,Y,
Mitochondria-targeted drug delivery,retinal ischemia; blood–brain barrier; endothelial; reactive oxygen species; oxidative stress; tunneling nanotubules; neuron; central nervous system; inflammation; hypoxia; anticancer peptide (ACP); antimicrobial peptide (AMP); anticancer peptides; antimicrobial peptides,"THEMA EDITEUR::G REFERENCE, INFORMATION AND INTERDISCIPLINARY SUBJECTS::GP RESEARCH AND INFORMATION: GENERAL | THEMA EDITEUR::P MATHEMATICS AND SCIENCE::PS BIOLOGY, LIFE SCIENCES",Pharmacy,13,Medical Sciences,9,4,subject+title+abstract,strong,subject keyword +4; title +4; abstract +1; subject keyword +4,Y,
Devenir sain,écologie; sociologie; corps; alimentation; morale; enjeux sociaux,THEMA EDITEUR::J SOCIETY AND SOCIAL SCIENCES::JH SOCIOLOGY AND ANTHROPOLOGY::JHB SOCIOLOGY,Education and Social Sciences,8,,0,8,code+subject,strong,code JH +4; subject keyword +4,Y,
Workshop Marrakech : La palmeraie en paysages,architecture du paysage; développement durable; palmeraie; Maroc,THEMA EDITEUR::A THE ARTS::AM ARCHITECTURE,Architecture,9,,0,9,code+subject+abstract,strong,code AM +4; subject keyword +4; abstract +1,Y,
Catholic Education,baptism; God; values; community; parish; duties; parents of the child receiving baptism; godparents; lay Catholics; formation; St. Francis; Franciscan spirituality; religious education; Poland,BIC BOOK INDUSTRY COMMUNICATION::H HUMANITIES::HR RELIGION & BELIEFS | BIC BOOK INDUSTRY COMMUNICATION::H HUMANITIES::HR RELIGION & BELIEFS::HRL ASPECTS OF RELIGION (NON-CHRISTIAN)::HRLB THEOLOGY | THEMA EDITEUR::Q PHILOSOPHY AND RELIGION::QR RELIGION AND BELIEFS,Education and Social Sciences,13,Arts,8,5,subject+title+abstract,strong,subject keyword +4; title +4; abstract +1; subject keyword +4,Y,
Le cognitif en didactique des mathématiques,connaissance; pédagogie; enseignement; cognition; éducation; mathématiques; apprentissage,BIC BOOK INDUSTRY COMMUNICATION::J SOCIETY & SOCIAL SCIENCES::JN EDUCATION | THEMA EDITEUR::J SOCIETY AND SOCIAL SCIENCES::JN EDUCATION,Education and Social Sciences,8,,0,8,code+subject,strong,code JN +4; subject keyword +4,Y,
Bennington and the Green Mountain Boys,History of the Americas,THEMA EDITEUR::N HISTORY AND ARCHAEOLOGY::NH HISTORY::NHK HISTORY OF THE AMERICAS,Arts,6,,0,6,code+subject,strong,code N +2; subject keyword +4,Y,
The Epithelial-to-Mesenchymal Transition (EMT) in Cancer,PLK1; CK2; epigenetics; cancer therapy; chemoresistance; TGF-beta; metastasis; non-coding RNAs; exosomes; cancer; epithelial-to-pericyte transition (EPT); Epithelial-to-mesenchymal transition (EMT),"THEMA EDITEUR::P MATHEMATICS AND SCIENCE::PS BIOLOGY, LIFE SCIENCES",Medical Sciences,9,Life Sciences,4,5,subject+title+abstract,strong,subject keyword +4; title +4; abstract +1,Y,
Erklären im Musikunterricht,Unterrichtsqualität; Multiperspektivität; empirische Bildungsforschung,THEMA EDITEUR::J SOCIETY AND SOCIAL SCIENCES::JN EDUCATION::JNU TEACHING OF A SPECIFIC SUBJECT,Education and Social Sciences,8,,0,8,code+subject,strong,code JN +4; subject keyword +4,Y,
Educação das relações étnico-raciais : avaliação da formação de docentes,,BIC BOOK INDUSTRY COMMUNICATION::J SOCIETY & SOCIAL SCIENCES::JN EDUCATION | THEMA EDITEUR::J SOCIETY AND SOCIAL SCIENCES::JN EDUCATION,Education and Social Sciences,9,,0,9,code+title+abstract,strong,code JN +4; title +4; abstract +1,Y,
In Defence of the Concept of Law,"Natural Law, Sovereign, Legal System, H. L. A. Hart, Ronald Dworkin, Hillary Nye, Concept-Nature Nexus","THEMA EDITEUR::L LAW::LA JURISPRUDENCE AND GENERAL ISSUES::LAB METHODS, THEORY AND PHILOSOPHY OF LAW",Law,11,Arts,1,10,code+subject+title+abstract,strong,code L +2; subject keyword +4; title +4; abstract +1,Y,
Macht und ökonomisches Gesetz.,Public Policy & Administration; Political Science,"BIC BOOK INDUSTRY COMMUNICATION::J SOCIETY & SOCIAL SCIENCES::JK SOCIAL SERVICES & WELFARE, CRIMINOLOGY::JKS SOCIAL WELFARE & SOCIAL SERVICES | BIC BOOK INDUSTRY COMMUNICATION::K ECONOMICS, FINANCE, BUSINESS & MANAGEMENT::KC ECONOMICS::KCP POLITICAL ECONOMY | THEMA EDITEUR::J SOCIETY AND SOCIAL SCIENCES::JK SOCIAL SERVICES AND WELFARE, CRIMINOLOGY::JKS SOCIAL WELFARE AND SOCIAL SERVICES",Education and Social Sciences,8,Commerce,4,4,code+subject,strong,code JK +4; subject keyword +4,Y,
"Mondes, formes et société selon Giordano Bruno",philosophie de la religion; philosophie de la nature; cosmologie,"BIC BOOK INDUSTRY COMMUNICATION::H HUMANITIES::HP PHILOSOPHY::HPC HISTORY OF WESTERN PHILOSOPHY::HPCB WESTERN PHILOSOPHY: MEDIEVAL & RENAISSANCE, C 500 TO C 1600 | THEMA EDITEUR::Q PHILOSOPHY AND RELIGION::QD PHILOSOPHY::QDH PHILOSOPHICAL TRADITIONS AND SCHOOLS OF THOUGHT::QDHF MEDIEVAL WESTERN PHILOSOPHY",Arts,8,,0,8,code+subject,strong,code H +2; code Q +2; subject keyword +4,Y,
Model Organisms,philosophy; biology,THEMA EDITEUR::N HISTORY AND ARCHAEOLOGY::NH HISTORY | THEMA EDITEUR::Q PHILOSOPHY AND RELIGION::QD PHILOSOPHY | THEMA EDITEUR::Q PHILOSOPHY AND RELIGION::QD PHILOSOPHY::QDT TOPICS IN PHILOSOPHY::QDTJ PHILOSOPHY: METAPHYSICS AND ONTOLOGY,Arts,8,Life Sciences,5,3,code+subject,strong,code N +2; code Q +2; subject keyword +4,Y,
"Advances in Friction, Lubrication, Wear and Oxidation in Metals Manufacturing",multiscale simulation; surface contact; roughness; mixed lubrication; tribology; UCMW cold rolling mill; finite element simulation; roll gap friction; shape control; indefinite chill roll; high speed steel; oxidation behavior; thermogravimetric analyzer (TGA); high-entropy alloy,"THEMA EDITEUR::T TECHNOLOGY, ENGINEERING, AGRICULTURE, INDUSTRIAL PROCESSES::TB TECHNOLOGY: GENERAL ISSUES | THEMA EDITEUR::T TECHNOLOGY, ENGINEERING, AGRICULTURE, INDUSTRIAL PROCESSES::TB TECHNOLOGY: GENERAL ISSUES::TBX HISTORY OF ENGINEERING AND TECHNOLOGY",Mechanical Engineering,9,Material Science,4,5,subject+title+abstract,strong,subject keyword +4; title +4; abstract +1,Y,
Manual de acogida para profesorado de nueva incorporación,Social Sciences.Pedagogy and education,THEMA EDITEUR::J SOCIETY AND SOCIAL SCIENCES::JN EDUCATION::JNA PHILOSOPHY AND THEORY OF EDUCATION::JNAS PROGRESSIVE EDUCATION,Education and Social Sciences,12,,0,12,code+subject,strong,code JN +4; subject keyword +4; subject keyword +4,Y,
Fahrerassistenzsysteme zur energieeffizienten Längsregelung - Analyse und Optimierung der Fahrsicherheit,Fahrerassistenz; vorausschauendes Fahren; driver assistance; driving safety; fuel-efficient driving; Energieeffizienz; Fahrsicherheit; energy-efficiency,"THEMA EDITEUR::T TECHNOLOGY, ENGINEERING, AGRICULTURE, INDUSTRIAL PROCESSES::TB TECHNOLOGY: GENERAL ISSUES",Energy,8,Applied Sciences,1,7,subject+title,strong,subject keyword +4; title +4,N,"Driver-assistance systems (automotive); Energy via ""energieeffizient"""
Mujer y literatura mexicana y chicana,Literature: history & criticism,"THEMA EDITEUR::D BIOGRAPHY, LITERATURE AND LITERARY STUDIES::D BIOGRAPHY, LITERATURE AND LITERARY STUDIES::DS LITERATURE: HISTORY AND CRITICISM",Arts,6,,0,6,code+subject,strong,code D +2; subject keyword +4,Y,
Der europäische Beobachter außereuropäischer Kulturen,Außereuropäische Länder; Non-European countries; Kulturanthropologie; cultural anthropology; Reiseberichte; Travel reports; Travelogues,THEMA EDITEUR::J SOCIETY AND SOCIAL SCIENCES::JB SOCIETY AND CULTURE: GENERAL::JBC CULTURAL AND MEDIA STUDIES::JBCC CULTURAL STUDIES::JBCC9 HISTORY OF IDEAS,Education and Social Sciences,8,Arts,1,7,code+subject,strong,code JB +4; subject keyword +4,Y,
Acts of Care,Women; Women's Health; History of Women's Health; Middle Ages; Medieval,THEMA EDITEUR::M MEDICINE AND NURSING | THEMA EDITEUR::N HISTORY AND ARCHAEOLOGY | THEMA EDITEUR::3 TIME PERIOD QUALIFIERS::3K CE PERIOD UP TO C 1500,Arts,7,Education and Social Sciences,4,3,code+subject+abstract,strong,code N +2; subject keyword +4; abstract +1,Y,
LDC external debt and the world economy,International economics,"THEMA EDITEUR::K ECONOMICS, FINANCE, BUSINESS AND MANAGEMENT::KC ECONOMICS::KCL INTERNATIONAL ECONOMICS",Commerce,8,,0,8,code+subject,strong,code KC +4; subject keyword +4,Y,
Hans Kelsen on Constitutional Democracy,Constitutional and administrative law; Public law; Political philosophy; Legal philosophy; Legal history,THEMA EDITEUR::L LAW::LN LAWS OF SPECIFIC JURISDICTIONS AND SPECIFIC AREAS OF LAW::LNX PUBLIC LAW | THEMA EDITEUR::L LAW::LN LAWS OF SPECIFIC JURISDICTIONS AND SPECIFIC AREAS OF LAW::LND CONSTITUTIONAL AND ADMINISTRATIVE LAW: GENERAL,Law,10,Arts,4,6,code+subject+title,strong,code L +2; subject keyword +4; title +4,Y,
Hungarian Yearbook of International Law and European Law 2024,human rights; mutual recognition; EU Presidency; preliminary ruling; Environmental Liability; European Banking Union; financial sovereignty,THEMA EDITEUR::L LAW::LB INTERNATIONAL LAW,Law,7,Commerce,4,3,code+title+abstract,strong,code L +2; title +4; abstract +1,Y,
Gastrointestinal Cancers,gastrointestinal cancers; stomach cancer; pancreatic cancer; colorectal cancer; gastrointestinal stromal tumors; esophageal cancer,MJCL,Medical Sciences,9,,0,9,code+subject+abstract,strong,code MJCL +4; subject keyword +4; abstract +1,Y,
Analytic Hierarchy Process,AHP; ANP; BOCR; Fuzzy Logic; Industrial; Manufacturing; Supply Chain; Sustainability; Digital Technologies; Strategy Selection; Benefits; Opportunities,"THEMA EDITEUR::K ECONOMICS, FINANCE, BUSINESS AND MANAGEMENT::KJ BUSINESS AND MANAGEMENT::KJM MANAGEMENT AND MANAGEMENT TECHNIQUES::KJMD MANAGEMENT DECISION MAKING",Management,13,Mechanical Engineering,4,9,code+subject,strong,code KJ +4; code KJM +5; subject keyword +4,Y,
English in Post-Revolutionary Iran,Language & Literature; Education,BIC BOOK INDUSTRY COMMUNICATION::J SOCIETY & SOCIAL SCIENCES::JN EDUCATION::JNT TEACHING SKILLS & TECHNIQUES | BIC BOOK INDUSTRY COMMUNICATION::J SOCIETY & SOCIAL SCIENCES::JN EDUCATION::JNF EDUCATIONAL STRATEGIES & POLICY | BIC BOOK INDUSTRY COMMUNICATION::C LANGUAGE::CJ LANGUAGE TEACHING & LEARNING (OTHER THAN ELT),Education and Social Sciences,9,Arts,6,3,code+subject+abstract,strong,code JN +4; subject keyword +4; abstract +1,Y,
Multimodality Treatments in Metastatic Gastric Cancer,advanced gastric cancer; precision medicine; new drug development; gastro-oesophageal cancer; mutational concordance; exome sequencing; formalin fixed paraffin embedded; biomarkers; gastric cancer; metastatic; body composition; sarcopenia; visceral fat area; subcutaneous fat area,THEMA EDITEUR::M MEDICINE AND NURSING,Medical Sciences,13,,0,13,subject+title+abstract,strong,subject keyword +4; title +4; abstract +1; subject keyword +4,Y,
Platforma 2,collective volume; humanities; lexicography; literary studies; philosophy; filozofija; humanistične vede; leksikografija; literarne vede; zborniki,THEMA EDITEUR::Q PHILOSOPHY AND RELIGION::QD PHILOSOPHY,Arts,6,,0,6,code+subject,strong,code Q +2; subject keyword +4,Y,
Antropología del cuidado,Social Sciences.Anthropology; Cultural and Social Anthropology,THEMA EDITEUR::J SOCIETY AND SOCIAL SCIENCES::JH SOCIOLOGY AND ANTHROPOLOGY::JHM ANTHROPOLOGY | THEMA EDITEUR::J SOCIETY AND SOCIAL SCIENCES::JB SOCIETY AND CULTURE: GENERAL::JBC CULTURAL AND MEDIA STUDIES::JBCC CULTURAL STUDIES::JBCC4 CULTURAL STUDIES: FOOD AND SOCIETY,Education and Social Sciences,12,,0,12,code+subject,strong,code JH +4; code JB +4; subject keyword +4,Y,
Clases sociales y acción obrera en Chile,History of the Americas,THEMA EDITEUR::N HISTORY AND ARCHAEOLOGY::NH HISTORY::NHK HISTORY OF THE AMERICAS,Arts,6,,0,6,code+subject,strong,code N +2; subject keyword +4,Y,
Reactive Sulfur Species in Biology and Medicine,reactive sulfur species; hydrogen sulfide; polysulfides; pharmacology,"THEMA EDITEUR::G REFERENCE, INFORMATION AND INTERDISCIPLINARY SUBJECTS::GP RESEARCH AND INFORMATION: GENERAL | THEMA EDITEUR::P MATHEMATICS AND SCIENCE::PS BIOLOGY, LIFE SCIENCES | THEMA EDITEUR::P MATHEMATICS AND SCIENCE::PS BIOLOGY, LIFE SCIENCES::PSB BIOCHEMISTRY",Life Sciences,14,Medical Sciences,9,5,code+title+abstract,strong,code PS +4; code PSB +5; title +4; abstract +1,Y,
A Widening Sphere,"Higher and further education, tertiary education; History of engineering and technology; History of education","BIC BOOK INDUSTRY COMMUNICATION::J SOCIETY & SOCIAL SCIENCES::JN EDUCATION::JNM HIGHER & FURTHER EDUCATION, TERTIARY EDUCATION::JNMN UNIVERSITIES | BIC BOOK INDUSTRY COMMUNICATION::T TECHNOLOGY, ENGINEERING, AGRICULTURE::TB TECHNOLOGY: GENERAL ISSUES::TBX HISTORY OF ENGINEERING & TECHNOLOGY | BIC BOOK INDUSTRY COMMUNICATION::J SOCIETY & SOCIAL SCIENCES::JN EDUCATION::JNB HISTORY OF EDUCATION",Education and Social Sciences,9,Arts,5,4,code+subject+abstract,strong,code JN +4; subject keyword +4; abstract +1,Y,
On the Origins of Global History,World history; geopolitics; global history; history,,Arts,9,,0,9,subject+title+abstract,strong,subject keyword +4; title +4; abstract +1,Y,
La santé au risque du marché,économie de la santé; risques; pays en voie de développement; éthique médicale; libéralisme économique; santé publique,,Medical Sciences,9,Commerce,4,5,subject+title+abstract,strong,subject keyword +4; title +4; abstract +1,Y,
"Obtaining and Characterization of New Materials, Volume II",sheep wool thermal-insulating mattresses; air quality; water vapor permeability; formaldehyde; road concrete; porosity; (NMR) relaxometry; freeze–thaw; blast furnace slag; bismuth; intermetallic compound; IMC thickness; mechanical properties; isothermal annealing,"THEMA EDITEUR::T TECHNOLOGY, ENGINEERING, AGRICULTURE, INDUSTRIAL PROCESSES::TB TECHNOLOGY: GENERAL ISSUES | THEMA EDITEUR::T TECHNOLOGY, ENGINEERING, AGRICULTURE, INDUSTRIAL PROCESSES::TB TECHNOLOGY: GENERAL ISSUES::TBX HISTORY OF ENGINEERING AND TECHNOLOGY | THEMA EDITEUR::T TECHNOLOGY, ENGINEERING, AGRICULTURE, INDUSTRIAL PROCESSES::TG MECHANICAL ENGINEERING AND MATERIALS::TGM MATERIALS SCIENCE",Material Science,9,Mechanical Engineering,4,5,code+subject,strong,code TGM +5; subject keyword +4,Y,
Antennas,Antennas; Wireless Communications; Microwave/RF Engineering,,Electronics & Telecommunication Engineering,9,,0,9,subject+title+abstract,strong,subject keyword +4; title +4; abstract +1,Y,
Publication and the Papacy in Late Antiquity and the Middle Ages,publishing; literature,"THEMA EDITEUR::D BIOGRAPHY, LITERATURE AND LITERARY STUDIES::D BIOGRAPHY, LITERATURE AND LITERARY STUDIES::DS LITERATURE: HISTORY AND CRITICISM | THEMA EDITEUR::D BIOGRAPHY, LITERATURE AND LITERARY STUDIES | THEMA EDITEUR::K ECONOMICS, FINANCE, BUSINESS AND MANAGEMENT::KN INDUSTRY AND INDUSTRIAL STUDIES::KNT MEDIA, ENTERTAINMENT, INFORMATION AND COMMUNICATION INDUSTRIES::KNTP PUBLISHING INDUSTRY AND JOURNALISM::KNTP1 PUBLISHING AND BOOK TRADE",Arts,8,Management,4,4,code+subject,strong,code D +2; code N +2; subject keyword +4,Y,
"Time, Power, and Resistances in Latin America: Narratives, Democracy, and Global Reconfigurations (English Version)",Humanities; Social Sciences; Interdisciplinary Analysis; Contemporary Narratives; Social Transformations,THEMA EDITEUR::J SOCIETY AND SOCIAL SCIENCES::JP POLITICS AND GOVERNMENT::JPA POLITICAL SCIENCE AND THEORY | THEMA EDITEUR::J SOCIETY AND SOCIAL SCIENCES,Education and Social Sciences,9,Arts,5,4,code+subject+abstract,strong,code JP +4; subject keyword +4; abstract +1,Y,
Neuroscience in Africa,Africa; biodiveristy; hiv/aids; Trypanosomiasis; Alcohol effects; Emerging viral diseases; Environmental Pollutants; Neuroanatomy; Ethnopharmacology,"THEMA EDITEUR::P MATHEMATICS AND SCIENCE::PD SCIENCE: GENERAL ISSUES | THEMA EDITEUR::P MATHEMATICS AND SCIENCE::PS BIOLOGY, LIFE SCIENCES::PSA LIFE SCIENCES: GENERAL ISSUES::PSAN NEUROSCIENCES",Life Sciences,8,Science,1,7,code+title,strong,code PS +4; title +4,Y,
Função do discurso em administração escolar no Brasil,Educação; Administração Escolar; Gestão da educação; Análise do discurso; Avaliação educacional; Cultura escolar; Currículo; Discurso educacional; Discurso institucional; Educação básica; Ensino-aprendizagem; Formação de professores; Gestão escolar; Linguagem e educação,THEMA EDITEUR::J SOCIETY AND SOCIAL SCIENCES::JN EDUCATION::JNK EDUCATIONAL ADMINISTRATION AND ORGANIZATION,Education and Social Sciences,8,,0,8,code+subject,strong,code JN +4; subject keyword +4,Y,
On Being Human,Sociology,THEMA EDITEUR::J SOCIETY AND SOCIAL SCIENCES::JB SOCIETY AND CULTURE: GENERAL | THEMA EDITEUR::J SOCIETY AND SOCIAL SCIENCES::JB SOCIETY AND CULTURE: GENERAL::JBG POPULAR BELIEFS AND CONTROVERSIAL KNOWLEDGE::JBGB FOLKLORE STUDIES / STUDY OF MYTH (MYTHOLOGY),Education and Social Sciences,12,Arts,1,11,code+subject,strong,code JB +4; subject keyword +4; subject keyword +4,Y,
World Cotton Germplasm Resources,Genetics (non-medical),"THEMA EDITEUR::P MATHEMATICS AND SCIENCE::PS BIOLOGY, LIFE SCIENCES::PSA LIFE SCIENCES: GENERAL ISSUES::PSAK GENETICS (NON-MEDICAL)",Life Sciences,8,Medical Sciences,4,4,code+subject,strong,code PS +4; subject keyword +4,Y,
Spiritual Fitness and Resilience,Population Studies; Health Sciences; Management & Organizational Behavior,"THEMA EDITEUR::K ECONOMICS, FINANCE, BUSINESS AND MANAGEMENT::KJ BUSINESS AND MANAGEMENT::KJM MANAGEMENT AND MANAGEMENT TECHNIQUES::KJMV MANAGEMENT OF SPECIFIC AREAS::KJMV2 PERSONNEL AND HUMAN RESOURCES MANAGEMENT | THEMA EDITEUR::M MEDICINE AND NURSING::MB MEDICINE: GENERAL ISSUES::MBN PUBLIC HEALTH AND PREVENTIVE MEDICINE | THEMA EDITEUR::J SOCIETY AND SOCIAL SCIENCES::JH SOCIOLOGY AND ANTHROPOLOGY::JHB SOCIOLOGY::JHBD POPULATION AND DEMOGRAPHY",Management,13,Medical Sciences,9,4,code+subject,strong,code KJ +4; code KJM +5; subject keyword +4,N,Resilience/spiritual fitness (military health); Management is a stretch
Pedagogická diagnostika a pedagogické diagnostikování,Educational assessment; diagnostic assessment; diagnosis; methods of educational assessment; cooperation with experts,BIC BOOK INDUSTRY COMMUNICATION::J SOCIETY & SOCIAL SCIENCES::JN EDUCATION::JNS TEACHING OF SPECIFIC GROUPS & PERSONS WITH SPECIAL EDUCATIONAL NEEDS | THEMA EDITEUR::J SOCIETY AND SOCIAL SCIENCES::JN EDUCATION::JNS TEACHING OF STUDENTS WITH DIFFERENT EDUCATIONAL NEEDS,Education and Social Sciences,8,Medical Sciences,4,4,code+title,strong,code JN +4; title +4,Y,
Climate Impacts on Glaciers and Biosphere in Fuego-Patagonia,Patagonia; Tierra del Fuego; cryosphere; biosphere; climate variability; climate change,"THEMA EDITEUR::P MATHEMATICS AND SCIENCE::PD SCIENCE: GENERAL ISSUES | THEMA EDITEUR::R EARTH SCIENCES, GEOGRAPHY, ENVIRONMENT, PLANNING::RG GEOGRAPHY::RGB PHYSICAL GEOGRAPHY AND TOPOGRAPHY",Science,9,,0,9,code+subject+title,strong,code PD +1; subject keyword +4; title +4,Y,
"Roman Jakobson, linguistica e poetica",analysis; linguistics,"THEMA EDITEUR::D BIOGRAPHY, LITERATURE AND LITERARY STUDIES::DS LITERATURE: HISTORY AND CRITICISM::DSB LITERARY STUDIES: GENERAL",Arts,6,,0,6,code+subject,strong,code D +2; subject keyword +4,Y,
Enzymes and Biocatalysis,enzyme identification; flavin-dependent halogenases; bromination; metagenome screening; bacterial consortia of Botryococcus braunii; bioinformatics; animal nutrition; enzyme; animal feed; zootechnical additive; digestibility; antinutritional factors; Aspergillus; protease,"THEMA EDITEUR::G REFERENCE, INFORMATION AND INTERDISCIPLINARY SUBJECTS::GP RESEARCH AND INFORMATION: GENERAL | THEMA EDITEUR::P MATHEMATICS AND SCIENCE::PS BIOLOGY, LIFE SCIENCES",Life Sciences,8,Mechanical Engineering,4,4,code+subject,strong,code PS +4; subject keyword +4,Y,
South Korean Migrants in China,Education,BIC BOOK INDUSTRY COMMUNICATION::J SOCIETY & SOCIAL SCIENCES::JN EDUCATION,Education and Social Sciences,9,,0,9,code+subject+abstract,strong,code JN +4; subject keyword +4; abstract +1,Y,
The Impact of the International Livestock Research Institute,"research institutes, research, livestock, livestock farming, livestock enterprises, reviews, domestic animals; economic impact; sociological impact; scientific impact","THEMA EDITEUR::P MATHEMATICS AND SCIENCE::PS BIOLOGY, LIFE SCIENCES::PSV ZOOLOGY AND ANIMAL SCIENCES | THEMA EDITEUR::T TECHNOLOGY, ENGINEERING, AGRICULTURE, INDUSTRIAL PROCESSES::TV AGRICULTURE AND FARMING::TVH ANIMAL HUSBANDRY | THEMA EDITEUR::T TECHNOLOGY, ENGINEERING, AGRICULTURE, INDUSTRIAL PROCESSES::TV AGRICULTURE AND FARMING::TVB AGRICULTURAL SCIENCE",Agriculture,14,Life Sciences,4,10,code+subject+title+abstract,strong,code TV +4; subject keyword +4; title +4; abstract +1; abstract +1,Y,
Bases anticoloniais para o ensino histórico-crítico de química,Química; Estudo; Ensino; Pedagogia crítica; Relações étnicas; Relações raciais; Educação antirracista; História e cultura africana; História e cultura afro-brasileira; Lei 11.645; 2008; Ensino de ciências; Currículo escolar; Práticas pedagógicas,THEMA EDITEUR::P MATHEMATICS AND SCIENCE::PN CHEMISTRY,Education and Social Sciences,8,Chemistry,4,4,subject+title,strong,subject keyword +4; title +4,Y,
Préparer la relève : Neuf études de cas sur l’entreprise au Québec,marketing; entreprise; PME; gestion; Québec,"BIC BOOK INDUSTRY COMMUNICATION::K ECONOMICS, FINANCE, BUSINESS & MANAGEMENT::KJ BUSINESS & MANAGEMENT::KJC BUSINESS STRATEGY",Management,12,Commerce,5,7,code+subject,strong,code KJ +4; subject keyword +4; subject keyword +4,Y,
Amarakaeri,biodiversity; conservation; environmental management; Amarakaeri Communal Reserve; Madre de Dios; peru; Ecological Impacts,"THEMA EDITEUR::R EARTH SCIENCES, GEOGRAPHY, ENVIRONMENT, PLANNING::RN THE ENVIRONMENT::RNC APPLIED ECOLOGY::RNCB BIODIVERSITY",Life Sciences,9,,0,9,code+subject+abstract,strong,code RN +4; subject keyword +4; abstract +1,Y,
Psychologie práce a organizace 2019,work psychology; organizational psychology; applied psychological disciplines,BIC BOOK INDUSTRY COMMUNICATION::J SOCIETY & SOCIAL SCIENCES::JM PSYCHOLOGY::JMJ OCCUPATIONAL & INDUSTRIAL PSYCHOLOGY | THEMA EDITEUR::J SOCIETY AND SOCIAL SCIENCES::JM PSYCHOLOGY::JMJ OCCUPATIONAL AND INDUSTRIAL PSYCHOLOGY,Education and Social Sciences,16,Management,4,12,code+subject+title,strong,code JM +4; subject keyword +4; subject keyword +4; title +4,Y,
"Educational Neuroscience, Constructivist Learning, and the Mediation of Learning and Creativity in the 21st Century",constructivist learning; neuromyth; Motivation; Music; reasoning; reading; math; creativity; educational neuroscience; neuroplasticity,BIC BOOK INDUSTRY COMMUNICATION::J SOCIETY & SOCIAL SCIENCES::JM PSYCHOLOGY | THEMA EDITEUR::J SOCIETY AND SOCIAL SCIENCES::JM PSYCHOLOGY,Life Sciences,9,Education and Social Sciences,6,3,subject+title+abstract,strong,subject keyword +4; title +4; abstract +1,N,"Educational neuroscience belongs in Education, not Life Sciences"
Natural Medicinal Plants,Complementary medicine,THEMA EDITEUR::M MEDICINE AND NURSING::MX COMPLEMENTARY AND ALTERNATIVE MEDICINE AND THERAPIES,Medical Sciences,14,Ayurveda,4,10,subject+abstract+title,strong,subject keyword +4; abstract +1; subject keyword +4; title +4; abstract +1,Y,
Heart Transplantation,Cardiology,THEMA EDITEUR::M MEDICINE AND NURSING::MJ CLINICAL AND INTERNAL MEDICINE::MJD CARDIOVASCULAR MEDICINE,Medical Sciences,10,Nursing,1,9,code+subject+abstract,strong,code MJ +4; subject keyword +4; abstract +1; abstract +1,Y,
Newborn Screening for Pompe Disease,Pompe disease; newborn screening; diagnosis; infantile onset Pompe disease; late onset Pompe disease; patient perspective; n/a; California; follow-up; pseudodeficiency; late-onset; infantile-onset; presymptomatic; c.-32-13T&amp,"THEMA EDITEUR::T TECHNOLOGY, ENGINEERING, AGRICULTURE, INDUSTRIAL PROCESSES::TB TECHNOLOGY: GENERAL ISSUES",Medical Sciences,9,Applied Sciences,1,8,subject+title+abstract,strong,subject keyword +4; title +4; abstract +1,Y,
Effect of Climate Change on Salmonid Fishes in Rivers,cortisol; high-temperature stress; autophagy; RNA-Seq; skeletal muscle; anadromous fish; ecological responses to climate change; future projections; global change; ocean; freshwater; climate change; conservation genetics; effective population size,THEMA EDITEUR::P MATHEMATICS AND SCIENCE::PB MATHEMATICS::PBW APPLIED MATHEMATICS,Science,10,Life Sciences,5,5,code+subject+title+abstract,strong,code PB +1; subject keyword +4; title +4; abstract +1,N,"Fish physiology under climate stress is Life Sciences, not Science"
Osteoarthritis,Immunology,THEMA EDITEUR::M MEDICINE AND NURSING::MJ CLINICAL AND INTERNAL MEDICINE::MJC DISEASES AND DISORDERS::MJCM IMMUNOLOGY,Medical Sciences,10,,0,10,code+subject+abstract,strong,code MJ +4; subject keyword +4; abstract +1; abstract +1,Y,
Comparative Pathology and Immunohistochemistry of Veterinary Species,Sarcoptes scabiei; dermis cellular response; wolf; red fox; chamois; red deer; immunohistochemistry; Spanish goat encephalitis virus (SGEV); goat; lambs; cell population; dog; pheochromocytoma; SDH,THEMA EDITEUR::M MEDICINE AND NURSING,Medical Sciences,9,Agriculture,5,4,subject+title+abstract,strong,subject keyword +4; title +4; abstract +1,N,Veterinary/wildlife pathology filed under Medical Sciences
Gershom Scholem and the Mystical Dimension of Jewish History,Religion,BIC BOOK INDUSTRY COMMUNICATION::H HUMANITIES::HR RELIGION & BELIEFS::HRJ JUDAISM | THEMA EDITEUR::Q PHILOSOPHY AND RELIGION::QR RELIGION AND BELIEFS::QRJ JUDAISM,Arts,13,,0,13,code+subject+title+abstract,strong,code H +2; code Q +2; subject keyword +4; title +4; abstract +1,Y,
Forme materiate,"ancient philosophy, ontology, Aristotle",QDHA,Arts,6,,0,6,code+subject,strong,code QDHA +2; subject keyword +4,Y,
Distinction (droit) public / (droit) privé,law; private law; public law,THEMA EDITEUR::L LAW::LN LAWS OF SPECIFIC JURISDICTIONS AND SPECIFIC AREAS OF LAW::LNA LEGAL SYSTEMS: GENERAL | THEMA EDITEUR::L LAW::LN LAWS OF SPECIFIC JURISDICTIONS AND SPECIFIC AREAS OF LAW::LNF CRIMINAL LAW: PROCEDURE AND OFFENCES,Law,10,,0,10,code+subject+title,strong,code L +2; subject keyword +4; title +4,Y,
Primary health care and continuous quality improvement,Health care; Community health; Continuous quality improvement; Chronic illness,"THEMA EDITEUR::J SOCIETY AND SOCIAL SCIENCES::JK SOCIAL SERVICES AND WELFARE, CRIMINOLOGY::JKS SOCIAL WELFARE AND SOCIAL SERVICES::JKSM CARE OF PEOPLE WITH MENTAL HEALTH ISSUES | THEMA EDITEUR::M MEDICINE AND NURSING::MB MEDICINE: GENERAL ISSUES::MBP HEALTH SYSTEMS AND SERVICES::MBPA PRIMARY CARE MEDICINE, PRIMARY HEALTH CARE | THEMA EDITEUR::J SOCIETY AND SOCIAL SCIENCES::JB SOCIETY AND CULTURE: GENERAL::JBS SOCIAL GROUPS, COMMUNITIES AND IDENTITIES::JBSL ETHNIC STUDIES::JBSL1 ETHNIC GROUPS AND MULTICULTURAL STUDIES::JBSL11 INDIGENOUS PEOPLES",Medical Sciences,18,Education and Social Sciences,8,10,code+subject+title+abstract,strong,code MB +4; code MBN +5; subject keyword +4; title +4; abstract +1,Y,
Poznogotski krilni oltar v cerkvi sv. Križa v Kojskem (1515) in življenje v Brdih v 16. stoletju,16th century; altars; church architecture; Church of St. Cross; everyday life; Goriška Brda; historical surveys; Kojsko; 16. st.; Cerkev sv. križa; cerkvena arhitektura; oltarji; vsakdanje življenje; zgodovinski pregledi,THEMA EDITEUR::1 PLACE QUALIFIERS::1D EUROPE::1DX SOUTHEAST EUROPE::1DXV SLOVENIA | THEMA EDITEUR::A THE ARTS::AG THE ARTS: TREATMENTS AND SUBJECTS::AGA HISTORY OF ART | THEMA EDITEUR::6 STYLE QUALIFIERS::6B STYLES (B)::6BA BAROQUE,Architecture,8,Arts,4,4,code+subject,strong,code AM +4; subject keyword +4,Y,
Advancements in Individualized Plastic and Reconstructive Surgery,personalized surgery; plastic and reconstructive surgery; precision medicine,THEMA EDITEUR::M MEDICINE AND NURSING,Medical Sciences,13,,0,13,subject+title+abstract,strong,subject keyword +4; title +4; abstract +1; subject keyword +4,Y,
Confucian Iconoclasm,Asian history,BIC BOOK INDUSTRY COMMUNICATION::H HUMANITIES::HB HISTORY::HBJ REGIONAL & NATIONAL HISTORY::HBJF ASIAN HISTORY,Arts,7,,0,7,code+subject+abstract,strong,code H +2; subject keyword +4; abstract +1,Y,
Economía agraria y asociatividad cooperativa en Colombia,Agricultural economy; Cooperative associations,"BIC BOOK INDUSTRY COMMUNICATION::K ECONOMICS, FINANCE, BUSINESS & MANAGEMENT::KC ECONOMICS::KCM DEVELOPMENT ECONOMICS & EMERGING ECONOMIES",Commerce,9,Agriculture,4,5,code+title+abstract,strong,code KC +4; title +4; abstract +1,Y,
A construção do perfil do assistente social no cenário educacional,PSYCHOLOGY,BIC BOOK INDUSTRY COMMUNICATION::J SOCIETY & SOCIAL SCIENCES::JM PSYCHOLOGY | THEMA EDITEUR::J SOCIETY AND SOCIAL SCIENCES::JM PSYCHOLOGY,Education and Social Sciences,17,,0,17,code+subject+title+abstract,strong,code JM +4; subject keyword +4; subject keyword +4; title +4; abstract +1,Y,
Mediendemokratie in guter Verfassung?,Democratic public; Digitalization; Media law; Media rights; public opinion; Freedom of Press,THEMA EDITEUR::L LAW::LN LAWS OF SPECIFIC JURISDICTIONS AND SPECIFIC AREAS OF LAW::LND CONSTITUTIONAL AND ADMINISTRATIVE LAW: GENERAL::LNDX CONSTITUTION,Law,6,,0,6,code+subject,strong,code L +2; subject keyword +4,Y,
Hacia un concepto multifactorial del aprendizaje y la memoria. Aplicaciones tendientes a una visión neuropsicopedagógica (Vol. II),Learning; Pedagogy; Psychology; Memory,BIC BOOK INDUSTRY COMMUNICATION::J SOCIETY & SOCIAL SCIENCES::JN EDUCATION | THEMA EDITEUR::J SOCIETY AND SOCIAL SCIENCES::JN EDUCATION,Education and Social Sciences,12,,0,12,code+subject,strong,code JN +4; subject keyword +4; subject keyword +4,Y,
Biodiversity of Marine Microbes,nutrients; HABs; mucilaginous aggregates; Noctiluca scintillans; Dinophysis; Mesodinium rubrum; microbial food web; bacteria; nanoflagellates; ciliates; Taiwan Strait; bacterial and archaea diversity; light; climate change,"THEMA EDITEUR::T TECHNOLOGY, ENGINEERING, AGRICULTURE, INDUSTRIAL PROCESSES::TQ ENVIRONMENTAL SCIENCE, ENGINEERING AND TECHNOLOGY",Life Sciences,9,Science,4,5,code+title+abstract,strong,code TQ +4; title +4; abstract +1,Y,
Nicaragua en crisis,History; Latin American Studies,THEMA EDITEUR::N HISTORY AND ARCHAEOLOGY::NH HISTORY::NHK HISTORY OF THE AMERICAS,Arts,6,,0,6,code+subject,strong,code N +2; subject keyword +4,Y,
Modelling Event-Based Interactions in Component-Based Architectures for Quantitative System Evaluation,Performance Prediction; Software Architecture; Event-based Systems; Modelling,BIC BOOK INDUSTRY COMMUNICATION::U COMPUTING & INFORMATION TECHNOLOGY::UY COMPUTER SCIENCE,Computer / IT,8,Architecture,5,3,code+subject,strong,code UY +4; subject keyword +4,Y,
Advances in Malignant Melanoma,Oncology,THEMA EDITEUR::M MEDICINE AND NURSING::MJ CLINICAL AND INTERNAL MEDICINE::MJC DISEASES AND DISORDERS::MJCL ONCOLOGY,Medical Sciences,9,Nursing,1,8,code+subject+abstract,strong,code MJ +4; subject keyword +4; abstract +1,Y,
Golpe en Brasil,Communication Studies; Political Science; History; Latin American Studies,THEMA EDITEUR::J SOCIETY AND SOCIAL SCIENCES::JB SOCIETY AND CULTURE: GENERAL::JBC CULTURAL AND MEDIA STUDIES::JBCT MEDIA STUDIES | THEMA EDITEUR::J SOCIETY AND SOCIAL SCIENCES::JP POLITICS AND GOVERNMENT::JPH POLITICAL STRUCTURE AND PROCESSES::JPHV POLITICAL STRUCTURES: DEMOCRACY | THEMA EDITEUR::N HISTORY AND ARCHAEOLOGY::NH HISTORY::NHK HISTORY OF THE AMERICAS,Education and Social Sciences,12,Arts,6,6,code+subject,strong,code JB +4; code JP +4; subject keyword +4,Y,
Evolución de la exclusión social en la Región de Murcia,Social Sciences.Sociology; MURCIA,THEMA EDITEUR::J SOCIETY AND SOCIAL SCIENCES::JH SOCIOLOGY AND ANTHROPOLOGY::JHB SOCIOLOGY | THEMA EDITEUR::J SOCIETY AND SOCIAL SCIENCES::JB SOCIETY AND CULTURE: GENERAL::JBF SOCIAL AND ETHICAL ISSUES::JBFA SOCIAL DISCRIMINATION AND SOCIAL JUSTICE,Education and Social Sciences,16,,0,16,code+subject,strong,code JH +4; code JB +4; subject keyword +4; subject keyword +4,Y,
Sports Science and Human Health,Medical bioinformatics,THEMA EDITEUR::M MEDICINE AND NURSING::MB MEDICINE: GENERAL ISSUES::MBD MEDICAL PROFESSION::MBDC MEDICAL ETHICS AND PROFESSIONAL CONDUCT,Medical Sciences,8,Bio Technology,4,4,code+subject,strong,code MB +4; subject keyword +4,Y,
What the Army Needs to Know to Align Its Operational and Institutional Activities,Political Science; History,THEMA EDITEUR::J SOCIETY AND SOCIAL SCIENCES::JP POLITICS AND GOVERNMENT::JPV POLITICAL CONTROL AND FREEDOMS,Education and Social Sciences,8,Arts,4,4,code+subject,strong,code JP +4; subject keyword +4,Y,
Digital Systems,"artificial intelligence, deep learning, automation, neural networks, genetic algorithms, neuron",THEMA EDITEUR::U COMPUTING AND INFORMATION TECHNOLOGY::UY COMPUTER SCIENCE::UYQ ARTIFICIAL INTELLIGENCE::UYQN NEURAL NETWORKS AND FUZZY SYSTEMS,Computer / IT,9,Electronics & Telecommunication Engineering,1,8,code+subject+abstract,strong,code UY +4; subject keyword +4; abstract +1,Y,
La caverna nel bosco,Clinical Psychology; Critical care; Child wellbeing; Visitors to patients; Family-centered care; Humanization of care,BIC BOOK INDUSTRY COMMUNICATION::J SOCIETY & SOCIAL SCIENCES::JM PSYCHOLOGY::JMF FAMILY PSYCHOLOGY | THEMA EDITEUR::J SOCIETY AND SOCIAL SCIENCES::JM PSYCHOLOGY::JMF FAMILY PSYCHOLOGY,Education and Social Sciences,12,Medical Sciences,4,8,code+subject,strong,code JM +4; subject keyword +4; subject keyword +4,N,Paediatric critical care visiting; Nursing/Medical fits better than Education
Atrás no es ningún sitio,"Biographies, literature and literary studies; Language and literature.Poetry; Spanish poetry - 20th century - texts","THEMA EDITEUR::D BIOGRAPHY, LITERATURE AND LITERARY STUDIES::DC POETRY::DCC MODERN AND CONTEMPORARY POETRY (C 1900 ONWARDS)",Arts,6,,0,6,code+subject,strong,code D +2; subject keyword +4,Y,
Advanced Antennas for Wireless Communication Systems,dielectric resonator; MIMO communication; 5G antenna; Sub-6 GHz communication; WiMAX communication; CMA; decoupling stub; ECC; isolation; UWB-MIMO; MIMO; 5G communication; antenna; gigahertz,"THEMA EDITEUR::M MEDICINE AND NURSING::MK MEDICAL SPECIALTIES, BRANCHES OF MEDICINE::MKG PHARMACOLOGY::MKGW PSYCHOPHARMACOLOGY",Electronics & Telecommunication Engineering,9,Dental,5,4,subject+title+abstract,strong,subject keyword +4; title +4; abstract +1,Y,
Histoire sociale des faits économiques,socialisme; monarchie; démocratie; révolution; 1789; évolution; rythme; salariat; belle époque; industriel; structure,"THEMA EDITEUR::K ECONOMICS, FINANCE, BUSINESS AND MANAGEMENT::KC ECONOMICS::KCZ ECONOMIC HISTORY",Commerce,8,,0,8,code+title,strong,code KC +4; title +4,Y,
"Verhandlungen des Vereins für Socialpolitik in Wien, 1909. I. Zum Gedächtnis an Georg Hanssen – II. Die wirtschaftlichen Unternehmungen der Gemeinden – III. Die Produktivität der Volkswirtschaft.",Economics; Finance,"THEMA EDITEUR::K ECONOMICS, FINANCE, BUSINESS AND MANAGEMENT::KC ECONOMICS::KCB MACROECONOMICS | THEMA EDITEUR::K ECONOMICS, FINANCE, BUSINESS AND MANAGEMENT::KF FINANCE AND ACCOUNTING::KFF FINANCE AND THE FINANCE INDUSTRY::KFFD PUBLIC FINANCE AND TAXATION",Commerce,17,,0,17,code+subject,strong,code KC +4; code KF +4; code KFF +5; subject keyword +4,Y,
Viral Gene Therapy,Medical genetics,THEMA EDITEUR::M MEDICINE AND NURSING::MF PRE-CLINICAL MEDICINE: BASIC SCIENCES::MFN MEDICAL GENETICS,Medical Sciences,9,Life Sciences,4,5,subject+title+abstract,strong,subject keyword +4; title +4; abstract +1,Y,
Advanced Catalytic Materials,Solid state chemistry,"THEMA EDITEUR::P MATHEMATICS AND SCIENCE::PN CHEMISTRY::PNF ANALYTICAL CHEMISTRY::PNFS SPECTRUM ANALYSIS, SPECTROCHEMISTRY, MASS SPECTROMETRY",Chemistry,8,Life Sciences,1,7,code+subject,strong,code PN +4; subject keyword +4,Y,
Biocomputing 2014:Proceedings of the Pacific Symposium,Protein Interactions; Metabolomics; Biocomputing; Computational Genetics; Ontology; Computational Proteomics; Bioinformatics,"THEMA EDITEUR::P MATHEMATICS AND SCIENCE::PS BIOLOGY, LIFE SCIENCES",Life Sciences,9,Bio Technology,4,5,code+subject+abstract,strong,code PS +4; subject keyword +4; abstract +1,Y,
La (dis)continuité en Droit,espace normatif; évolution; transition; perpétuation; rupture,BIC BOOK INDUSTRY COMMUNICATION::L LAW,Law,7,,0,7,code+title+abstract,strong,code L +2; title +4; abstract +1,Y,
Raman Spectroscopy and Applications,"sers, graphene, sensors, biosensors, algae, carbon","THEMA EDITEUR::P MATHEMATICS AND SCIENCE::PN CHEMISTRY::PNF ANALYTICAL CHEMISTRY::PNFS SPECTRUM ANALYSIS, SPECTROCHEMISTRY, MASS SPECTROMETRY",Chemistry,9,Medical Sciences,2,7,code+title+abstract,strong,code PN +4; title +4; abstract +1,Y,
Regards critiques sur quelques (r)évolutions récentes du droit : Tome 1 : Bilans et Tome 2 : Réformes-Révolutions,liberté individuelle; ingérence; norme; décentralisation; filiation,BIC BOOK INDUSTRY COMMUNICATION::L LAW,Law,7,Commerce,1,6,code+title+abstract,strong,code L +2; title +4; abstract +1,Y,
Small Ideas for Saving Big Health Care Dollars,Health Sciences; History,"THEMA EDITEUR::M MEDICINE AND NURSING::MK MEDICAL SPECIALTIES, BRANCHES OF MEDICINE::MKP ACCIDENT AND EMERGENCY MEDICINE | THEMA EDITEUR::M MEDICINE AND NURSING::MB MEDICINE: GENERAL ISSUES::MBQ MEDICOLEGAL ISSUES | THEMA EDITEUR::M MEDICINE AND NURSING::MJ CLINICAL AND INTERNAL MEDICINE",Medical Sciences,17,Arts,4,13,code+title+abstract,strong,code MK +4; code MB +4; code MJ +4; title +4; abstract +1,Y,
HIV-infection,Infectious & contagious diseases,THEMA EDITEUR::M MEDICINE AND NURSING::MJ CLINICAL AND INTERNAL MEDICINE::MJC DISEASES AND DISORDERS::MJCJ INFECTIOUS AND CONTAGIOUS DISEASES,Medical Sciences,8,,0,8,code+title,strong,code MJ +4; title +4,Y,
Sustainability with Changing Climate and Extremes,trade conflict; carbon emissions; import and export trade; cooperative emission reduction; meteorological hazards; risk assessment; spatial pattern; population exposure; Qinghai-Tibet Plateau; climate change; slope geohazards; new geohazard clusters; extreme cooling events; Arctic Oscillation,"THEMA EDITEUR::G REFERENCE, INFORMATION AND INTERDISCIPLINARY SUBJECTS::GP RESEARCH AND INFORMATION: GENERAL | THEMA EDITEUR::K ECONOMICS, FINANCE, BUSINESS AND MANAGEMENT::KC ECONOMICS::KCV ECONOMICS OF SPECIFIC SECTORS::KCVG ENVIRONMENTAL ECONOMICS",Science,9,Commerce,4,5,subject+title+abstract,strong,subject keyword +4; title +4; abstract +1,Y,
Sustainable Radio Frequency Identification Solutions,WAP (wireless) technology,"THEMA EDITEUR::T TECHNOLOGY, ENGINEERING, AGRICULTURE, INDUSTRIAL PROCESSES::TJ ELECTRONICS AND COMMUNICATIONS ENGINEERING::TJK COMMUNICATIONS ENGINEERING / TELECOMMUNICATIONS::TJKT TELEPHONE TECHNOLOGY::TJKT1 MOBILE PHONE TECHNOLOGY",Electronics & Telecommunication Engineering,13,Computer / IT,1,12,code+subject,strong,code TJ +4; code TJK +5; subject keyword +4,Y,
Medioevo restaurato: la chiesa di Sant’Eligio Maggiore a Napoli,medieval architecture; Angevin churches; restoration; digital survey; stratifications,THEMA EDITEUR::A THE ARTS::AM ARCHITECTURE,Architecture,9,Civil / Construction Engineering,1,8,code+subject+abstract,strong,code AM +4; subject keyword +4; abstract +1,Y,
Statuts des genres en didactique du français,enseignement; écriture; genre; éducation; pratique; lecture; étude littéraire; formation; scolarité; étude des genres,BIC BOOK INDUSTRY COMMUNICATION::J SOCIETY & SOCIAL SCIENCES::JN EDUCATION | THEMA EDITEUR::J SOCIETY AND SOCIAL SCIENCES::JN EDUCATION,Education and Social Sciences,8,,0,8,code+subject,strong,code JN +4; subject keyword +4,Y,
Biodiversity Loss in a Changing Planet,Biodiversity,"THEMA EDITEUR::R EARTH SCIENCES, GEOGRAPHY, ENVIRONMENT, PLANNING::RN THE ENVIRONMENT::RNC APPLIED ECOLOGY::RNCB BIODIVERSITY",Life Sciences,13,Science,1,12,code+subject+title+abstract,strong,code RN +4; subject keyword +4; title +4; abstract +1,Y,
Percy Shelley for Our Times,Romanticism; Percy Shelley; Poetry,"THEMA EDITEUR::D BIOGRAPHY, LITERATURE AND LITERARY STUDIES::DS LITERATURE: HISTORY AND CRITICISM::DSB LITERARY STUDIES: GENERAL",Arts,6,,0,6,code+subject,strong,code D +2; subject keyword +4,Y,
Graines de scientifiques en maternelle,"école maternelle; sciences; musée; éducation scientifique; sciences de la matière; sciences de la vie et de la santé; évolutions des idées scientifiques physiques, de la vie et de l’ingénieur; technologie; école primaire; didactique des sciences et des technologies; expériences scientifiques",THEMA EDITEUR::J SOCIETY AND SOCIAL SCIENCES::JN EDUCATION::JNL SCHOOLS AND PRE-SCHOOLS::JNLB PRIMARY AND MIDDLE SCHOOLS,Education and Social Sciences,8,Medical Sciences,4,4,code+subject,strong,code JN +4; subject keyword +4,Y,
"Jeremiah Smith, jr. and Hungary, 1924–1926: the United States, the League of Nations, and the Financial Reconstruction of Hungary",Regional History; General and Miscellaneous; History; Early Modern History,"THEMA EDITEUR::D BIOGRAPHY, LITERATURE AND LITERARY STUDIES",Arts,7,,0,7,code+subject+abstract,strong,code D +2; subject keyword +4; abstract +1,Y,
Guia para o sistema Africano de direitos humanos: Celebrando quarenta anos desde a adopção da Carta Africana de Direitos do Homem e dos Povos 1981 – 2021,,THEMA EDITEUR::L LAW,Law,6,,0,6,code+title,strong,code L +2; title +4,Y,
Sugar Intake,"obesity, glucose metabolism, cancer, inflammation, oxidative stress, pregnancy",THEMA EDITEUR::M MEDICINE AND NURSING::MJ CLINICAL AND INTERNAL MEDICINE::MJG ENDOCRINOLOGY,Medical Sciences,9,,0,9,code+subject+abstract,strong,code MJ +4; subject keyword +4; abstract +1,Y,
"Images et ornements autour des ordres militaires au Moyen Âge : Culture visuelle et culte des saints (France, Espagne du Nord, Italie)",Moyen Âge; art; culture; religion,"THEMA EDITEUR::D BIOGRAPHY, LITERATURE AND LITERARY STUDIES::D BIOGRAPHY, LITERATURE AND LITERARY STUDIES::DN BIOGRAPHY AND NON-FICTION PROSE",Arts,6,,0,6,code+subject,strong,code D +2; subject keyword +4,Y,
Recent Advances in Poultry Management,poultry production; poultry nutrition; poultry management; feed additives; broiler health; poultry meat quality; egg quality,THEMA EDITEUR::P MATHEMATICS AND SCIENCE::PB MATHEMATICS::PBW APPLIED MATHEMATICS,Agriculture,9,Science,2,7,subject+title+abstract,strong,subject keyword +4; title +4; abstract +1,Y,
Bio-Inspired Approaches&mdash;a Leverage for Robotics,Bioinspiration; Biomimetics; Robotics; Control; Soft robots,"THEMA EDITEUR::T TECHNOLOGY, ENGINEERING, AGRICULTURE, INDUSTRIAL PROCESSES::TB TECHNOLOGY: GENERAL ISSUES::TBX HISTORY OF ENGINEERING AND TECHNOLOGY",Mechanical Engineering,9,Applied Sciences,1,8,subject+title+abstract,strong,subject keyword +4; title +4; abstract +1,Y,
La dengue dans les départements français d’Amérique : Comment optimiser la lutte contre cette maladie ?,méthode de lutte (santé); Guyane française; densité de population; vecteur (santé); insecticide chimique; dengue; virus; surveillance épidémiologique; Guadeloupe; prévention sanitaire; Martinique; moustique,BIC BOOK INDUSTRY COMMUNICATION::H HUMANITIES,Medical Sciences,9,Arts,2,7,subject+title+abstract,strong,subject keyword +4; title +4; abstract +1,Y,
Contested Legacies,History of architecture,BIC BOOK INDUSTRY COMMUNICATION::A THE ARTS::AM ARCHITECTURE::AMX HISTORY OF ARCHITECTURE,Architecture,9,Arts,4,5,code+subject+abstract,strong,code AM +4; subject keyword +4; abstract +1,Y,
L’Église dans l’enseignement secondaire,clergy; Catholic religion,THEMA EDITEUR::N HISTORY AND ARCHAEOLOGY::NH HISTORY::NHD EUROPEAN HISTORY,Arts,6,,0,6,code+subject,strong,code N +2; subject keyword +4,Y,
Euthanasia as Privileged Compassion,developmental psychology,"THEMA EDITEUR::J SOCIETY AND SOCIAL SCIENCES::JM PSYCHOLOGY::JMC CHILD, DEVELOPMENTAL AND LIFESPAN PSYCHOLOGY",Education and Social Sciences,12,,0,12,code+subject,strong,code JM +4; subject keyword +4; subject keyword +4,Y,
"The Beautiful, Novel, and Strange",Literature: history & criticism,"THEMA EDITEUR::D BIOGRAPHY, LITERATURE AND LITERARY STUDIES::D BIOGRAPHY, LITERATURE AND LITERARY STUDIES::DS LITERATURE: HISTORY AND CRITICISM",Arts,7,,0,7,code+subject+abstract,strong,code D +2; subject keyword +4; abstract +1,Y,
Mobile Learning,subjective perception; smartphone; digital capabilities; achievement; 3-level evaluation framework; instructional approaches; technology integration; FRAME model; digital literacy; mobile technologies; m-learning; language learning; iPads; meta-analysis,BIC BOOK INDUSTRY COMMUNICATION::J SOCIETY & SOCIAL SCIENCES::JN EDUCATION | THEMA EDITEUR::J SOCIETY AND SOCIAL SCIENCES::JN EDUCATION,Education and Social Sciences,9,,0,9,code+subject+abstract,strong,code JN +4; subject keyword +4; abstract +1,Y,
Multiple Sclerosis – From Bench to Bedside: Currents Insights into Pathophysiological Concepts and Their Potential Impact on Patients,Multiple Sclerosis; Multiple Sclerois and Neuroimmunology; Multiple sclerosis - drug therapy; Multiple sclerosis - epidemiology; Multiple sclerosis - etiology,THEMA EDITEUR::M MEDICINE AND NURSING | THEMA EDITEUR::M MEDICINE AND NURSING::MJ CLINICAL AND INTERNAL MEDICINE::MJC DISEASES AND DISORDERS::MJCM IMMUNOLOGY,Medical Sciences,9,,0,9,code+subject+abstract,strong,code MJ +4; subject keyword +4; abstract +1,Y,
Eduardo Archetti,Sociology,THEMA EDITEUR::J SOCIETY AND SOCIAL SCIENCES::JH SOCIOLOGY AND ANTHROPOLOGY::JHB SOCIOLOGY,Education and Social Sciences,12,,0,12,code+subject,strong,code JH +4; subject keyword +4; subject keyword +4,Y,
Alzheimer's Disease and the Fornix,Fornix; Limbic; Memory; normal aging; Cognition; Mild Cognitive Impairment; Alzheimer's disease; Diffusion Tensor Imaging,"THEMA EDITEUR::P MATHEMATICS AND SCIENCE::PS BIOLOGY, LIFE SCIENCES::PSA LIFE SCIENCES: GENERAL ISSUES::PSAN NEUROSCIENCES",Medical Sciences,9,Life Sciences,4,5,subject+title+abstract,strong,subject keyword +4; title +4; abstract +1,Y,
Personal Identity and the Self,philosophy of mind; cognitive science,THEMA EDITEUR::Q PHILOSOPHY AND RELIGION::QD PHILOSOPHY::QDT TOPICS IN PHILOSOPHY::QDTM PHILOSOPHY OF MIND,Arts,6,,0,6,code+subject,strong,code Q +2; subject keyword +4,Y,
The Worlding of Arabic Literature,Language & Literature; Middle East Studies,"THEMA EDITEUR::D BIOGRAPHY, LITERATURE AND LITERARY STUDIES::D BIOGRAPHY, LITERATURE AND LITERARY STUDIES::DS LITERATURE: HISTORY AND CRITICISM",Arts,11,,0,11,code+subject+title+abstract,strong,code D +2; subject keyword +4; title +4; abstract +1,Y,
Worth Their Salt Too,History,"THEMA EDITEUR::D BIOGRAPHY, LITERATURE AND LITERARY STUDIES::DN BIOGRAPHY AND NON-FICTION PROSE::DNB BIOGRAPHY: GENERAL",Arts,7,,0,7,code+subject+abstract,strong,code D +2; subject keyword +4; abstract +1,Y,
Ugrabljena ljubezen = Oteta ljubav = Abducted Love,civic education; collective volume; patriotism; državljanska vzgoja; patriotizem; zborniki,BIC BOOK INDUSTRY COMMUNICATION::J SOCIETY & SOCIAL SCIENCES::JN EDUCATION::JNF EDUCATIONAL STRATEGIES & POLICY::JNFR MULTICULTURAL EDUCATION | BIC BOOK INDUSTRY COMMUNICATION::J SOCIETY & SOCIAL SCIENCES::JP POLITICS & GOVERNMENT::JPF POLITICAL IDEOLOGIES::JPFN NATIONALISM | THEMA EDITEUR::J SOCIETY AND SOCIAL SCIENCES::JN EDUCATION::JNF EDUCATIONAL STRATEGIES AND POLICY,Education and Social Sciences,12,,0,12,code+subject,strong,code JN +4; code JP +4; subject keyword +4,Y,
The Cavern-Mystery Transmission,Philosophy; Religion,"BIC BOOK INDUSTRY COMMUNICATION::H HUMANITIES::HP PHILOSOPHY::HPC HISTORY OF WESTERN PHILOSOPHY::HPCB WESTERN PHILOSOPHY: MEDIEVAL & RENAISSANCE, C 500 TO C 1600 | BIC BOOK INDUSTRY COMMUNICATION::H HUMANITIES::HP PHILOSOPHY::HPD NON-WESTERN PHILOSOPHY::HPDF ORIENTAL & INDIAN PHILOSOPHY | BIC BOOK INDUSTRY COMMUNICATION::H HUMANITIES::HR RELIGION & BELIEFS::HRK OTHER NON-CHRISTIAN RELIGIONS::HRKN ORIENTAL RELIGIONS::HRKN5 TAOISM",Arts,8,,0,8,code+subject,strong,code H +2; code Q +2; subject keyword +4,Y,
Challenges and Perspectives of Neurological Disorders,atherosclerotic; residual stenosis; reocclusion; endovascular treatment; Alzheimer’s disease; mild cognitive impairment; tau positron emission tomography; deep learning radiomics; glioblastoma; natural killer cells; immune function; interferon; gross total resection; neuropsychological tests battery,"THEMA EDITEUR::M MEDICINE AND NURSING | THEMA EDITEUR::P MATHEMATICS AND SCIENCE::PS BIOLOGY, LIFE SCIENCES::PSA LIFE SCIENCES: GENERAL ISSUES::PSAN NEUROSCIENCES",Medical Sciences,9,Life Sciences,4,5,subject+title+abstract,strong,subject keyword +4; title +4; abstract +1,Y,
Establecimiento y pérdida del Septentrión de Nueva España,History of the Americas,THEMA EDITEUR::N HISTORY AND ARCHAEOLOGY::NH HISTORY::NHK HISTORY OF THE AMERICAS,Arts,6,,0,6,code+subject,strong,code N +2; subject keyword +4,Y,
Keeping the People's Liberties,Legal history,THEMA EDITEUR::L LAW::LA JURISPRUDENCE AND GENERAL ISSUES::LAZ LEGAL HISTORY,Law,7,Arts,4,3,code+subject+abstract,strong,code L +2; subject keyword +4; abstract +1,Y,
"Forests as Nature-Based Solutions: Ecosystem Services, Multiple Benefits and Trade-Offs",climate change mitigation and adaptation; air quality; water quality; recreation; plant functional traits; land-use planning; forest management and restoration; protected areas; monetary valuation and accounting; socio-economic benefits; air purification; deliberation; forest ecosystems; economic valuation,"THEMA EDITEUR::G REFERENCE, INFORMATION AND INTERDISCIPLINARY SUBJECTS::GP RESEARCH AND INFORMATION: GENERAL | THEMA EDITEUR::K ECONOMICS, FINANCE, BUSINESS AND MANAGEMENT::KC ECONOMICS::KCV ECONOMICS OF SPECIFIC SECTORS::KCVG ENVIRONMENTAL ECONOMICS",Commerce,8,Science,5,3,code+subject,strong,code KC +4; subject keyword +4,N,Forest ecosystem services; Commerce via economics code
Finanzpolitik und Umverteilung.,Finance,"THEMA EDITEUR::K ECONOMICS, FINANCE, BUSINESS AND MANAGEMENT::KF FINANCE AND ACCOUNTING::KFF FINANCE AND THE FINANCE INDUSTRY::KFFD PUBLIC FINANCE AND TAXATION",Commerce,17,,0,17,code+subject+title,strong,code KF +4; code KFF +5; subject keyword +4; title +4,Y,
Stoic Presocratics – Presocratic Stoics,Ancient Greek and Roman (Classical) Philosophy,THEMA EDITEUR::Q PHILOSOPHY AND RELIGION::QD PHILOSOPHY::QDH PHILOSOPHICAL TRADITIONS AND SCHOOLS OF THOUGHT::QDHA ANCIENT GREEK AND ROMAN PHILOSOPHY,Arts,7,Civil / Construction Engineering,1,6,code+subject+abstract,strong,code Q +2; subject keyword +4; abstract +1,Y,
Cuando el cura llama a la puerta,History of the Americas,THEMA EDITEUR::N HISTORY AND ARCHAEOLOGY::NH HISTORY::NHK HISTORY OF THE AMERICAS,Arts,6,,0,6,code+subject,strong,code N +2; subject keyword +4,Y,
El discurso del rey. El discurso jurídico alfonsí y sus implicancias políticas,Derecho; Monarquía; Rey; Historia; Discurso; Política,THEMA EDITEUR::N HISTORY AND ARCHAEOLOGY | THEMA EDITEUR::3 TIME PERIOD QUALIFIERS::3K CE PERIOD UP TO C 1500,Law,9,Arts,2,7,subject+title+abstract,strong,subject keyword +4; title +4; abstract +1,Y,
Économie mondialisée et identités de genre,anticolonialisme; assistance technique; capitalisme; citoyenneté; commerce international; coopération internationale; culture religion et identité; démocratie; développement économique; droits humains; économie de marché; féminisme; femmes; globalisation financière,"THEMA EDITEUR::K ECONOMICS, FINANCE, BUSINESS AND MANAGEMENT::KC ECONOMICS::KCM DEVELOPMENT ECONOMICS AND EMERGING ECONOMIES | THEMA EDITEUR::J SOCIETY AND SOCIAL SCIENCES::JB SOCIETY AND CULTURE: GENERAL::JBS SOCIAL GROUPS, COMMUNITIES AND IDENTITIES::JBSF GENDER STUDIES, GENDER GROUPS",Commerce,16,Education and Social Sciences,4,12,code+subject+title,strong,code KC +4; subject keyword +4; subject keyword +4; title +4,Y,
Detailed Reports on the Salzburger Emigrants Who Settled in America...,History of the Americas,THEMA EDITEUR::N HISTORY AND ARCHAEOLOGY::NH HISTORY::NHK HISTORY OF THE AMERICAS,Arts,6,,0,6,code+subject,strong,code N +2; subject keyword +4,Y,
Stigmate et métier,profession; prostitution; stigmatisation; sociologie du travail; discrimination,"THEMA EDITEUR::J SOCIETY AND SOCIAL SCIENCES::JB SOCIETY AND CULTURE: GENERAL::JBF SOCIAL AND ETHICAL ISSUES::JBFW SEX AND SEXUALITY, SOCIAL ASPECTS",Education and Social Sciences,8,,0,8,code+subject,strong,code JB +4; subject keyword +4,Y,
Quantum Mechanics and the Philosophy of Alfred North Whitehead,Philosophy; General Science,BIC BOOK INDUSTRY COMMUNICATION::H HUMANITIES::HP PHILOSOPHY::HPJ PHILOSOPHY: METAPHYSICS & ONTOLOGY | BIC BOOK INDUSTRY COMMUNICATION::P MATHEMATICS & SCIENCE::PD SCIENCE: GENERAL ISSUES::PDA PHILOSOPHY OF SCIENCE | THEMA EDITEUR::Q PHILOSOPHY AND RELIGION::QD PHILOSOPHY::QDT TOPICS IN PHILOSOPHY::QDTJ PHILOSOPHY: METAPHYSICS AND ONTOLOGY,Arts,13,Science,1,12,code+subject+title+abstract,strong,code H +2; code Q +2; subject keyword +4; title +4; abstract +1,Y,
Finanzas corporativas e innovación de productos en mercados competitivos,ciclo de vida de productos; desarrollo de productos; finanzas corporativas; pronóstico financiero; toma de decisiones,"THEMA EDITEUR::K ECONOMICS, FINANCE, BUSINESS AND MANAGEMENT",Commerce,9,Civil / Construction Engineering,1,8,abstract+subject+title,strong,abstract +1; subject keyword +4; title +4,Y,
Trends in Real Estate Economics and Livability,buildings; real estate economics; urban livability; housing inequality,"THEMA EDITEUR::G REFERENCE, INFORMATION AND INTERDISCIPLINARY SUBJECTS::GP RESEARCH AND INFORMATION: GENERAL",Commerce,9,Architecture,1,8,subject+title+abstract,strong,subject keyword +4; title +4; abstract +1,Y,
"Genetics and Genomics of Livestock Health, Fertility and Product Quality",beef cattle; dairy cattle; pigs; goats; horses; genetics; genomics; production; product quality; reproduction; fertility; health; welfare,"THEMA EDITEUR::G REFERENCE, INFORMATION AND INTERDISCIPLINARY SUBJECTS::GP RESEARCH AND INFORMATION: GENERAL | THEMA EDITEUR::P MATHEMATICS AND SCIENCE::PS BIOLOGY, LIFE SCIENCES",Life Sciences,13,Agriculture,9,4,code+subject+title+abstract,strong,code PS +4; subject keyword +4; title +4; abstract +1,Y,
A saúde no Brasil em 2030: população e perfil sanitário,Perfil de Saúde; Fatores Socioeconômicos; Doenças Transmissíveis; Pandemias; Epidemias; Demografia; Brasil.; Distribuição Espacial da População; Doenças Endêmicas; Nível de Saúde,THEMA EDITEUR::M MEDICINE AND NURSING,Medical Sciences,10,Commerce,1,9,abstract+subject+title,strong,abstract +1; subject keyword +4; title +4; abstract +1,Y,
Chagas Disease,"immune system, trypanosoma cruzi, inflammation, epidemiology, chemotherapy, drug discovery",THEMA EDITEUR::M MEDICINE AND NURSING::MJ CLINICAL AND INTERNAL MEDICINE::MJC DISEASES AND DISORDERS::MJCJ INFECTIOUS AND CONTAGIOUS DISEASES,Medical Sciences,14,Pharmacy,4,10,code+subject+title+abstract,strong,code MJ +4; subject keyword +4; title +4; abstract +1; abstract +1,Y,
Catalysis by Metals on Perovskite-Type Oxides,perovskite-type oxide (PTO); cobalt; gallium; potassium; higher alcohols; syngas; perovskites; advanced oxidation processes (AOPs); Fenton-like; peroxymonosulfate; heterogeneous photocatalysis; Fe-substitution; operando X-ray absorption spectroscopy; oxygen evolution reaction,"THEMA EDITEUR::G REFERENCE, INFORMATION AND INTERDISCIPLINARY SUBJECTS::GP RESEARCH AND INFORMATION: GENERAL | THEMA EDITEUR::T TECHNOLOGY, ENGINEERING, AGRICULTURE, INDUSTRIAL PROCESSES::TB TECHNOLOGY: GENERAL ISSUES",Chemistry,8,Material Science,4,4,subject+title,strong,subject keyword +4; title +4,Y,
Cardiac Pacing and Monitoring,"sudden cardiac death, heart failure, stroke, atrial fibrillation, arrhythmia, cardiac resynchronization therapy",THEMA EDITEUR::M MEDICINE AND NURSING::MJ CLINICAL AND INTERNAL MEDICINE::MJD CARDIOVASCULAR MEDICINE,Medical Sciences,9,,0,9,code+subject+abstract,strong,code MJ +4; subject keyword +4; abstract +1,Y,
Regionalismo na América do Sul: um novo esquema de análise e a experiência do Mercosul,BUSINESS & ECONOMICS,"BIC BOOK INDUSTRY COMMUNICATION::K ECONOMICS, FINANCE, BUSINESS & MANAGEMENT::KJ BUSINESS & MANAGEMENT::KJC BUSINESS STRATEGY",Commerce,9,Management,4,5,code+subject,strong,code KJC +5; subject keyword +4,Y,
Informationsarchitekturen für künftige Energievertriebe,Energiewirtschaft; energy sales; Energievertrieb; Informationsarchitekturen; product development; utility industry; Digitalisierung; Produktentwicklung; information architecture; digital transformation,"BIC BOOK INDUSTRY COMMUNICATION::K ECONOMICS, FINANCE, BUSINESS & MANAGEMENT::KJ BUSINESS & MANAGEMENT::KJC BUSINESS STRATEGY",Energy,8,Commerce,5,3,subject+title,strong,subject keyword +4; title +4,Y,
Applications of Pattern Recognition,"machine learning, deep learning, gene expression, image processing, clustering, biometrics",THEMA EDITEUR::U COMPUTING AND INFORMATION TECHNOLOGY::UY COMPUTER SCIENCE::UYQ ARTIFICIAL INTELLIGENCE::UYQM MACHINE LEARNING,Computer / IT,9,,0,9,code+subject+abstract,strong,code UY +4; subject keyword +4; abstract +1,Y,
Personalized Medicine in the Field of Inflammatory Skin Disorders,sea-buckthorn seed oil; long-chain fatty acids; skin dysplastic keratinocytes; UVA; CD36; SR-B2; atopic dermatitis; eczema; JAK inhibitors; systematic review; meta-analysis; evidence-based medicine; immune-mediated skin diseases; target therapy,THEMA EDITEUR::M MEDICINE AND NURSING,Medical Sciences,18,,0,18,subject+title+abstract,strong,subject keyword +4; title +4; abstract +1; subject keyword +4; title +4; abstract +1,Y,
Microelectrode Arrays and Application to Medical Devices,electrothermal; microelectrode; microfluidics; micromixing; micropump; alternating current (AC) electrokinetics; bisphenol A; self-assembly; biosensor; flexible electrode; polydimethylsiloxane (PDMS); pyramid array micro-structures; low contact impedance; multimodal laser micromachining,"THEMA EDITEUR::T TECHNOLOGY, ENGINEERING, AGRICULTURE, INDUSTRIAL PROCESSES::TB TECHNOLOGY: GENERAL ISSUES",Medical Sciences,9,Applied Sciences,1,8,subject+title+abstract,strong,subject keyword +4; title +4; abstract +1,Y,
Myeloid Derived Suppressor Cells as Disease Modulators,myeloid-derived suppressor cells (MDSC); cancer; immunosuppression; arginase 1 (Arg-1); chronic inflammatory diseases,THEMA EDITEUR::M MEDICINE AND NURSING | THEMA EDITEUR::M MEDICINE AND NURSING::MJ CLINICAL AND INTERNAL MEDICINE::MJC DISEASES AND DISORDERS::MJCM IMMUNOLOGY,Medical Sciences,12,,0,12,code+subject+title,strong,code MJ +4; subject keyword +4; title +4,Y,
Leukemias,Oncology,THEMA EDITEUR::M MEDICINE AND NURSING::MJ CLINICAL AND INTERNAL MEDICINE::MJC DISEASES AND DISORDERS::MJCL ONCOLOGY,Medical Sciences,9,Life Sciences,1,8,code+subject+abstract,strong,code MJ +4; subject keyword +4; abstract +1,Y,
Canine Medicine,"dogs, epidemiology, heart failure, risk factors, pathogenesis, zoonosis","THEMA EDITEUR::P MATHEMATICS AND SCIENCE::PS BIOLOGY, LIFE SCIENCES::PSV ZOOLOGY AND ANIMAL SCIENCES",Medical Sciences,14,Life Sciences,4,10,subject+title+abstract,strong,subject keyword +4; title +4; abstract +1; title +4; abstract +1,N,Veterinary (canine) medicine filed under Medical Sciences
Interdisciplinary Approaches to Multilingualism,Developmental psycholinguistics; second language literacy development; Multilingualism; psycholinguistic research methods; Second language pedagogy; bilingualism; Second Language Acquisition,BIC BOOK INDUSTRY COMMUNICATION::J SOCIETY & SOCIAL SCIENCES::JM PSYCHOLOGY | THEMA EDITEUR::J SOCIETY AND SOCIAL SCIENCES::JM PSYCHOLOGY,Education and Social Sciences,13,,0,13,code+subject+abstract,strong,code JM +4; subject keyword +4; subject keyword +4; abstract +1,Y,
Incertidumbres de la paz,Political Science; Latin American Studies,BIC BOOK INDUSTRY COMMUNICATION::J SOCIETY & SOCIAL SCIENCES::JP POLITICS & GOVERNMENT | THEMA EDITEUR::J SOCIETY AND SOCIAL SCIENCES::JP POLITICS AND GOVERNMENT,Education and Social Sciences,8,,0,8,code+subject,strong,code JP +4; subject keyword +4,Y,
Prevention and Management of Frailty,brain stimulation; dementia; meta-analysis; naming; primary progressive aphasia; qualitative evaluation; cognitive function; data mining; Parkinson’s disease with mild cognitive impairment; random forest; neuropsychological test; motoric cognitive risk syndrome; fall; gait speed,THEMA EDITEUR::M MEDICINE AND NURSING::MB MEDICINE: GENERAL ISSUES::MBN PUBLIC HEALTH AND PREVENTIVE MEDICINE,Medical Sciences,13,Nursing,5,8,code+subject,strong,code MB +4; code MBN +5; subject keyword +4,Y,
"Miradas y perspectivas de la educación matemática desde la formación, la inclusión y la tecnología",Idoneidad didáctica; Enseñanza del Cálculo; Educación virtual; Didáctica de las matemáticas,THEMA EDITEUR::J SOCIETY AND SOCIAL SCIENCES,Education and Social Sciences,9,Science,1,8,abstract+subject+title,strong,abstract +1; subject keyword +4; title +4,Y,
Faith Born of Seduction,Religion,BIC BOOK INDUSTRY COMMUNICATION::H HUMANITIES::HR RELIGION & BELIEFS::HRA RELIGION: GENERAL | THEMA EDITEUR::Q PHILOSOPHY AND RELIGION::QR RELIGION AND BELIEFS::QRA RELIGION: GENERAL,Arts,9,Education and Social Sciences,1,8,code+subject+abstract,strong,code H +2; code Q +2; subject keyword +4; abstract +1,Y,
Manual de Educación en Neurociencia del Dolor,Dolor; Educación en salud; Cuidado paliativo; Cáncer; Dolor crónico; Calidad de vida,SALUD,Education and Social Sciences,8,Medical Sciences,4,4,subject+title,strong,subject keyword +4; title +4,N,Pain-neuroscience education for patients; Medical/Nursing fits better
Zoonosis of Public Health Interest,Medicine: general issues,THEMA EDITEUR::M MEDICINE AND NURSING::MB MEDICINE: GENERAL ISSUES::MBN PUBLIC HEALTH AND PREVENTIVE MEDICINE,Medical Sciences,22,,0,22,code+subject+title+abstract,strong,code MB +4; code MBN +5; subject keyword +4; title +4; abstract +1; subject keyword +4,Y,
Antología del pensamiento crítico haitiano contemporáneo,History; Latin American Studies,THEMA EDITEUR::N HISTORY AND ARCHAEOLOGY::NH HISTORY::NHK HISTORY OF THE AMERICAS,Arts,6,,0,6,code+subject,strong,code N +2; subject keyword +4,Y,
"Pueblos indios, élites y territorios. sistemas de dominio regional en el sur de México",History of the Americas,THEMA EDITEUR::N HISTORY AND ARCHAEOLOGY::NH HISTORY::NHK HISTORY OF THE AMERICAS,Arts,6,,0,6,code+subject,strong,code N +2; subject keyword +4,Y,
Circular Composites,circular economy; composite materials; sustainable materials; structural reuse; life cycle exploration,"THEMA EDITEUR::A THE ARTS::AK DESIGN, INDUSTRIAL AND COMMERCIAL ARTS, ILLUSTRATION::AKP PRODUCT DESIGN | THEMA EDITEUR::R EARTH SCIENCES, GEOGRAPHY, ENVIRONMENT, PLANNING::RN THE ENVIRONMENT::RNU SUSTAINABILITY | THEMA EDITEUR::A THE ARTS::AM ARCHITECTURE::AMC ARCHITECTURAL STRUCTURE AND DESIGN::AMCR ENVIRONMENTALLY-FRIENDLY (‘GREEN’) ARCHITECTURE AND DESIGN",Material Science,9,Arts,4,5,subject+title+abstract,strong,subject keyword +4; title +4; abstract +1,Y,
Japanese Lessons,Anthropology,BIC BOOK INDUSTRY COMMUNICATION::J SOCIETY & SOCIAL SCIENCES::JH SOCIOLOGY & ANTHROPOLOGY::JHM ANTHROPOLOGY | THEMA EDITEUR::J SOCIETY AND SOCIAL SCIENCES::JH SOCIOLOGY AND ANTHROPOLOGY::JHM ANTHROPOLOGY,Education and Social Sciences,9,,0,9,code+subject+abstract,strong,code JH +4; subject keyword +4; abstract +1,Y,
Ficar na escola: um furo no afeto,EDUCATION,BIC BOOK INDUSTRY COMMUNICATION::J SOCIETY & SOCIAL SCIENCES::JN EDUCATION | THEMA EDITEUR::J SOCIETY AND SOCIAL SCIENCES::JN EDUCATION,Education and Social Sciences,8,,0,8,code+subject,strong,code JN +4; subject keyword +4,Y,
Molecular Biology of Bamboo mosaic Virus - A Type Member of the Potexvirus Genus,host proteins; replicase; plant hormone; bamboo mosaic virus; insect transmission; viral trafficking and movement; viral RNA replication; viral vector vaccine,"THEMA EDITEUR::P MATHEMATICS AND SCIENCE::PS BIOLOGY, LIFE SCIENCES::PSG MICROBIOLOGY (NON-MEDICAL)",Life Sciences,14,Medical Sciences,5,9,code+title+abstract,strong,code PS +4; code PSG +5; title +4; abstract +1,Y,
"Discontinuous Fiber Composites, Volume II",fiber reinforced plastics; long fiber reinforced thermoplastics (LFT); sliding plate rheometer; fiber microstructure; fiber orientation; direct fiber simulation; mechanistic model; fiber reinforced thermoplastics; modeling; short fiber reinforcement; process simulation; smoothed particle hydrodynamics; composite foams; closed cells,"THEMA EDITEUR::G REFERENCE, INFORMATION AND INTERDISCIPLINARY SUBJECTS::GP RESEARCH AND INFORMATION: GENERAL",Material Science,9,Mechanical Engineering,5,4,subject+title+abstract,strong,subject keyword +4; title +4; abstract +1,Y,
New Insights on Oscillators and Their Applications to Engineering and Science,Electronics: circuits and components,"THEMA EDITEUR::T TECHNOLOGY, ENGINEERING, AGRICULTURE, INDUSTRIAL PROCESSES::TJ ELECTRONICS AND COMMUNICATIONS ENGINEERING::TJF ELECTRONICS ENGINEERING::TJFC ELECTRONICS: CIRCUITS AND COMPONENTS",Electronics & Telecommunication Engineering,8,Electrical Engineering,5,3,code+subject,strong,code TJ +4; subject keyword +4,Y,
The Linguistic School of Prague,Historical & comparative linguistics,THEMA EDITEUR::C LANGUAGE AND LINGUISTICS::CF LINGUISTICS::CFF HISTORICAL AND COMPARATIVE LINGUISTICS,Arts,7,,0,7,code+subject+abstract,strong,code C +2; subject keyword +4; abstract +1,Y,
"Localization, Globalization and Glocalization",Tang Dynasty; Buddhist sangha; Literacy rate; Scripture recitation examination; Modern Buddhism; Temple space; Temple construction; Charismatic monks; Śrāmaṇera; Novice monks; Dunhuang; Monastic education; Pelliot tibétain 1257; Bilingual Tibetan–Chinese glossary,THEMA EDITEUR::Q PHILOSOPHY AND RELIGION::QR RELIGION AND BELIEFS,Arts,7,Civil / Construction Engineering,4,3,code+subject+abstract,strong,code Q +2; subject keyword +4; abstract +1,Y,
AI and Financial Technology,FinTech; SupTech; RegTech; AI; machine learning; P2P lending; Blockchain,THEMA EDITEUR::P MATHEMATICS AND SCIENCE::PD SCIENCE: GENERAL ISSUES | THEMA EDITEUR::U COMPUTING AND INFORMATION TECHNOLOGY::UY COMPUTER SCIENCE,Computer / IT,8,Science,1,7,code+subject,strong,code UY +4; subject keyword +4,Y,
Maquinaciones sutiles de la violencia,violencia; agresividad; psicología social; sociología; lingüística; aspectos sociales,THEMA EDITEUR::J SOCIETY AND SOCIAL SCIENCES::JB SOCIETY AND CULTURE: GENERAL::JBF SOCIAL AND ETHICAL ISSUES::JBFK VIOLENCE AND ABUSE IN SOCIETY,Education and Social Sciences,8,,0,8,code+subject,strong,code JB +4; subject keyword +4,Y,
Scaling Up: The Convergence of Social Economy and Sustainability,sustainable development; environment; economics; credit unions; Alberta; cooperatives; British Columbia,"BIC BOOK INDUSTRY COMMUNICATION::K ECONOMICS, FINANCE, BUSINESS & MANAGEMENT::KC ECONOMICS::KCM DEVELOPMENT ECONOMICS & EMERGING ECONOMIES",Commerce,8,,0,8,code+subject,strong,code KC +4; subject keyword +4,Y,
"Abitare e interpretare l’esistente : Case Nuove, Rosarno","Architecture, Landscape, living, interpreting, existing",THEMA EDITEUR::A THE ARTS::AM ARCHITECTURE,Architecture,9,Education and Social Sciences,1,8,code+subject+abstract,strong,code AM +4; subject keyword +4; abstract +1,Y,
"With Obesity Becoming the New Normal, What Should We Do?",obesity; childhood obesity; body mass index; fat; epidemic; weight loss; NAFLD; diabetes; heart; polycystic ovary syndrome,THEMA EDITEUR::M MEDICINE AND NURSING | THEMA EDITEUR::M MEDICINE AND NURSING::MJ CLINICAL AND INTERNAL MEDICINE::MJG ENDOCRINOLOGY,Medical Sciences,8,,0,8,code+subject,strong,code MJ +4; subject keyword +4,Y,
"1938, Regia Università di Milano. Oggetto: Razza",University of Milan; Race; Jews; Persecution in universities; Philosophy and racism,THEMA EDITEUR::N HISTORY AND ARCHAEOLOGY::NH HISTORY,Arts,7,,0,7,code+subject+abstract,strong,code N +2; subject keyword +4; abstract +1,Y,
Central European Jewish Émigrés and the Shaping of Postwar Culture: Studies in Memory of Lilian Furst (1931-2009),modern Jewish history; ethnicity; homeland; twentieth-century; Jewish refuges; Judaism; Heimat; dilemma of modern Jewish identity; Judentum; Jewish émigrés,BIC BOOK INDUSTRY COMMUNICATION::H HUMANITIES::HR RELIGION & BELIEFS::HRJ JUDAISM | THEMA EDITEUR::Q PHILOSOPHY AND RELIGION::QR RELIGION AND BELIEFS::QRJ JUDAISM,Arts,8,,0,8,code+subject,strong,code H +2; code Q +2; subject keyword +4,Y,
Taxes and Taxation Trends,"economic growth, foreign direct investment, finance, estimation, water management","THEMA EDITEUR::K ECONOMICS, FINANCE, BUSINESS AND MANAGEMENT::KC ECONOMICS::KCM DEVELOPMENT ECONOMICS AND EMERGING ECONOMIES",Commerce,13,Law,1,12,code+subject+title+abstract,strong,code KC +4; subject keyword +4; title +4; abstract +1,Y,
Biodiversity in Agricultural Landscapes of Southeastern Brazil,Agroecosystems; Brazil; Biodiversity,"THEMA EDITEUR::P MATHEMATICS AND SCIENCE::PS BIOLOGY, LIFE SCIENCES::PST BOTANY AND PLANT SCIENCES",Life Sciences,12,Agriculture,6,6,code+subject+title,strong,code PS +4; subject keyword +4; title +4,Y,
Geistige Gefahr und Immunisierung der Gesellschaft. Antikommunismus und politische Kultur in der frühen Bundesrepublik,Anticommunism; Cold War political culture; German-German postwar history,THEMA EDITEUR::N HISTORY AND ARCHAEOLOGY | THEMA EDITEUR::3 TIME PERIOD QUALIFIERS::3M C 1500 ONWARDS TO PRESENT DAY,Arts,6,,0,6,code+subject,strong,code N +2; subject keyword +4,Y,
Histoire de l’enseignement du droit à Toulouse,enseignement; droit; Toulouse,THEMA EDITEUR::L LAW::LA JURISPRUDENCE AND GENERAL ISSUES::LAZ LEGAL HISTORY,Law,10,,0,10,code+subject+title,strong,code L +2; subject keyword +4; title +4,Y,
Symmetry in Mathematical Analysis and Functional Analysis,non homogenous boussinesq equations; global well-posedness; littlewood-paley decomposition; multiobjective programming; nonlinear programming; convex optimization; saddle point; preinvex fuzzy interval-valued function; fuzzy fractional integral operator; Hermite-Hadamard type inequality; Hermite-Hadamard Fejér type inequality; left and right convex interval-valued function; fractional integral operator; Hermite–Hadamard type inequality,"THEMA EDITEUR::K ECONOMICS, FINANCE, BUSINESS AND MANAGEMENT::KN INDUSTRY AND INDUSTRIAL STUDIES::KNT MEDIA, ENTERTAINMENT, INFORMATION AND COMMUNICATION INDUSTRIES::KNTX INFORMATION TECHNOLOGY INDUSTRIES | THEMA EDITEUR::U COMPUTING AND INFORMATION TECHNOLOGY::UY COMPUTER SCIENCE",Computer / IT,9,Management,5,4,code+subject+abstract,strong,code UY +4; subject keyword +4; abstract +1,N,Mathematical analysis filed under Computer / IT
Advances in Genetic Diversity,Genetics; Genomics,"THEMA EDITEUR::P MATHEMATICS AND SCIENCE::PS BIOLOGY, LIFE SCIENCES::PSA LIFE SCIENCES: GENERAL ISSUES::PSAK GENETICS (NON-MEDICAL)",Life Sciences,9,Agriculture,2,7,code+subject+abstract,strong,code PS +4; subject keyword +4; abstract +1,Y,
Sensors Application in Agriculture,precision farming; sensor fusion; remote sensing; fluorescence; reflectance; spectrometry; nitrogen fertilisation; wheat; yield; Drainage Pipe Mapping; Ground Penetrating Radar (GPR); Real-Time Kinematic Global Navigation Satellite System (RTK/GNSS); dynamic vapor sorption; high-precision dryer,"THEMA EDITEUR::G REFERENCE, INFORMATION AND INTERDISCIPLINARY SUBJECTS::GP RESEARCH AND INFORMATION: GENERAL | THEMA EDITEUR::P MATHEMATICS AND SCIENCE::PS BIOLOGY, LIFE SCIENCES | THEMA EDITEUR::T TECHNOLOGY, ENGINEERING, AGRICULTURE, INDUSTRIAL PROCESSES",Agriculture,18,Life Sciences,4,14,subject+title+abstract,strong,subject keyword +4; title +4; abstract +1; subject keyword +4; title +4; abstract +1,Y,
Formación laboral y ocupacional,Social Sciences.Pedagogy and education; Professional training; Occupational training,THEMA EDITEUR::J SOCIETY AND SOCIAL SCIENCES::JN EDUCATION::JNR CAREERS GUIDANCE::JNRV INDUSTRIAL OR VOCATIONAL TRAINING,Education and Social Sciences,12,,0,12,code+subject,strong,code JN +4; subject keyword +4; subject keyword +4,Y,
Elsie Rockwell,Education,BIC BOOK INDUSTRY COMMUNICATION::J SOCIETY & SOCIAL SCIENCES::JN EDUCATION::JNB HISTORY OF EDUCATION | BIC BOOK INDUSTRY COMMUNICATION::J SOCIETY & SOCIAL SCIENCES::JN EDUCATION::JNA PHILOSOPHY & THEORY OF EDUCATION | BIC BOOK INDUSTRY COMMUNICATION::J SOCIETY & SOCIAL SCIENCES::JN EDUCATION,Education and Social Sciences,8,,0,8,code+subject,strong,code JN +4; subject keyword +4,Y,
Functional Relevance of Tetraspanins in the Immune System,Tetraspanins; immune cells; Infection; Vaccines; Cell Membrane,THEMA EDITEUR::M MEDICINE AND NURSING | THEMA EDITEUR::M MEDICINE AND NURSING::MJ CLINICAL AND INTERNAL MEDICINE::MJC DISEASES AND DISORDERS::MJCM IMMUNOLOGY,Medical Sciences,8,,0,8,code+subject,strong,code MJ +4; subject keyword +4,Y,
Pollinisation : un équilibre en péril,plants; pollinators; biological interactions; biodiversity; ecosystems; ecological crisis; pollination,"THEMA EDITEUR::P MATHEMATICS AND SCIENCE::PS BIOLOGY, LIFE SCIENCES | THEMA EDITEUR::P MATHEMATICS AND SCIENCE::PS BIOLOGY, LIFE SCIENCES::PSA LIFE SCIENCES: GENERAL ISSUES::PSAF ECOLOGICAL SCIENCE, THE BIOSPHERE",Life Sciences,8,,0,8,code+subject,strong,code PS +4; subject keyword +4,Y,
Body Image Across Health and Disease - A Bio-Psych-Social Perspective,body image; body representation; disease; health,"THEMA EDITEUR::M MEDICINE AND NURSING | THEMA EDITEUR::M MEDICINE AND NURSING::MK MEDICAL SPECIALTIES, BRANCHES OF MEDICINE::MKL PSYCHIATRY",Medical Sciences,12,,0,12,code+subject+title,strong,code MK +4; subject keyword +4; title +4,Y,
Bodies of Information,Feminist & Women's Studies; Gender Studies; Sociology,"THEMA EDITEUR::J SOCIETY AND SOCIAL SCIENCES::JB SOCIETY AND CULTURE: GENERAL::JBS SOCIAL GROUPS, COMMUNITIES AND IDENTITIES::JBSF GENDER STUDIES, GENDER GROUPS::JBSF1 GENDER STUDIES: WOMEN AND GIRLS::JBSF11 FEMINISM AND FEMINIST THEORY | THEMA EDITEUR::J SOCIETY AND SOCIAL SCIENCES::JB SOCIETY AND CULTURE: GENERAL::JBS SOCIAL GROUPS, COMMUNITIES AND IDENTITIES::JBSF GENDER STUDIES, GENDER GROUPS | THEMA EDITEUR::J SOCIETY AND SOCIAL SCIENCES::JB SOCIETY AND CULTURE: GENERAL::JBF SOCIAL AND ETHICAL ISSUES::JBFC POVERTY AND PRECARITY",Education and Social Sciences,12,Computer / IT,1,11,code+subject,strong,code JB +4; subject keyword +4; subject keyword +4,Y,
Role of SRS/SBRT in Oligometastatic Disease.,Oligometastases; SBRT; repeat SBRT; interaction with systemic treatments; oligometastatic disease,THEMA EDITEUR::M MEDICINE AND NURSING | THEMA EDITEUR::M MEDICINE AND NURSING::MJ CLINICAL AND INTERNAL MEDICINE::MJC DISEASES AND DISORDERS::MJCL ONCOLOGY,Medical Sciences,12,,0,12,code+subject+title,strong,code MJ +4; subject keyword +4; title +4,Y,
Recent Advances in Theoretical and Computational Modeling of Composite Materials and Structures,prestressed concrete cylinder pipe; external prestressed steel strands; theoretical study; wire-breakage; first-principles calculation; Heusler compounds; gapless half metals; spin gapless semiconductor; bi-directional functionally graded; bolotin scheme; dynamic stability; elastic foundation; porosity; two-axis four-gimbal,"THEMA EDITEUR::T TECHNOLOGY, ENGINEERING, AGRICULTURE, INDUSTRIAL PROCESSES::TB TECHNOLOGY: GENERAL ISSUES | THEMA EDITEUR::T TECHNOLOGY, ENGINEERING, AGRICULTURE, INDUSTRIAL PROCESSES::TB TECHNOLOGY: GENERAL ISSUES::TBX HISTORY OF ENGINEERING AND TECHNOLOGY",Material Science,9,Mechanical Engineering,5,4,subject+title+abstract,strong,subject keyword +4; title +4; abstract +1,N,"Prestressed concrete pipe modelling is Civil, not Material Science"
Heart Valve Surgery,aortic valve; minimally invasive surgery; endocarditis; mitral valve; tricuspid valve; left ventricular hypertrophy,THEMA EDITEUR::M MEDICINE AND NURSING::MJ CLINICAL AND INTERNAL MEDICINE::MJD CARDIOVASCULAR MEDICINE,Medical Sciences,13,,0,13,code+subject+title+abstract,strong,code MJ +4; subject keyword +4; title +4; abstract +1,Y,
Die Energieregion Ruhrgebiet,19th century; 19. Jahrhundert; chemische Industrie; chemical industry; Deutschland; coal; coal mining; Elektrizitätsversorgung; electricity supply; Energieregion; energy industry; Energieversorgung; Energiewende; energy region,KZC | KNB | 3JJ,Energy,13,Management,4,9,subject+abstract+title,strong,subject keyword +4; abstract +1; subject keyword +4; title +4,N,Industrial history of the Ruhr; Energy via keyword
Going to Pentecost,Anthropology; Sociology; Religion,"THEMA EDITEUR::Q PHILOSOPHY AND RELIGION::QR RELIGION AND BELIEFS::QRM CHRISTIANITY::QRMB CHRISTIAN CHURCHES, DENOMINATIONS, GROUPS::QRMB3 PROTESTANTISM AND PROTESTANT CHURCHES::QRMB36 PENTECOSTAL OR CHARISMATIC CHURCHES | THEMA EDITEUR::J SOCIETY AND SOCIAL SCIENCES::JH SOCIOLOGY AND ANTHROPOLOGY::JHM ANTHROPOLOGY::JHMC SOCIAL AND CULTURAL ANTHROPOLOGY | THEMA EDITEUR::J SOCIETY AND SOCIAL SCIENCES::JH SOCIOLOGY AND ANTHROPOLOGY::JHB SOCIOLOGY::JHBC SOCIAL RESEARCH AND STATISTICS",Education and Social Sciences,12,Arts,7,5,code+subject,strong,code JH +4; subject keyword +4; subject keyword +4,Y,
Haití,History; Latin American Studies,THEMA EDITEUR::N HISTORY AND ARCHAEOLOGY::NH HISTORY::NHK HISTORY OF THE AMERICAS,Arts,6,,0,6,code+subject,strong,code N +2; subject keyword +4,Y,
Echinococcosis,medicinal plants; toxicity; natural products; pancreas; immune evasion; radiofrequency ablation,THEMA EDITEUR::M MEDICINE AND NURSING::MJ CLINICAL AND INTERNAL MEDICINE::MJC DISEASES AND DISORDERS::MJCJ INFECTIOUS AND CONTAGIOUS DISEASES,Medical Sciences,9,Science,1,8,code+abstract+subject,strong,code MJ +4; abstract +1; subject keyword +4,Y,
"Reframing Souths. Ecological Perspectives on the South in Literature, Film, and New Media",environmental humanities; decolonial studies and practices; ecocriticism and visual culture; plural south; meridian thought,THEMA EDITEUR::J SOCIETY AND SOCIAL SCIENCES::JB SOCIETY AND CULTURE: GENERAL,Arts,9,Education and Social Sciences,4,5,subject+title+abstract,strong,subject keyword +4; title +4; abstract +1,Y,
Augmented Reality and Its Application,Human-computer interaction,THEMA EDITEUR::U COMPUTING AND INFORMATION TECHNOLOGY::UY COMPUTER SCIENCE::UYZ HUMAN–COMPUTER INTERACTION,Computer / IT,8,Medical Sciences,2,6,code+subject,strong,code UY +4; subject keyword +4,Y,
"Metabolic Research in Aquatic Animal Nutrition, Physiology and Disease",fish nutrition; marine aquaculture; replacement; cottonseed meal; physiobiochemical; nutrient; fish soluble pulp; enzymatic chicken pulp; growth performance; appetite; Litopenaeus vannamei; hypothermia; glucose and lipid metabolism; miR-1,THEMA EDITEUR::P MATHEMATICS AND SCIENCE::PB MATHEMATICS::PBW APPLIED MATHEMATICS,Medical Sciences,9,Science,1,8,subject+title+abstract,strong,subject keyword +4; title +4; abstract +1,N,Aquatic animal nutrition/physiology filed under Medical Sciences
Le vêtement saisi par le droit,espace; histoire; symbole; travail; propriété intellectuelle,BIC BOOK INDUSTRY COMMUNICATION::L LAW,Law,7,Civil / Construction Engineering,1,6,code+title+abstract,strong,code L +2; title +4; abstract +1,Y,
Critical Digital Pedagogy in Higher Education,"bell hooks, Paulo Freire, educational technology, shared learning, trust, critical consciousness, change, hope, ethics of care, online teaching, academic integrity, critical media literacy, neoliberalism, digital praxis","BIC BOOK INDUSTRY COMMUNICATION::J SOCIETY & SOCIAL SCIENCES::JN EDUCATION::JNQ OPEN LEARNING, HOME LEARNING, DISTANCE EDUCATION | THEMA EDITEUR::J SOCIETY AND SOCIAL SCIENCES::JN EDUCATION::JNQ OPEN LEARNING, DISTANCE EDUCATION",Education and Social Sciences,18,,0,18,code+subject+title+abstract,strong,code JN +4; subject keyword +4; title +4; abstract +1; title +4; abstract +1,Y,
"Dossier : Alexandre le Grand, religion et tradition",historiographie; Alexandre le Grand; religion,,Arts,9,,0,9,subject+title+abstract,strong,subject keyword +4; title +4; abstract +1,Y,
"Control, Optimization, and Mathematical Modeling of Complex Systems",optimal control problem; evolutionary computation; robotics applications; optimal control; Lyapunov stability; equilibrium point; symbolic regression; Pontryagin’s maximum principle; continuous-time Markov chains; ergodicity bounds; discrete state space; rate of convergence; logarithmic norm; interval analysis,"THEMA EDITEUR::K ECONOMICS, FINANCE, BUSINESS AND MANAGEMENT::KN INDUSTRY AND INDUSTRIAL STUDIES::KNT MEDIA, ENTERTAINMENT, INFORMATION AND COMMUNICATION INDUSTRIES::KNTX INFORMATION TECHNOLOGY INDUSTRIES | THEMA EDITEUR::U COMPUTING AND INFORMATION TECHNOLOGY::UY COMPUTER SCIENCE",Computer / IT,9,Mechanical Engineering,5,4,code+subject+abstract,strong,code UY +4; subject keyword +4; abstract +1,Y,
Um projeto panlusitano no Atlântico Sul,History of Brazil; Luso-Afro-Brazilian relations; Bulletin of the Luso-African Society of Rio de Janeiro; Panlusitanismo,THEMA EDITEUR::N HISTORY AND ARCHAEOLOGY,Arts,6,,0,6,code+subject,strong,code N +2; subject keyword +4,Y,
Christian Origins and the New Testament in the Greco-Roman Context,Religion,THEMA EDITEUR::Q PHILOSOPHY AND RELIGION::QR RELIGION AND BELIEFS::QRV ASPECTS OF RELIGION::QRVC CRITICISM AND EXEGESIS OF SACRED TEXTS,Arts,6,,0,6,code+subject,strong,code Q +2; subject keyword +4,Y,
Integrating Religion and Spirituality into Clinical Practice,Church-based Programs; Ilness Interpretation; Substance Misuse; Chronic Diseases; Nursing Homes; Disease; Faith-based Services; kidney disease; clinical practice; Spiritual Care Team; Whole Person Medicine; Miraculous Healings; Health Care Professionals; Mental Illness,,Medical Sciences,13,Arts,9,4,subject+title+abstract,strong,subject keyword +4; title +4; abstract +1; subject keyword +4,Y,
"United States Jewry, 1776-1985",Social & cultural history,THEMA EDITEUR::N HISTORY AND ARCHAEOLOGY::NH HISTORY::NHT HISTORY: SPECIFIC EVENTS AND TOPICS::NHTB SOCIAL AND CULTURAL HISTORY,Arts,7,,0,7,code+subject+abstract,strong,code N +2; subject keyword +4; abstract +1,Y,
Design of Micro- and Nanoparticles: Self-Assembly and Application,electropolymerization; poly(Azure B); poly(proflavine); DNA sensor; doxorubicin determination; electrochemical impedance spectroscopy; calix[4]arene; NHC complex; Suzuki–Miyaura coupling; DPPC vesicles; heparin/protamine particles; hepatocyte; intravenous injection; lacZ protein,"THEMA EDITEUR::T TECHNOLOGY, ENGINEERING, AGRICULTURE, INDUSTRIAL PROCESSES::TB TECHNOLOGY: GENERAL ISSUES",Nano Technology,9,Chemistry,5,4,subject+title+abstract,strong,subject keyword +4; title +4; abstract +1,Y,
The Cold War from the Margins,Cold War; History of Eastern Europe; International Relations,THEMA EDITEUR::N HISTORY AND ARCHAEOLOGY::NH HISTORY::NHD EUROPEAN HISTORY,Arts,6,,0,6,code+subject,strong,code N +2; subject keyword +4,Y,
Melanoma in the Clinic,Oncology,THEMA EDITEUR::M MEDICINE AND NURSING::MJ CLINICAL AND INTERNAL MEDICINE::MJC DISEASES AND DISORDERS::MJCL ONCOLOGY,Medical Sciences,9,,0,9,code+subject+abstract,strong,code MJ +4; subject keyword +4; abstract +1,Y,
Health Insurance Across Worldwide Health Systems,Public health and preventive medicine,THEMA EDITEUR::M MEDICINE AND NURSING::MB MEDICINE: GENERAL ISSUES::MBN PUBLIC HEALTH AND PREVENTIVE MEDICINE,Medical Sciences,18,,0,18,code+subject+abstract,strong,code MB +4; code MBN +5; subject keyword +4; abstract +1; subject keyword +4,Y,
"United States Jewry, 1776-1985",Social & cultural history,THEMA EDITEUR::N HISTORY AND ARCHAEOLOGY::NH HISTORY::NHT HISTORY: SPECIFIC EVENTS AND TOPICS::NHTB SOCIAL AND CULTURAL HISTORY,Arts,7,,0,7,code+subject+abstract,strong,code N +2; subject keyword +4; abstract +1,Y,
Digital Libraries,Information technology: general issues,THEMA EDITEUR::U COMPUTING AND INFORMATION TECHNOLOGY::UB INFORMATION TECHNOLOGY: GENERAL TOPICS,Computer / IT,9,,0,9,code+subject+abstract,strong,code UB +4; subject keyword +4; abstract +1,Y,
Casting and Solidification of Light Alloys,aluminum alloy; titanium diboride; master alloy; structure; mechanical properties; aluminum; alumina nanoparticles; microstructure; elastic limit; strength; Al/SiC composite; porosity in composites; finite element analysis; Al–Mg–Si,"THEMA EDITEUR::T TECHNOLOGY, ENGINEERING, AGRICULTURE, INDUSTRIAL PROCESSES::TB TECHNOLOGY: GENERAL ISSUES::TBX HISTORY OF ENGINEERING AND TECHNOLOGY",Material Science,9,Nano Technology,4,5,subject+title+abstract,strong,subject keyword +4; title +4; abstract +1,Y,
Classical Swine Fever,classical swine fever; spatio-temporal analysis; wild boar; transboundary diseases; classical swine fever virus; apoptosis; autophagy; pyroptosis; pathogenesis; classical swine fever virus (CSFV); LOM vaccine strain; Jeju LOM strain; omega value; transmission,THEMA EDITEUR::M MEDICINE AND NURSING,Agriculture,9,Medical Sciences,5,4,subject+title+abstract,strong,subject keyword +4; title +4; abstract +1,Y,
Aphasia Compendium,Speech & language disorders & therapy,"THEMA EDITEUR::M MEDICINE AND NURSING::MK MEDICAL SPECIALTIES, BRANCHES OF MEDICINE::MKZ THERAPY AND THERAPEUTICS::MKZL SPEECH AND LANGUAGE DISORDERS AND THERAPY",Medical Sciences,9,Education and Social Sciences,2,7,code+subject+abstract,strong,code MK +4; subject keyword +4; abstract +1,Y,
Interventions to Reduce Bullying and Cyberbullying,n/a; successful educational action; cyber-victim; mental health; South Korea; Prev@cib; teacher based-intervention; school; bystanders; wellbeing; self-efficacy; subgroup analyses; young children; Dat-e Adolescence,BIC BOOK INDUSTRY COMMUNICATION::J SOCIETY & SOCIAL SCIENCES::JF SOCIETY & CULTURE: GENERAL::JFF SOCIAL ISSUES & PROCESSES::JFFP SOCIAL INTERACTION,Education and Social Sciences,8,Science,5,3,code+subject,strong,code JF +4; subject keyword +4,Y,
Polymer Solar Cells: Molecular Design and Microstructure Control,solar cells; synthesis; microstructure; morphology; efficiency,THEMA EDITEUR::P MATHEMATICS AND SCIENCE::PD SCIENCE: GENERAL ISSUES,Energy,8,Science,1,7,subject+title,strong,subject keyword +4; title +4,Y,
The Human Spirit,Religion,THEMA EDITEUR::Q PHILOSOPHY AND RELIGION::QR RELIGION AND BELIEFS::QRM CHRISTIANITY::QRMP CHRISTIAN LIFE AND PRACTICE,Arts,6,,0,6,code+subject,strong,code Q +2; subject keyword +4,Y,
Access to Public Sector Information Volume 1,Law,THEMA EDITEUR::L LAW::LN LAWS OF SPECIFIC JURISDICTIONS AND SPECIFIC AREAS OF LAW::LND CONSTITUTIONAL AND ADMINISTRATIVE LAW: GENERAL,Law,6,,0,6,code+subject,strong,code L +2; subject keyword +4,Y,
Kingship In Asia and early America,Asian history,THEMA EDITEUR::N HISTORY AND ARCHAEOLOGY::NH HISTORY::NHF ASIAN HISTORY,Arts,6,,0,6,code+subject,strong,code N +2; subject keyword +4,Y,
Indicator-based Sustainability Assessment of the German Energy System and its Transition,Energiewende; Indikatoren; Energiesystem; Nachhaltigkeit; policy advice; energy transition; enery system; indicators; sustainability; Politikberatung,"BIC BOOK INDUSTRY COMMUNICATION::K ECONOMICS, FINANCE, BUSINESS & MANAGEMENT::KJ BUSINESS & MANAGEMENT::KJC BUSINESS STRATEGY",Energy,14,Commerce,5,9,subject+title+abstract,strong,subject keyword +4; title +4; abstract +1; subject keyword +4; abstract +1,Y,
Recent Advances in Drug Addiction Research and Clinical Applications,Health psychology,"THEMA EDITEUR::M MEDICINE AND NURSING::MB MEDICINE: GENERAL ISSUES::MBN PUBLIC HEALTH AND PREVENTIVE MEDICINE::MBNH PERSONAL AND PUBLIC HEALTH / HEALTH EDUCATION::MBNH4 BIRTH CONTROL, CONTRACEPTION, FAMILY PLANNING",Medical Sciences,14,Education and Social Sciences,8,6,code+title+abstract,strong,code MB +4; code MBN +5; title +4; abstract +1,Y,
Las exportaciones mexicanas durante la primera globalización (1870-1929),International economics,"THEMA EDITEUR::K ECONOMICS, FINANCE, BUSINESS AND MANAGEMENT::KC ECONOMICS::KCL INTERNATIONAL ECONOMICS",Commerce,8,,0,8,code+subject,strong,code KC +4; subject keyword +4,Y,
A arquitetônica do ato de ilustrar de Rui de Oliveira,Educação; Linguagens e Línguas; Ilustração de Livros,JN,Education and Social Sciences,9,Arts,1,8,code+subject+abstract,strong,code JN +4; subject keyword +4; abstract +1,Y,
Counterpreservation,City & town planning: architectural aspects,THEMA EDITEUR::A THE ARTS::AM ARCHITECTURE::AMV LANDSCAPE ARCHITECTURE AND DESIGN::AMVD CITY AND TOWN PLANNING: ARCHITECTURAL ASPECTS,Architecture,8,Commerce,1,7,code+subject,strong,code AM +4; subject keyword +4,Y,
Critical Perspectives on Open Development,Computer programming / software engineering; Impact of science and technology on society,THEMA EDITEUR::U COMPUTING AND INFORMATION TECHNOLOGY::UT COMPUTER NETWORKING AND COMMUNICATIONS | THEMA EDITEUR::U COMPUTING AND INFORMATION TECHNOLOGY::UM COMPUTER PROGRAMMING / SOFTWARE ENGINEERING | THEMA EDITEUR::P MATHEMATICS AND SCIENCE::PD SCIENCE: GENERAL ISSUES::PDR IMPACT OF SCIENCE AND TECHNOLOGY ON SOCIETY,Computer / IT,12,Science,1,11,code+subject,strong,code UT +4; code UM +4; subject keyword +4,N,Open development / social critique filed under Computer / IT
François de Dainville : Pionnier de l’histoire de la cartographie et de l’éducation,jésuite; histoire de la cartographie; cartographie; ponts et chaussées; histoire moderne; éducation; histoire de l'éducation; ingénieur,"THEMA EDITEUR::D BIOGRAPHY, LITERATURE AND LITERARY STUDIES::D BIOGRAPHY, LITERATURE AND LITERARY STUDIES::DN BIOGRAPHY AND NON-FICTION PROSE",Education and Social Sciences,9,Arts,2,7,subject+title+abstract,strong,subject keyword +4; title +4; abstract +1,N,History of cartography filed under Education and Social Sciences
Emerging Translational Research in Neurological and Psychiatric Diseases,Ageing; Alzheimer&rsquo; s disease; Parkinson&rsquo; Spinal injuries; stem cells; Depression; Stroke; Deep brain stimulation; Machine learning; Dysmenorrhea,THEMA EDITEUR::A THE ARTS::AT PERFORMING ARTS::ATD THEATRE STUDIES | THEMA EDITEUR::M MEDICINE AND NURSING::MJ CLINICAL AND INTERNAL MEDICINE::MJC DISEASES AND DISORDERS::MJCL ONCOLOGY,Medical Sciences,13,Computer / IT,4,9,code+subject+title+abstract,strong,code MJ +4; subject keyword +4; title +4; abstract +1,Y,
The Virgin Mary in the Middle Ages and the Renaissance: Devotion and Iconography,Mariology; Marian iconography; Mary’s divine motherhood; Annunciation; theological sources; doctrinal symbol; John Duns Scotus; medieval theology; God’s eternal plan; the dogma of the Immaculate Conception; Virgin Mary; free will; Thomism; Camino de Santiago,"THEMA EDITEUR::D BIOGRAPHY, LITERATURE AND LITERARY STUDIES",Arts,7,Nursing,4,3,code+subject+abstract,strong,code D +2; subject keyword +4; abstract +1,Y,
"La industria del gas natural en México, 1970-1985",History of the Americas,THEMA EDITEUR::N HISTORY AND ARCHAEOLOGY::NH HISTORY::NHK HISTORY OF THE AMERICAS,Arts,6,,0,6,code+subject,strong,code N +2; subject keyword +4,Y,
Ficta Relata,Language and literature.Philology; Classical Philology - Collection of writings,"THEMA EDITEUR::D BIOGRAPHY, LITERATURE AND LITERARY STUDIES::DB ANCIENT, CLASSICAL AND MEDIEVAL TEXTS::DBS ANCIENT SAGAS AND EPICS::DBSG ANCIENT GREEK AND ROMAN LITERATURE | THEMA EDITEUR::C LANGUAGE AND LINGUISTICS::CB LANGUAGE: REFERENCE AND GENERAL::CBX LANGUAGE: HISTORY AND GENERAL WORKS",Arts,8,,0,8,code+subject,strong,code D +2; code C +2; subject keyword +4,Y,
The Staircase,Architecture/Architectural History/Modern Architecture,THEMA EDITEUR::A THE ARTS::AM ARCHITECTURE,Architecture,9,Arts,5,4,code+subject+abstract,strong,code AM +4; subject keyword +4; abstract +1,Y,
Tau oligomers,Tau phosphorylation; neurodegenerative disease; propagation; Tauopathy; tau protein,"THEMA EDITEUR::M MEDICINE AND NURSING::MK MEDICAL SPECIALTIES, BRANCHES OF MEDICINE::MKJ NEUROLOGY AND CLINICAL NEUROPHYSIOLOGY",Medical Sciences,9,,0,9,code+subject+abstract,strong,code MK +4; subject keyword +4; abstract +1,Y,
"Campo, floresta e águas",Public health and preventive medicine,THEMA EDITEUR::M MEDICINE AND NURSING::MB MEDICINE: GENERAL ISSUES::MBN PUBLIC HEALTH AND PREVENTIVE MEDICINE,Medical Sciences,17,,0,17,code+subject,strong,code MB +4; code MBN +5; subject keyword +4; subject keyword +4,Y,
Inhibitory Receptors and Pathways of Lymphocytes,lymphocyte; inhibitory receptor; inhibitory signaling; checkpoint blockade; immunotherapy; autoimmunity; cancer,THEMA EDITEUR::M MEDICINE AND NURSING | THEMA EDITEUR::M MEDICINE AND NURSING::MJ CLINICAL AND INTERNAL MEDICINE::MJC DISEASES AND DISORDERS::MJCM IMMUNOLOGY,Medical Sciences,8,,0,8,code+subject,strong,code MJ +4; subject keyword +4,Y,
Inclusion in socio-educational frames : inclusive school cases in four European countries,Socio-educational frames; Education; Inclusive education,BIC BOOK INDUSTRY COMMUNICATION::J SOCIETY & SOCIAL SCIENCES::JN EDUCATION | THEMA EDITEUR::J SOCIETY AND SOCIAL SCIENCES::JN EDUCATION,Education and Social Sciences,9,,0,9,code+subject+abstract,strong,code JN +4; subject keyword +4; abstract +1,Y,
Le sang et la chair,abattoir; viande; bétail; boucherie; sociologie; France,BIC BOOK INDUSTRY COMMUNICATION::J SOCIETY & SOCIAL SCIENCES::JH SOCIOLOGY & ANTHROPOLOGY::JHM ANTHROPOLOGY | THEMA EDITEUR::J SOCIETY AND SOCIAL SCIENCES::JH SOCIOLOGY AND ANTHROPOLOGY::JHM ANTHROPOLOGY,Education and Social Sciences,8,,0,8,code+subject,strong,code JH +4; subject keyword +4,Y,
