priority,tier,suggested_department,title_relevance,evidence,accession,year,publisher,title
1,1,Dental,12,"""dental"" +3; ""caries"" +3; ""oral health"" +3; ""oral"" (generic) +1; classifier title reading agrees +2",NBK43253,2004,Agency for Healthcare Research and Quality (US),Dental Caries Prevention: The Physician's Role in Child Oral Health Systematic Evidence Review
2,1,Dental,12,"""oral surgery"" +3; ""dentists"" +3; ""dentist"" +3; ""oral"" (generic) +1; classifier title reading agrees +2",NBK481951,2018,National Institute for Health and Care Research,An evaluation of a referral management and triage system for oral surgery referrals from primary care dentists: a mixed-methods study
3,1,Dental,12,"""dentistry"" +3; ""oral hygiene"" +3; ""periodontal"" +3; ""dental"" +3; ""dentist"" +3; ""oral"" (generic) +1; classifier title reading agrees +2",NBK512968,2018,National Institute for Health and Care Research,Improving the Quality of Dentistry (IQuaD): a cluster factorial randomised controlled trial comparing the effectiveness and cost–benefit of oral hygiene advice and/or periodontal instrumentation with routine care for the prevention and management of periodontal disease in dentate adults attending dental primary care
4,1,Dental,10,"""oral health"" +3; ""dental"" +3; ""caries"" +3; ""oral"" (generic) +1",NBK621150,2025,World Health Organization,WHO guideline on environmentally friendly and less invasive oral health care for preventing and managing dental caries
5,1,Nursing,10,"""nursing"" +3; ""nurse"" +3; ""care"" (generic) +1; ""hospital"" (generic) +1; classifier title reading agrees +2",NBK555320,2020,National Institute for Health and Care Research,The Safer Nursing Care Tool as a guide to nurse staffing requirements on hospital wards: observational and modelling study
6,1,Nursing,10,"""nursing"" +3; ""nurse"" +3; ""care"" (generic) +1; ""patient"" (generic) +1; classifier title reading agrees +2",NBK623324,2026,Department of Veterans Affairs (US),The Impact of Nursing Work Environments on Nurse Perceptions of Quality of Care and Patient Safety
7,1,Pharmacy,9,"""pharmacological"" +3; ""pharmacolog"" +3; ""drugs"" (generic) +1; classifier title reading agrees +2",NBK606147,2023,Cambridge University Press,Drugs in the Medieval Mediterranean: Transmission and Circulation of Pharmacological Knowledge
8,1,Dental,9,"""dental"" +3; ""endodontically"" +3; ""teeth"" +3",NBK304706,2015,Canadian Agency for Drugs and Technologies in Health,"The Use of Dental Crowns for Endodontically Treated Teeth: A Review of the Clinical Effectiveness, Cost-effectiveness and Guidelines"
9,1,Dental,9,"""dental"" +3; ""oral health"" +3; ""oral"" (generic) +1; classifier title reading agrees +2",NBK599978,2023,Canadian Agency for Drugs and Technologies in Health,Routine Dental Polishing for Oral Health: CADTH Health Technology Review
10,1,Nursing,9,"""nurses"" +3; ""midwives"" +3; ""care"" (generic) +1; classifier title reading agrees +2",NBK603160,2024,National Institute for Health and Care Research,"Causes and solutions to workplace psychological ill-health for nurses, midwives and paramedics: the Care Under Pressure 2 realist review"
11,1,Physiotherapy,8,"""prosthetic"" +3; ""rehabilitation"" +3; classifier title reading agrees +2",NBK448012,2010,Swedish Agency for Health Technology Assessment and Assessment of Social Services (SBU),Prosthetic Rehabilitation of Partially Dentate or Edentulous Patients: A Systematic Review
12,1,Physiotherapy,8,"""physiotherapy"" +3; ""rehabilitation"" +3; classifier title reading agrees +2",NBK564769,2020,National Institute for Health and Care Research,Outpatient physiotherapy versus home-based rehabilitation for patients at risk of poor outcomes after knee arthroplasty: CORKA RCT
13,1,Pharmacy,8,"""pharmacologic"" +3; ""pharmacolog"" +3; classifier title reading agrees +2",NBK37041,2003,Agency for Healthcare Research and Quality (US),"Pharmacologic Management of Heart Failure and Left Ventricular Systolic Dysfunction: Effect in Female, Black, and Diabetic Patients, and Cost-Effectiveness"
14,1,Pharmacy,8,"""pharmacological"" +3; ""pharmacolog"" +3; classifier title reading agrees +2",NBK37314,2004,Agency for Healthcare Research and Quality (US),Pharmacological Treatment of Dementia
15,1,Pharmacy,8,"""pharmacological"" +3; ""pharmacolog"" +3; classifier title reading agrees +2",NBK37379,2004,Agency for Healthcare Research and Quality (US),Pharmacological and Surgical Treatment of Obesity
16,1,Pharmacy,8,"""pharmacologic"" +3; ""pharmacolog"" +3; classifier title reading agrees +2",NBK43023,2007,Agency for Healthcare Research and Quality (US),Comparative Effectiveness of Second-Generation Antidepressants in the Pharmacologic Treatment of Adult Depression
17,1,Pharmacy,8,"""pharmacologic"" +3; ""pharmacolog"" +3; classifier title reading agrees +2",NBK83442,2011,Agency for Healthcare Research and Quality (US),Second-Generation Antidepressants in the Pharmacologic Treatment of Adult Depression: An Update of the 2007 Comparative Effectiveness Review
18,1,Pharmacy,8,"""pharmacological"" +3; ""pharmacolog"" +3; classifier title reading agrees +2",NBK137702,2013,Agency for Healthcare Research and Quality (US),Psychological and Pharmacological Treatments for Adults With Posttraumatic Stress Disorder (PTSD)
19,1,Pharmacy,8,"""pharmacologic"" +3; ""pharmacolog"" +3; classifier title reading agrees +2",NBK138287,2013,Agency for Healthcare Research and Quality (US),Migraine in Adults: Preventive Pharmacologic Treatments
20,1,Pharmacy,8,"""pharmacologic"" +3; ""pharmacolog"" +3; classifier title reading agrees +2",NBK148555,2013,Agency for Healthcare Research and Quality (US),Pharmacologic and Mechanical Prophylaxis of Venous Thromboembolism Among Special Populations
21,1,Pharmacy,8,"""pharmacologic"" +3; ""pharmacolog"" +3; classifier title reading agrees +2",NBK148703,2013,Agency for Healthcare Research and Quality (US),Migraine in Children: Preventive Pharmacologic Treatments
22,1,Pharmacy,8,"""pharmacological"" +3; ""pharmacolog"" +3; classifier title reading agrees +2",NBK153144,2013,Agency for Healthcare Research and Quality (US),Preventive Pharmacological Treatments for Migraine in Adults: Future Research Needs: Identification of Future Research Needs From Comparative Effectiveness Review No. 103
23,1,Pharmacy,8,"""pharmacologic"" +3; ""pharmacolog"" +3; classifier title reading agrees +2",NBK327222,2015,Agency for Healthcare Research and Quality (US),Psychosocial and Pharmacologic Interventions for Disruptive Behavior in Children and Adolescents
24,1,Pharmacy,8,"""pharmacological"" +3; ""pharmacolog"" +3; classifier title reading agrees +2",NBK338245,2015,Agency for Healthcare Research and Quality (US),Nonpharmacological Versus Pharmacological Treatments for Adult Patients With Major Depressive Disorder
25,1,Pharmacy,8,"""pharmacologic"" +3; ""pharmacolog"" +3; classifier title reading agrees +2",NBK355677,2016,Canadian Agency for Drugs and Technologies in Health,Pharmacologic Management of Patients with ADHD: A Review of Guidelines
26,1,Pharmacy,8,"""pharmacological"" +3; ""pharmacolog"" +3; classifier title reading agrees +2",NBK424135,2015,Department of Veterans Affairs (US),"Interventions to Improve Pharmacological Adherence Among Adults with Psychotic Spectrum Disorders, Bipolar Disorder, and Posttraumatic Stress Disorder"
27,1,Pharmacy,8,"""pharmacological"" +3; ""pharmacolog"" +3; classifier title reading agrees +2",NBK448028,2012,Swedish Agency for Health Technology Assessment and Assessment of Social Services (SBU),"Schizophrenia -- Pharmacological Treatments, Patient Involvement and Organization of Care"
28,1,Pharmacy,8,"""pharmacological"" +3; ""pharmacolog"" +3; classifier title reading agrees +2",NBK464880,2006,Norwegian Institute for Public Health,Pharmacological Therapies for Opiate Dependence
29,1,Pharmacy,8,"""pharmacological"" +3; ""pharmacolog"" +3; classifier title reading agrees +2",NBK525132,2018,Agency for Healthcare Research and Quality (US),Psychological and Pharmacological Treatments for Adults With Posttraumatic Stress Disorder: A Systematic Review Update
30,1,Pharmacy,8,"""pharmacological"" +3; ""pharmacolog"" +3; classifier title reading agrees +2",NBK532585,2018,National Institute for Health and Care Research,Pharmacological and non-pharmacological interventions for non-respiratory sleep disturbance in children with neurodisabilities: a systematic review
31,1,Pharmacy,8,"""pharmacologic"" +3; ""pharmacolog"" +3; classifier title reading agrees +2",NBK539624,2019,Agency for Healthcare Research and Quality (US),Adverse Effects of Pharmacologic Treatments of Major Depression in Older Adults
32,1,Pharmacy,8,"""pharmacologic"" +3; ""pharmacolog"" +3; classifier title reading agrees +2",NBK541643,2019,Agency for Healthcare Research and Quality (US),Pharmacologic and Nonpharmacologic Treatments for Posttraumatic Stress Disorder: Groundwork for a Publicly Available Repository of Randomized Controlled Trial Data
33,1,Pharmacy,8,"""pharmacologic"" +3; ""pharmacolog"" +3; classifier title reading agrees +2",NBK549046,2019,Agency for Healthcare Research and Quality (US),Pharmacologic and Nonpharmacologic Therapies in Adult Patients With Exacerbation of COPD: A Systematic Review
34,1,Pharmacy,8,"""pharmacological"" +3; ""pharmacolog"" +3; classifier title reading agrees +2",NBK551219,2019,National Institute for Health and Care Research,Different strategies for pharmacological thromboprophylaxis for lower-limb immobilisation after injury: systematic review and economic evaluation
35,1,Pharmacy,8,"""pharmacologic"" +3; ""pharmacolog"" +3; classifier title reading agrees +2",NBK556277,2020,Agency for Healthcare Research and Quality (US),Nonopioid Pharmacologic Treatments for Chronic Pain
36,1,Pharmacy,8,"""pharmacological"" +3; ""pharmacolog"" +3; classifier title reading agrees +2",NBK563527,2020,Canadian Agency for Drugs and Technologies in Health,Pharmacological Interventions for Chronic Pain in Pediatric Patients: A Review of Guidelines
37,1,Pharmacy,8,"""pharmacologic"" +3; ""pharmacolog"" +3; classifier title reading agrees +2",NBK564738,2020,Agency for Healthcare Research and Quality (US),Pharmacologic and Nonpharmacologic Treatments for Posttraumatic Stress Disorder: An Update of the PTSD-Repository Evidence Base
38,1,Pharmacy,8,"""pharmacologic"" +3; ""pharmacolog"" +3; classifier title reading agrees +2",NBK570101,2021,Agency for Healthcare Research and Quality (US),"Maternal, Fetal, and Child Outcomes of Mental Health Treatments in Women: A Systematic Review of Perinatal Pharmacologic Interventions"
39,1,Pharmacy,8,"""pharmacological"" +3; ""pharmacolog"" +3; classifier title reading agrees +2",NBK571978,2021,Canadian Agency for Drugs and Technologies in Health,Pharmacological Interventions for Vaping Cessation
40,1,Pharmacy,8,"""pharmacological"" +3; ""pharmacolog"" +3; classifier title reading agrees +2",NBK573631,2021,World Health Organization,Guideline for the pharmacological treatment of hypertension in adults
41,1,Pharmacy,8,"""pharmacologic"" +3; ""pharmacolog"" +3; classifier title reading agrees +2",NBK586160,2022,Agency for Healthcare Research and Quality (US),Pharmacologic and Nonpharmacologic Treatments for Posttraumatic Stress Disorder: 2022 Update of the PTSD-Repository Evidence Base
42,1,Pharmacy,8,"""pharmacologic"" +3; ""pharmacolog"" +3; classifier title reading agrees +2",NBK589566,2019,Agency for Healthcare Research and Quality (US),Systematic Review on Nonopioid Pharmacologic Treatments for Chronic Pain: Surveillance Reports
43,1,Pharmacy,8,"""pharmacology"" +3; ""pharmacolog"" +3; classifier title reading agrees +2",NBK595000,2023,Chippewa Valley Technical College,Nursing Pharmacology. 2nd edition
44,1,Pharmacy,8,"""pharmacologic"" +3; ""pharmacolog"" +3; classifier title reading agrees +2",NBK595090,2023,Agency for Healthcare Research and Quality (US),Pharmacologic and Nonpharmacologic Treatments for Posttraumatic Stress Disorder: 2023 Update of the Evidence Base for the PTSD Trials Standardized Data Repository
45,1,Pharmacy,8,"""pharmacologic"" +3; ""pharmacolog"" +3; classifier title reading agrees +2",NBK612880,2024,Agency for Healthcare Research and Quality (US),Pharmacologic and Nonpharmacologic Treatments for Posttraumatic Stress Disorder: 2024 Update of the Evidence Base for the PTSD Trials Standardized Data Repository
46,1,Pharmacy,8,"""pharmacological"" +3; ""pharmacolog"" +3; classifier title reading agrees +2",NBK615175,2025,National Institute for Health and Care Research,Effects of pharmacological and non-pharmacological interventions for the management of sleep problems in people with fibromyalgia: a multi-methods evidence synthesis
47,1,Pharmacy,8,"""pharmacist"" +3; ""pharmacy"" +3; classifier title reading agrees +2",NBK621903,2026,National Institute for Health and Care Research,Integrated pharmacist and third sector outreach support for people experiencing homelessness: a synopsis of the PHOENIx community pharmacy-based pilot randomised controlled trial
48,1,Pharmacy,8,"""pharmacology"" +3; ""pharmacolog"" +3; classifier title reading agrees +2",NBK624096,2017,De Gruyter,Collecting Recipes: Byzantine and Jewish Pharmacology in Dialogue
49,1,Dental,8,"""dental"" +3; ""caries"" +3; classifier title reading agrees +2",NBK202090,2014,Agency for Healthcare Research and Quality (US),Prevention of Dental Caries in Children Younger Than 5 Years Old: Systematic Review to Update the U.S. Preventive Services Task Force Recommendation
50,1,Dental,8,"""dental"" +3; ""caries"" +3; classifier title reading agrees +2",NBK385551,2016,National Institute for Health and Care Research,A randomised controlled trial to measure the effects and costs of a dental caries prevention regime for young children attending primary care dental services: the Northern Ireland Caries Prevention In Practice (NIC-PIP) trial
51,1,Dental,8,"""dental"" +3; ""caries"" +3; classifier title reading agrees +2",NBK390568,2015,Norwegian Institute for Public Health,Effect of Parent Education on Ways to Prevent Dental Caries in Pre-School Children
52,1,Dental,8,"""dental"" +3; ""caries"" +3; classifier title reading agrees +2",NBK575915,2021,Agency for Healthcare Research and Quality (US),Screening and Interventions to Prevent Dental Caries in Children Younger Than Age Five Years: A Systematic Review for the U.S. Preventive Services Task Force
53,1,Dental,8,"""dental"" +3; ""caries"" +3; classifier title reading agrees +2",NBK601829,2023,Canadian Agency for Drugs and Technologies in Health,Dental Sealants for the Prevention of Dental Caries: Rapid Review
54,1,Dental,8,"""dental"" +3; ""caries"" +3; classifier title reading agrees +2",NBK607037,2024,National Institute for Health and Care Research,"Behaviour change intervention (education and text) to prevent dental caries in secondary school pupils: BRIGHT RCT, process and economic evaluation"
55,1,Dental,8,"""caries"" +3; ""dental"" +3; classifier title reading agrees +2",NBK622693,2026,World Health Organization,Directriz de la OMS en pro de una atención de la salud bucodental respetuosa con el medio ambiente y menos invasiva para la prevención y el tratamiento de la caries dental
56,1,Dental,8,"""dental"" +3; ""caries"" +3; classifier title reading agrees +2",NBK624516,2024,Patient-Centered Outcomes Research Institute (PCORI),A School-Based Model for Minimally Invasive Dental Caries Prevention and Control: The CariedAway Pragmatic Randomized Trial
57,1,Physiotherapy,7,"""physical medicine"" +3; ""rehabilitation"" +3; ""physical"" (generic) +1",NBK464876,2008,Norwegian Institute for Public Health,Organization of Physical Medicine and Rehabilitation in Hospitals
58,1,Physiotherapy,7,"""rehabilitation"" +3; ""physical therapy"" +3; ""physical"" (generic) +1",NBK543424,2019,National Institute for Health and Care Research,"Dopamine Augmented Rehabilitation in Stroke (DARS): a multicentre double-blind, randomised controlled trial of co-careldopa compared with placebo, in addition to routine NHS occupational and physical therapy, delivered early after stroke on functional recovery"
59,1,Physiotherapy,7,"""rehabilitation"" +3; ""physical"" (generic) +1; ""low back pain"" (generic) +1; classifier title reading agrees +2",NBK599581,2022,Department of Veterans Affairs (US),Interventions to Improve Long-term Adherence to Physical Rehabilitation Among Those with Hip or Knee Osteoarthritis or Chronic Low Back Pain: A Systematic Review
60,1,Pharmacy,7,"""pharmaceutical"" +3; ""drugs"" (generic) +1; ""drug"" (generic) +1; classifier title reading agrees +2",NBK611094,2024,Office of the Assistant Secretary for Planning and Evaluation (ASPE),Impacts of a Nonprofit Membership-Based Pharmaceutical Company on Volume of Generic Drugs Sold and Drug Prices: A Case Study: Issue Brief
61,1,Dental,7,"""dental"" +3; ""oral health"" +3; ""oral"" (generic) +1",NBK263351,2014,Canadian Agency for Drugs and Technologies in Health,"Periodic Dental Examinations for Oral Health: A Review of Clinical Effectiveness, Cost Effectiveness, and Guidelines"
62,1,Dental,7,"""dental"" +3; ""caries"" +3; ""fluoride"" (generic) +1",NBK493244,2017,Canadian Agency for Drugs and Technologies in Health,"Silver Diamine Fluoride for the Prevention and Arresting of Dental Caries or Hypersensitivity: A Review of Clinical Effectiveness, Cost-Effectiveness and Guidelines"
63,1,Nursing,7,"""nurses"" +3; ""patient"" (generic) +1; ""safety"" (generic) +1; classifier title reading agrees +2",NBK2651,2008,Agency for Healthcare Research and Quality (US),Patient Safety and Quality: An Evidence-Based Handbook for Nurses
64,1,Nursing,7,"""nurse"" +3; ""patient"" (generic) +1; ""care"" (generic) +1; classifier title reading agrees +2",NBK38315,2007,Agency for Healthcare Research and Quality (US),Nurse Staffing and Quality of Patient Care
65,1,Nursing,7,"""nurse"" +3; ""patient"" (generic) +1; ""patients"" (generic) +1; classifier title reading agrees +2",NBK476483,2018,National Institute for Health and Care Research,The Patient Centred Assessment Method for improving nurse-led biopsychosocial assessment of patients with long-term conditions: a feasibility RCT
66,1,Nursing,7,"""nursing"" +3; ""care"" (generic) +1; ""patient"" (generic) +1; classifier title reading agrees +2",NBK543826,2018,Springer,Fragility Fracture Nursing: Holistic Care and Management of the Orthogeriatric Patient
67,1,Nursing,7,"""nurses"" +3; ""hospital"" (generic) +1; ""patients"" (generic) +1; classifier title reading agrees +2",NBK547460,2019,National Institute for Health and Care Research,Intentional rounding in hospital wards to improve regular interaction and engagement between nurses and patients: a realist evaluation
68,1,Nursing,7,"""nurse"" +3; ""patient"" (generic) +1; ""hospitals"" (generic) +1; classifier title reading agrees +2",NBK591055,2018,Patient-Centered Outcomes Research Institute (PCORI),Can Nurse and Patient Education Reduce Missed Doses of Medications to Prevent Blood Clots in Hospitals?
69,1,Physiotherapy,6,"""rehabilitation"" +3; ""injury"" (generic) +1; classifier title reading agrees +2",NBK32897,1999,Agency for Healthcare Research and Quality (US),Rehabilitation for Traumatic Brain Injury
70,1,Physiotherapy,6,"""rehabilitation"" +3; ""injury"" (generic) +1; classifier title reading agrees +2",NBK32918,1999,Agency for Healthcare Research and Quality (US),Rehabilitation for Traumatic Brain Injury in Children and Adolescents (Supplement)
71,1,Physiotherapy,6,"""rehabilitation"" +3; ""injury"" (generic) +1; classifier title reading agrees +2",NBK98993,2012,Agency for Healthcare Research and Quality (US),Multidisciplinary Postacute Rehabilitation for Moderate to Severe Traumatic Brain Injury in Adults
72,1,Physiotherapy,6,"""rehabilitation"" +3; ""injury"" (generic) +1; classifier title reading agrees +2",NBK143624,2013,Agency for Healthcare Research and Quality (US),Multidisciplinary Rehabilitation Programs for Moderate to Severe Traumatic Brain Injury in Adults: Future Research Needs: Identification of Future Research Needs From Comparative Effectiveness Review No. 72
73,1,Physiotherapy,6,"""physiotherapy"" +3; ""pain"" (generic) +1; classifier title reading agrees +2",NBK259305,2014,National Institute for Health and Care Research,Alexander technique and Supervised Physiotherapy Exercises in back paiN (ASPEN): a four-group randomised feasibility trial
74,1,Physiotherapy,6,"""rehabilitation"" +3; ""mobility"" (generic) +1; classifier title reading agrees +2",NBK261965,2014,National Institute for Health and Care Research,Rehabilitation aimed at improving outdoor mobility for people after stroke: a multicentre randomised controlled study (the Getting out of the House Study)
75,1,Physiotherapy,6,"""physiotherapy"" +3; ""occupational therapy"" +3",NBK379760,2016,National Institute for Health and Care Research,Clinical effectiveness and cost-effectiveness of physiotherapy and occupational therapy versus no therapy in mild to moderate Parkinson’s disease: a large pragmatic randomised controlled trial (PD REHAB)
76,1,Physiotherapy,6,"""rehabilitation"" +3; ""pain"" (generic) +1; classifier title reading agrees +2",NBK447966,2010,Swedish Agency for Health Technology Assessment and Assessment of Social Services (SBU),Rehabilitation of Patients with Chronic Pain Conditions: A Systematic Review
77,1,Physiotherapy,6,"""rehabilitation"" +3; ""injury"" (generic) +1; classifier title reading agrees +2",NBK506824,2018,National Institute for Health and Care Research,"Early, specialist vocational rehabilitation to facilitate return to work after traumatic brain injury: the FRESH feasibility RCT"
78,1,Physiotherapy,6,"""rehabilitation"" +3; ""injuries"" (generic) +1; classifier title reading agrees +2",NBK540566,2019,National Institute for Health and Care Research,A group memory rehabilitation programme for people with traumatic brain injuries: the ReMemBrIn RCT
79,1,Physiotherapy,6,"""rehabilitation"" +3; ""exercise"" (generic) +1; classifier title reading agrees +2",NBK541564,2019,National Institute for Health and Care Research,Exercise-based cardiac rehabilitation for chronic heart failure: the EXTRAMATCH II individual participant data meta-analysis
80,1,Physiotherapy,6,"""physiotherapy"" +3; ""exercise"" (generic) +1; classifier title reading agrees +2",NBK544192,2019,National Institute for Health and Care Research,Exercise- and strategy-based physiotherapy-delivered intervention for preventing repeat falls in people with Parkinson’s: the PDSAFE RCT
81,1,Physiotherapy,6,"""physiotherapy"" +3; ""exercise"" (generic) +1; classifier title reading agrees +2",NBK545554,2019,National Institute for Health and Care Research,Exercise or manual physiotherapy compared with a single session of physiotherapy for osteoporotic vertebral fracture: three-arm PROVE RCT
82,1,Physiotherapy,6,"""rehabilitation"" +3; ""physical"" (generic) +1; classifier title reading agrees +2",NBK570656,2021,RTI Press,Sustaining Physical Activity Following Cardiac Rehabilitation Discharge
83,1,Physiotherapy,6,"""rehabilitation"" +3; ""injury"" (generic) +1; classifier title reading agrees +2",NBK607993,2021,Patient-Centered Outcomes Research Institute (PCORI),Comparing Ways to Identify Sleep Apnea in People with Traumatic Brain Injury during Inpatient Rehabilitation
84,1,Physiotherapy,6,"""rehabilitation"" +3; ""injury"" (generic) +1; classifier title reading agrees +2",NBK610226,2020,Patient-Centered Outcomes Research Institute (PCORI),Using One-on-One Peer Mentors to Help Patients with a Spinal Cord Injury Transition from Rehabilitation to Home
85,1,Pharmacy,6,"""pharmacologic"" +3; ""pharmacolog"" +3",NBK192961,2014,Agency for Healthcare Research and Quality (US),Pharmacologic Therapies for the Management of Crohn's Disease: Comparative Effectiveness
86,1,Pharmacy,6,"""pharmaceutical"" +3; ""drug"" (generic) +1; classifier title reading agrees +2",NBK195068,2014,Agency for Healthcare Research and Quality (US),Primary Care Behavioral Interventions to Prevent or Reduce Illicit Drug and Nonmedical Pharmaceutical Use in Children and Adolescents: A Systematic Evidence Review for the U.S. Preventive Services Task Force
87,1,Pharmacy,6,"""pharmacological"" +3; ""pharmacolog"" +3",NBK198818,2014,Agency for Healthcare Research and Quality (US),Pharmacological Management of Crohn's Disease: Future Research Needs: Identification of Future Research Needs From Comparative Effectiveness Review No. 131
88,1,Pharmacy,6,"""pharmacokinetic"" +3; ""pharmacodynamic"" +3",NBK266264,2014,Agency for Healthcare Research and Quality (US),Pharmacokinetic/Pharmacodynamic Measures for Guiding Antibiotic Treatment for Hospital-Acquired Pneumonia
89,1,Pharmacy,6,"""pharmacological"" +3; ""pharmacolog"" +3",NBK367936,2016,National Institute for Health and Care Research,A systematic review of the clinical effectiveness and cost-effectiveness of pharmacological and psychological interventions for the management of obsessive–compulsive disorder in children/adolescents and adults
90,1,Pharmacy,6,"""drug discovery"" +3; ""drug"" (generic) +1; classifier title reading agrees +2",NBK402334,2013,InTech,Drug Discovery
91,1,Pharmacy,6,"""pharmacological"" +3; ""pharmacolog"" +3",NBK464870,2008,Norwegian Institute for Public Health,"Primary Prevention of Cardiovascular Disease, with Emphasis on Pharmacological Interventions"
92,1,Pharmacy,6,"""pharmacological"" +3; ""pharmacolog"" +3",NBK537492,2018,World Health Organization,WHO Guidelines for the Pharmacological and Radiotherapeutic Management of Cancer Pain in Adults and Adolescents
93,1,Pharmacy,6,"""pharmacological"" +3; ""pharmacolog"" +3",NBK541237,2019,Canadian Agency for Drugs and Technologies in Health,Sequencing of Pharmacological Management of Crohn’s Disease and Ulcerative Colitis: A Review of Guidelines
94,1,Pharmacy,6,"""pharmacological"" +3; ""pharmacolog"" +3",NBK545895,2019,Canadian Agency for Drugs and Technologies in Health,"Ketamine for Pharmacological Management of Aggression and Agitation in Pre-Hospital Settings: A Review of Comparative Clinical Effectiveness, Safety and Guidelines"
95,1,Pharmacy,6,"""pharmacological"" +3; ""pharmacolog"" +3",NBK562834,2020,Canadian Agency for Drugs and Technologies in Health,Non-Pharmacological and Pharmacological Interventions for Smoking Cessation Programs in Youth: A Review of Clinical Effectiveness and Guidelines
96,1,Pharmacy,6,"""pharmacological"" +3; ""pharmacolog"" +3",NBK570090,2020,Swedish Agency for Health Technology Assessment and Assessment of Social Services (SBU),"Pharmacological treatment of common pain conditions in older persons: A systematic review and assessment of medical, economic, social and ethical aspects"
97,1,Pharmacy,6,"""pharmacological"" +3; ""pharmacolog"" +3",NBK575620,2021,National Institute for Health and Care Research,Pharmacological and non-pharmacological treatments and outcomes for new-onset atrial fibrillation in ICU patients: the CAFE scoping review and database analyses
98,1,Pharmacy,6,"""pharmacokinetics"" +3; ""drugs"" (generic) +1; classifier title reading agrees +2",NBK575799,2017,National Institute of Child Health and Human Development (US),Pharmacokinetics of Understudied Drugs Administered to Children per Standard of Care - Doxycycline
99,1,Pharmacy,6,"""pharmacokinetics"" +3; ""drugs"" (generic) +1; classifier title reading agrees +2",NBK587070,2022,National Institute of Child Health and Human Development (US),Pharmacokinetics of Anti-epileptic Drugs in Obese Children - Levetiracetam
100,1,Pharmacy,6,"""pharmaceutical"" +3; ""drug"" (generic) +1; classifier title reading agrees +2",NBK611863,2025,Office of the Assistant Secretary for Planning and Evaluation (ASPE),"Mergers and Acquisitions (M&As) in Pharmaceutical Markets: Associations with Market Concentration, Prices, Drug Quantity Sold, and Shortages"
101,1,Pharmacy,6,"""pharmaceutical"" +3; ""drugs"" (generic) +1; classifier title reading agrees +2",NBK611874,2025,Office of the Assistant Secretary for Planning and Evaluation (ASPE),Profit Margins of Pharmaceutical Supply Chain Entities on Provider-Administered Drugs in Outpatient and Physician Settings
102,1,Dental,6,"""dental"" +3; ""caries"" +3",NBK33684,2001,Agency for Healthcare Research and Quality (US),Diagnosis and Management of Dental Caries
103,1,Dental,6,"""oral health"" +3; ""oral"" (generic) +1; classifier title reading agrees +2",NBK47472,2003,Office of the Surgeon General (US),National Call To Action To Promote Oral Health
104,1,Dental,6,"""dental"" +3; ""oral"" (generic) +1; classifier title reading agrees +2",NBK390587,2015,Norwegian Institute for Public Health,Effects of Dental and Oral Examination in Children Aged 0-5 Years
105,1,Dental,6,"""dental"" +3; ""caries"" +3",NBK401525,2016,Canadian Agency for Drugs and Technologies in Health,"Dental Sealants and Preventive Resins for Caries Prevention: A Review of the Clinical Effectiveness, Cost-effectiveness and Guidelines"
106,1,Dental,6,"""dental"" +3; ""periodontal"" +3",NBK401538,2016,Canadian Agency for Drugs and Technologies in Health,"Dental Scaling and Root Planing for Periodontal Health: A Review of the Clinical Effectiveness, Cost-effectiveness, and Guidelines"
107,1,Dental,6,"""dental"" +3; ""fluoride"" (generic) +1; classifier title reading agrees +2",NBK426024,2017,National Institute for Health and Care Research,Seal or Varnish? A randomised controlled trial to determine the relative cost and effectiveness of pit and fissure sealant and fluoride varnish in preventing dental decay
108,1,Dental,6,"""endodontic"" +3; ""dentition"" +3",NBK470664,2017,Canadian Agency for Drugs and Technologies in Health,"Endodontic Therapy Interventions for Root Canal Failure in Permanent Dentition: A Review of Clinical Effectiveness, Cost-Effectiveness, and Guidelines"
109,1,Dental,6,"""orthodontic"" +3; ""teeth"" +3",NBK519547,2017,Canadian Agency for Drugs and Technologies in Health,Orthodontic Treatment for the Management of Pain or Impacted Teeth in Patients with Malocclusion: A Review of Clinical Effectiveness and Guidelines
110,1,Dental,6,"""oral health"" +3; ""oral"" (generic) +1; classifier title reading agrees +2",NBK544414,2019,National Institute for Health and Care Research,"Child-care self-assessment to improve physical activity, oral health and nutrition for 2- to 4-year-olds: a feasibility cluster RCT"
111,1,Dental,6,"""endodontic"" +3; ""teeth"" +3",NBK546327,2019,Canadian Agency for Drugs and Technologies in Health,"Vital Pulp Therapy for Endodontic Treatment of Mature Teeth: A Review of Clinical Effectiveness, Cost-Effectiveness, and Guidelines"
112,1,Dental,6,"""oral health"" +3; ""oral"" (generic) +1; classifier title reading agrees +2",NBK553019,2020,National Institute for Health and Care Research,Presenting patients with information on their oral health risk: the PREFER three-arm RCT and ethnography
113,1,Dental,6,"""oral health"" +3; ""oral"" (generic) +1; classifier title reading agrees +2",NBK561986,2010,National Health Policy Forum,Oral Health Checkup: Progress in Tough Fiscal Times?
114,1,Dental,6,"""dentistry"" +3; ""dentist"" +3",NBK567076,2020,Canadian Agency for Drugs and Technologies in Health,"Target-Controlled Infusion with Propofol and Remifentanil for Moderate Procedural Sedation in Medicine and Dentistry: A Review of Clinical Effectiveness, Cost-Effectiveness, and Guidelines"
115,1,Dental,6,"""oral health"" +3; ""oral"" (generic) +1; classifier title reading agrees +2",NBK576535,2021,National Institute of Dental and Craniofacial Research (US),Oral Health in America: Advances and Challenges
116,1,Dental,6,"""oral health"" +3; ""oral"" (generic) +1; classifier title reading agrees +2",NBK576536,2021,National Institute of Dental and Craniofacial Research (US),Oral Health in America: Advances and Challenges: Executive Summary
117,1,Dental,6,"""dental"" +3; ""tooth"" +3",NBK596304,2023,Canadian Agency for Drugs and Technologies in Health,Dental Bridges for Partial Tooth Loss: CADTH Health Technology Review
118,1,Dental,6,"""oral health"" +3; ""oral"" (generic) +1; classifier title reading agrees +2",NBK597279,2023,Agency for Healthcare Research and Quality (US),"Screening, Referral, Behavioral Counseling, and Preventive Interventions for Oral Health in Children and Adolescents Ages 5 to 17 Years: A Systematic Review for the U.S. Preventive Services Task Force"
119,1,Dental,6,"""oral health"" +3; ""oral"" (generic) +1; classifier title reading agrees +2",NBK597289,2023,Agency for Healthcare Research and Quality (US),"Screening, Referral, Behavioral Counseling, and Preventive Interventions for Oral Health in Adults: A Systematic Review for the U.S. Preventive Services Task Force"
120,1,Dental,6,"""dental"" +3; ""fluoridated"" (generic) +1; classifier title reading agrees +2",NBK603949,2024,National Institute for Health and Care Research,Effect of fluoridated water on invasive NHS dental treatments for adults: the LOTUS retrospective cohort study and economic evaluation
121,1,Dental,6,"""dental"" +3; ""jaw"" (generic) +1; classifier title reading agrees +2",NBK620235,2025,Agency for Healthcare Research and Quality (US),Association Between Outcomes and Dental Services in People Receiving Treatments That Cause Medication-Related Osteonecrosis of the Jaw: A Rapid Response Review
122,1,Dental,6,"""dental"" +3; ""mouth"" (generic) +1; classifier title reading agrees +2",NBK620371,2026,National Institute for Health and Care Research,A randomised feasibility trial of an intervention involving mental health support workers as link workers to improve dental visiting in people with severe mental illness: The Mouth Matters in Mental Health Study
123,1,Dental,6,"""oral health"" +3; ""oral"" (generic) +1; classifier title reading agrees +2",NBK621432,2026,National Institute for Health and Care Research,Improving the Oral Health of Older People In Care Homes: the TOPIC randomised feasibility study
124,1,Nursing,6,"""nurses"" +3; ""care"" (generic) +1; classifier title reading agrees +2",NBK384613,2014,Department of Veterans Affairs (US),Evidence Brief: The Quality of Care Provided by Advanced Practice Nurses
125,1,Nursing,6,"""nurse"" +3; ""care"" (generic) +1; classifier title reading agrees +2",NBK464661,2017,National Institute for Health and Care Research,Results of the First Steps study: a randomised controlled trial and economic evaluation of the Group Family Nurse Partnership (gFNP) programme compared with usual care in improving outcomes for high-risk mothers and their children and preventing abuse
126,1,Nursing,6,"""nurse"" +3; ""hospitals"" (generic) +1; classifier title reading agrees +2",NBK534527,2018,National Institute for Health and Care Research,"Nurse staffing levels, missed vital signs and mortality in hospitals: retrospective longitudinal observational study"
127,1,Nursing,6,"""nurse"" +3; ""patients"" (generic) +1; classifier title reading agrees +2",NBK545679,2019,National Institute for Health and Care Research,"A nurse-led, preventive, psychological intervention to reduce PTSD symptom severity in critically ill patients: the POPPI feasibility study and cluster RCT"
128,1,Nursing,6,"""nurses"" +3; ""care"" (generic) +1; classifier title reading agrees +2",NBK585933,2021,Canadian Agency for Drugs and Technologies in Health,Anesthesia Care Provided by Nurses
129,1,Nursing,6,"""nurse"" +3; ""care"" (generic) +1; classifier title reading agrees +2",NBK588091,2022,Department of Veterans Affairs (US),Effects of Nurse Staffing on Processes of Care and Resident Outcomes in Nursing Homes: A Systematic Review
130,1,Nursing,6,"""nursing"" +3; ""patient"" (generic) +1; classifier title reading agrees +2",NBK595232,2024,National Institute for Health and Care Research,The effects of computerised decision support systems on nursing and allied health professional performance and patient outcomes: a systematic review and user contextualisation
131,1,Nursing,6,"""nurses"" +3; ""patients"" (generic) +1; classifier title reading agrees +2",NBK599373,2021,European Dialysis and Transplant Nurses Association/European Renal Care Association (EDTNA/ERCA),Supporting patients who opt not to have dialysis or stop dialysis: Guidelines for Nurses
132,1,Nursing,6,"""nurses"" +3; ""care"" (generic) +1; classifier title reading agrees +2",NBK610861,2024,National Institute for Health and Care Research,A model of occupational stress to assess impact of COVID-19 on critical care and redeployed nurses: a mixed-methods study
133,1,Nursing,6,"""nurse"" +3; ""hospital"" (generic) +1; classifier title reading agrees +2",NBK611335,2020,Patient-Centered Outcomes Research Institute (PCORI),Nurse Support for Children and Their Parents Returning Home From the Hospital—The H2O Study
134,1,Nursing,6,"""nurses"" +3; ""care"" (generic) +1; classifier title reading agrees +2",NBK623040,2026,National Institute for Health and Care Research,"Attracting, recruiting, and retaining registered nurses and care workers in care homes: the REACH realist review"
135,1,Physiotherapy,5,"""rehabilitation"" +3; classifier title reading agrees +2",NBK52428,1995,Agency for Healthcare Research and Quality (US),Post-Stroke Rehabilitation
136,1,Physiotherapy,5,"""rehabilitation"" +3; classifier title reading agrees +2",NBK63877,1995,Agency for Healthcare Research and Quality (US),Cardiac Rehabilitation
137,1,Physiotherapy,5,"""rehabilitation"" +3; classifier title reading agrees +2",NBK82455,2011,Agency for Healthcare Research and Quality (US),"Transition of Care for Acute Stroke and Myocardial Infarction Patients: From Hospitalization to Rehabilitation, Recovery, and Secondary Prevention"
138,1,Physiotherapy,5,"""physical therapy"" +3; ""physical"" (generic) +1; ""pain"" (generic) +1",NBK114568,2012,Agency for Healthcare Research and Quality (US),Physical Therapy Interventions for Knee Pain Secondary to Osteoarthritis
139,1,Physiotherapy,5,"""physical therapy"" +3; ""physical"" (generic) +1; ""pain"" (generic) +1",NBK153191,2013,Agency for Healthcare Research and Quality (US),Physical Therapy for Knee Pain Secondary to Osteoarthritis: Future Research Needs: Identification of Future Research Needs From Comparative Effectiveness Review No. 77
140,1,Physiotherapy,5,"""rehabilitation"" +3; classifier title reading agrees +2",NBK258792,2008,Agency for Healthcare Research and Quality (US),Methodological Issues in Evaluation of Innovative Training Approaches to Stroke Rehabilitation
141,1,Physiotherapy,5,"""rehabilitation"" +3; classifier title reading agrees +2",NBK259042,2006,Agency for Healthcare Research and Quality (US),Pulmonary Rehabilitation for COPD and Other Lung Diseases
142,1,Physiotherapy,5,"""physiotherapy"" +3; classifier title reading agrees +2",NBK260286,2013,National Institute for Health and Care Research,A pragmatic randomised controlled trial of the effectiveness and cost-effectiveness of ‘PhysioDirect' telephone assessment and advice services for physiotherapy
143,1,Physiotherapy,5,"""rehabilitation"" +3; classifier title reading agrees +2",NBK269522,2015,National Institute for Health and Care Research,Secondary analysis and literature review of community rehabilitation and intermediate care: an information resource
144,1,Physiotherapy,5,"""rehabilitation"" +3; classifier title reading agrees +2",NBK316436,2015,Swedish Agency for Health Technology Assessment and Assessment of Social Services (SBU),Rehabilitation at Home After Early Supported Discharge (ESD) for Elderly Patients After Stroke
145,1,Physiotherapy,5,"""physiotherapy"" +3; classifier title reading agrees +2",NBK373155,2016,National Institute for Health and Care Research,The feasibility of a randomised controlled trial of physiotherapy for adults with joint hypermobility syndrome
146,1,Physiotherapy,5,"""physical therapy"" +3; ""physical"" (generic) +1; ""pain"" (generic) +1",NBK409574,2016,Canadian Agency for Drugs and Technologies in Health,Physical Therapy Treatments for Chronic Non-Cancer Pain: A Review of Guidelines
147,1,Physiotherapy,5,"""rehabilitation"" +3; classifier title reading agrees +2",NBK425139,2017,National Institute for Health and Care Research,The Rehabilitation Effectiveness for Activities for Life (REAL) study: a national programme of research into NHS inpatient mental health rehabilitation services across England
148,1,Physiotherapy,5,"""rehabilitation"" +3; classifier title reading agrees +2",NBK447799,2017,National Institute for Health and Care Research,Developing a multidisciplinary rehabilitation package following hip fracture and testing in a randomised feasibility study: Fracture in the Elderly Multidisciplinary Rehabilitation (FEMuR)
149,1,Physiotherapy,5,"""rehabilitation"" +3; classifier title reading agrees +2",NBK453581,2017,National Institute for Health and Care Research,"A Very Early Rehabilitation Trial after stroke (AVERT): a Phase III, multicentre, randomised controlled trial"
150,1,Physiotherapy,5,"""physiotherapy"" +3; classifier title reading agrees +2",NBK458941,2017,National Institute for Health and Care Research,Subcutaneous Injection of Adalimumab Trial compared with Control (SCIATiC): a randomised controlled trial of adalimumab injection compared with placebo for patients receiving physiotherapy treatment for sciatica
151,1,Physiotherapy,5,"""physical therapy"" +3; ""physical"" (generic) +1; ""exercise"" (generic) +1",NBK464779,2004,Norwegian Institute for Public Health,"The Effectiveness of Physical Therapy, Restricted to Electrotherapy and Exercise, for Osteoarthritis of the Knee"
152,1,Physiotherapy,5,"""physical therapy"" +3; ""physical"" (generic) +1; ""injury"" (generic) +1",NBK464843,2008,Norwegian Institute for Public Health,Physical Therapy Interventions for Cancer Patients with Radiation Injury in Muscle and Skeleton
153,1,Physiotherapy,5,"""rehabilitation"" +3; classifier title reading agrees +2",NBK464860,2012,Norwegian Institute for Public Health,"Effect of Multidisciplinary, Team-Based Rehabilitation, Including Education, in Rheumatoid Arthritis"
154,1,Physiotherapy,5,"""rehabilitation"" +3; classifier title reading agrees +2",NBK464901,2009,Norwegian Institute for Public Health,The Effect of Rehabilitation on Social and Community Participation
155,1,Physiotherapy,5,"""rehabilitation"" +3; classifier title reading agrees +2",NBK482100,2016,Norwegian Institute for Public Health,Use of Biological Samples in Rehabilitation of Persons Receiving Opioid Maintenance Treatment: A Systematic Review
156,1,Physiotherapy,5,"""rehabilitation"" +3; classifier title reading agrees +2",NBK487345,2018,National Institute for Health and Care Research,"The feasibility of early pulmonary rehabilitation and activity after COPD exacerbations: external pilot randomised controlled trial, qualitative case study and exploratory economic evaluation"
157,1,Physiotherapy,5,"""rehabilitation"" +3; classifier title reading agrees +2",NBK501946,2018,National Institute for Health and Care Research,Enhanced psychological care in cardiac rehabilitation services for patients with new-onset depression: the CADENCE feasibility study and pilot RCT
158,1,Physiotherapy,5,"""rehabilitation"" +3; classifier title reading agrees +2",NBK538650,2019,National Institute for Health and Care Research,Goal-oriented cognitive rehabilitation for early-stage Alzheimer’s and related dementias: the GREAT RCT
159,1,Physiotherapy,5,"""rehabilitation"" +3; classifier title reading agrees +2",NBK552435,2020,National Institute for Health and Care Research,Group cognitive rehabilitation to reduce the psychological impact of multiple sclerosis on quality of life: the CRAMMS RCT
160,1,Physiotherapy,5,"""rehabilitation"" +3; classifier title reading agrees +2",NBK552492,2017,World Health Organization,Rehabilitation in health systems
161,1,Physiotherapy,5,"""rehabilitation"" +3; classifier title reading agrees +2",NBK557309,2020,National Institute for Health and Care Research,An extended stroke rehabilitation service for people who have had a stroke: the EXTRAS RCT
162,1,Physiotherapy,5,"""physiotherapy"" +3; classifier title reading agrees +2",NBK565284,2020,National Institute for Health and Care Research,Surgical treatments compared with early structured physiotherapy in secondary care for adults with primary frozen shoulder: the UK FROST three-arm RCT
163,1,Physiotherapy,5,"""rehabilitation"" +3; classifier title reading agrees +2",NBK567612,2021,National Institute for Health and Care Research,A facilitated home-based cardiac rehabilitation intervention for people with heart failure and their caregivers: a research programme including the REACH-HF RCT
164,1,Physiotherapy,5,"""rehabilitation"" +3; classifier title reading agrees +2",NBK574228,2020,AOSIS,Collaborative capacity development to complement stroke rehabilitation in Africa
165,1,Physiotherapy,5,"""rehabilitation"" +3; classifier title reading agrees +2",NBK575303,2021,Agency for Healthcare Research and Quality (US),Prehabilitation and Rehabilitation for Major Joint Replacement
166,1,Physiotherapy,5,"""rehabilitation"" +3; classifier title reading agrees +2",NBK583204,2021,Swedish Agency for Health Technology Assessment and Assessment of Social Services (SBU),Treatment methods for rehabilitation of fibromyalgia: A systematic review
167,1,Physiotherapy,5,"""rehabilitation"" +3; classifier title reading agrees +2",NBK593332,2023,National Institute for Health and Care Research,Factors which facilitate or impede patient engagement with pulmonary and cardiac rehabilitation: a rapid evaluation mapping review
168,1,Physiotherapy,5,"""rehabilitation"" +3; classifier title reading agrees +2",NBK593582,2019,Patient-Centered Outcomes Research Institute (PCORI),Is it Possible to Collect Patient-Reported Data in Inpatient Rehabilitation Facilities?
169,1,Physiotherapy,5,"""rehabilitation"" +3; classifier title reading agrees +2",NBK601378,2022,AOSIS,Transformation of learning and teaching in rehabilitation sciences: A case study from South Africa
170,1,Physiotherapy,5,"""rehabilitation"" +3; classifier title reading agrees +2",NBK603315,2024,National Institute for Health and Care Research,Establishing a research partnership to investigate functional loss and rehabilitation towards the end of life
171,1,Physiotherapy,5,"""physiotherapy"" +3; classifier title reading agrees +2",NBK603542,2024,National Institute for Health and Care Research,Advice only versus advice and a physiotherapy programme for acute traumatic anterior shoulder dislocation: the ARTISAN RCT
172,1,Physiotherapy,5,"""physical therapy"" +3; ""physical"" (generic) +1; ""exercise"" (generic) +1",NBK606828,2019,Patient-Centered Outcomes Research Institute (PCORI),"Comparing Physical Therapy, Internet-Based Exercise Training, and No Therapy for Knee Osteoarthritis"
173,1,Physiotherapy,5,"""rehabilitation"" +3; classifier title reading agrees +2",NBK607676,2024,National Institute for Health and Care Research,Improving the Effectiveness of Psychological Interventions for Depression and Anxiety in Cardiac Rehabilitation: The PATHWAY Research Programme Including 4 RCTs
174,1,Physiotherapy,5,"""rehabilitation"" +3; classifier title reading agrees +2",NBK611108,2020,Patient-Centered Outcomes Research Institute (PCORI),Creating a Manual to Better Define Rehabilitation Treatments
175,1,Physiotherapy,5,"""rehabilitation"" +3; classifier title reading agrees +2",NBK613141,2025,National Institute for Health and Care Research,Gait Rehabilitation for Early rheumatoid Arthritis Trial (GREAT): lessons learnt from a mixed-methods feasibility study and internal pilot trial
176,1,Physiotherapy,5,"""rehabilitation"" +3; classifier title reading agrees +2",NBK616712,2020,Patient-Centered Outcomes Research Institute (PCORI),Comparing Cardiac Rehabilitation at Home or in a Clinic After Hospitalization
177,1,Physiotherapy,5,"""physiotherapy"" +3; classifier title reading agrees +2",NBK616747,2025,National Institute for Health and Care Research,Outcomes of specialist physiotherapy for functional motor disorder: the Physio4FMD RCT
178,1,Physiotherapy,5,"""rehabilitation"" +3; classifier title reading agrees +2",NBK616938,2020,Patient-Centered Outcomes Research Institute (PCORI),Comparing Programs to Support Stroke Survivors and Their Caregivers during the Transition Home from the Hospital or a Rehabilitation Facility—The MISTT Study
179,1,Physiotherapy,5,"""rehabilitation"" +3; classifier title reading agrees +2",NBK619836,2025,National Institute for Health and Care Research,"A community-based rehabilitation package following hip fracture: FEMuR III a multi-centre RCT, economic and process evaluation"
180,1,Physiotherapy,5,"""rehabilitation"" +3; classifier title reading agrees +2",NBK620396,2026,National Institute for Health and Care Research,Home-based extended rehabilitation for older people with frailty (HERO): a multicentre randomised controlled trial with health economic analysis and process evaluation
181,1,Physiotherapy,5,"""rehabilitation"" +3; classifier title reading agrees +2",NBK621568,2026,National Institute for Health and Care Research,Development and description of Early Stroke Specialist Vocational Rehabilitation delivered in the RETAKE trial
182,1,Physiotherapy,5,"""rehabilitation"" +3; classifier title reading agrees +2",NBK622373,2026,National Institute for Health and Care Research,Early stroke specialist vocational rehabilitation for REturn To work After stroKE: a synopsis from the RETAKE RCT
183,1,Pharmacy,5,"""pharmacokinetics"" +3; classifier title reading agrees +2",NBK556632,2017,National Institute of Child Health and Human Development (US),An Open Label Study to Describe the Pharmacokinetics of Acyclovir in Premature Infants
184,1,Pharmacy,5,"""pharmaceutical"" +3; classifier title reading agrees +2",NBK559751,2000,National Health Policy Forum,Pharmaceutical Marketplace Dynamics
185,1,Pharmacy,5,"""pharmaceutical"" +3; classifier title reading agrees +2",NBK559755,2001,National Health Policy Forum,State-Based Pharmaceutical Assistance Programs: Temporary Fix or Lessons for Medicare?
186,1,Pharmacy,5,"""pharmacy"" +3; classifier title reading agrees +2",NBK559758,2001,National Health Policy Forum,Pharmacy Benefit Managers: A Model for Medicare?
187,1,Pharmacy,5,"""pharmacy"" +3; classifier title reading agrees +2",NBK559765,2002,National Health Policy Forum,Pharmacy Benefits: New Concepts in Plan Design
188,1,Pharmacy,5,"""pharmacokinetics"" +3; classifier title reading agrees +2",NBK567697,2015,National Institute of Child Health and Human Development (US),Safety and Pharmacokinetics of Multiple-Dose Intravenous and Oral Clindamycin in Pediatric Subjects with BMI ≥ 85th Percentile
189,1,Pharmacy,5,"""pharmaceutical"" +3; classifier title reading agrees +2",NBK570135,2020,World Health Organization,WHO guideline on country pharmaceutical pricing policies
190,1,Pharmacy,5,"""pharmacokinetics"" +3; classifier title reading agrees +2",NBK574271,2014,National Institute of Child Health and Human Development (US),Ampicillin Pharmacokinetics and Safety in Infants
191,1,Pharmacy,5,"""farmac"" +3; classifier title reading agrees +2",NBK586726,2022,World Health Organization,Directriz para el tratamiento farmacológico de la hipertensión en adultos
192,1,Pharmacy,5,"""pharmaceutical"" +3; classifier title reading agrees +2",NBK587828,2022,World Health Organization,New Business Models for Pharmaceutical Research and Development as a Global Public Good: Considerations for the WHO European Region
193,1,Pharmacy,5,"""pharmaceutical"" +3; classifier title reading agrees +2",NBK587840,2022,World Health Organization,"Towards a new Vision for Shared Responsibility in Pharmaceutical Pricing, Coverage and Reimbursement: Policy approaches building on principles of solidarity, transparency and sustainability"
194,1,Pharmacy,5,"""farmac"" +3; classifier title reading agrees +2",NBK595840,2012,World Health Organization,Directrices de la OMS sobre el tratamiento farmacológico del dolor persistente en niños con enfermedades médicas
195,1,Pharmacy,5,"""pharmaceutical"" +3; classifier title reading agrees +2",NBK601979,2024,Agency for Healthcare Research and Quality (US),Adverse Events Associated With COVID-19 Pharmaceutical Treatments
196,1,Pharmacy,5,"""pharmaceutical"" +3; classifier title reading agrees +2",NBK611192,2024,Office of the Assistant Secretary for Planning and Evaluation (ASPE),The Potential Role of the Nonprofit Pharmaceutical Industry in Addressing Shortages and Increasing Access to Essential Medicines and Low-Cost Medicines: Report
197,1,Pharmacy,5,"""pharmaceutical"" +3; classifier title reading agrees +2",NBK611836,2024,Office of the Assistant Secretary for Planning and Evaluation (ASPE),An Examination of Pharmaceutical Supply Chain Intermediary Margins in the U.S. Retail Channel: Final Report
198,1,Pharmacy,5,"""pharmacy"" +3; classifier title reading agrees +2",NBK621566,2026,National Institute for Health and Care Research,Lifeguard Pharmacy - A feasibility trial of a novel pharmacy-based intervention for people experiencing domestic abuse and/or suicidal ideation
199,1,Pharmacy,5,"""pharmacy"" +3; classifier title reading agrees +2",NBK622032,2026,National Institute for Health and Care Research,"Responding to people in danger: a community pharmacy response service for domestic abuse and suicidal ideation, a development and feasibility study"
200,1,Pharmacy,5,"""pharmacy"" +3; classifier title reading agrees +2",NBK625100,2024,Agency for Healthcare Research and Quality (US),An Evaluation of the Spread and Scale of PatientToc™ from Primary Care to Community Pharmacy Practice for the Collection of Patient-Reported Outcomes: Final Report
201,1,Dental,5,"""dental"" +3; classifier title reading agrees +2",NBK33702,2002,Agency for Healthcare Research and Quality (US),Management of Dental Patients Who Are HIV-Positive
202,1,Dental,5,"""dental"" +3; classifier title reading agrees +2",NBK33889,2002,Agency for Healthcare Research and Quality (US),Cardiovascular Effects of Epinephrine on Hypertensive Dental Patients
203,1,Dental,5,"""dental"" +3; classifier title reading agrees +2",NBK299443,2015,National Institute for Health and Care Research,Contracting with General Dental Services: a mixed-methods study on factors influencing responses to contracts in English general dental practice
204,1,Dental,5,"""dental"" +3; classifier title reading agrees +2",NBK362876,2016,National Institute for Health and Care Research,The INCENTIVE study: a mixed-methods evaluation of an innovation in commissioning and delivery of primary dental care compared with traditional dental contracting
205,1,Dental,5,"""dental"" +3; classifier title reading agrees +2",NBK378800,2016,National Institute for Health and Care Research,Determining the optimal model for role substitution in NHS dental services in the UK: a mixed-methods study
206,1,Dental,5,"""orthodontic"" +3; classifier title reading agrees +2",NBK448008,2005,Swedish Agency for Health Technology Assessment and Assessment of Social Services (SBU),Malocclusions and Orthodontic Treatment in a Health Perspective: A Systematic Review
207,1,Dental,5,"""dental"" +3; classifier title reading agrees +2",NBK464741,2011,Norwegian Institute for Public Health,Mercury Exposure in Dental Personnel
208,1,Dental,5,"""dental"" +3; classifier title reading agrees +2",NBK553363,2020,National Institute for Health and Care Research,Impact of changing provider remuneration on NHS general dental practitioner services in Northern Ireland: a mixed-methods study
209,1,Dental,5,"""dental"" +3; classifier title reading agrees +2",NBK564221,2020,National Institute for Health and Care Research,"Risk-based, 6-monthly and 24-monthly dental check-ups for adults: the INTERVAL three-arm RCT"
210,1,Dental,5,"""dental"" +3; classifier title reading agrees +2",NBK567661,2021,National Institute for Health and Care Research,Dental therapists compared with general dental practitioners for undertaking check-ups in low-risk patients: pilot RCT with realist evaluation
211,1,Dental,5,"""dental"" +3; classifier title reading agrees +2",NBK571349,2021,Canadian Agency for Drugs and Technologies in Health,Codeine for Acute Dental Pain and Acute Pain Related to Dental Procedures
212,1,Dental,5,"""dental"" +3; classifier title reading agrees +2",NBK580849,2022,National Institute for Health and Care Research,Infective endocarditis following invasive dental procedures: IDEA case-crossover study
213,1,Dental,5,"""dental"" +3; classifier title reading agrees +2",NBK583033,2022,Department of Veterans Affairs (US),Evidence Brief: Impact of Mental Health Conditions on Peri-implantitis and Dental Implant Failure
214,1,Dental,5,"""dental"" +3; classifier title reading agrees +2",NBK593299,2023,Agency for Healthcare Research and Quality (US),Efficacy of Dental Services for Reducing Adverse Events in Those Undergoing Insertion of Implantable Cardiovascular Devices
215,1,Dental,5,"""dental"" +3; classifier title reading agrees +2",NBK609134,2024,National Institute for Health and Care Research,School food policy in secondary schools in England and its impact on adolescents’ diets and dental health: the FUEL multiple-methods study
216,1,Dental,5,"""dental"" +3; classifier title reading agrees +2",NBK620114,2025,Agency for Healthcare Research and Quality (US),Association Between Outcomes and Dental Services in People Receiving Treatment for Human Immunodeficiency Virus: A Rapid Response Review
217,1,Dental,5,"""dental"" +3; classifier title reading agrees +2",NBK620277,2025,Agency for Healthcare Research and Quality (US),Association Between Outcomes and Dental Services in People at Risk of Post-Transplant Complications: A Rapid Response Review
218,1,Dental,5,"""dental"" +3; classifier title reading agrees +2",NBK620310,2025,Agency for Healthcare Research and Quality (US),Association Between Outcomes and Dental Services in People With Substance Use Disorder: A Rapid Response Review
219,1,Dental,5,"""dental"" +3; classifier title reading agrees +2",NBK620629,2024,Agency for Healthcare Research and Quality (US),Dental Care for People With Hemophilia: A Rapid Response Literature Review
220,1,Nursing,5,"""nurse"" +3; classifier title reading agrees +2",NBK241377,2013,Department of Veterans Affairs (US),Effects of Nurse-Managed Protocols in the Outpatient Management of Adults with Chronic Conditions
221,1,Nursing,5,"""nursing"" +3; classifier title reading agrees +2",NBK259376,2013,National Institute for Health and Care Research,Support matters: a mixed methods scoping study on the use of assistant staff in the delivery of community nursing services in England
222,1,Nursing,5,"""nurse"" +3; classifier title reading agrees +2",NBK259443,2013,National Institute for Health and Care Research,Can an epilepsy nurse specialist-led self-management intervention reduce attendance at emergency departments and promote well-being for people with severe epilepsy? A non-randomised trial with a nested qualitative phase
223,1,Nursing,5,"""midwifery"" +3; classifier title reading agrees +2",NBK259636,2014,National Institute for Health and Care Research,An ethnographic organisational study of alongside midwifery units: a follow-on study from the Birthplace in England programme
224,1,Nursing,5,"""nursing"" +3; classifier title reading agrees +2",NBK493835,2018,National Institute for Health and Care Research,Measuring quality in community nursing: a mixed-methods study
225,1,Nursing,5,"""nurse"" +3; classifier title reading agrees +2",NBK508061,2018,National Institute for Health and Care Research,"A pedometer-based walking intervention in 45- to 75-year-olds, with and without practice nurse support: the PACE-UP three-arm cluster RCT"
226,1,Nursing,5,"""nursing"" +3; classifier title reading agrees +2",NBK533067,2018,National Institute for Health and Care Research,NHS managers’ use of nursing workforce planning and deployment technologies: a realist synthesis
227,1,Nursing,5,"""nursing"" +3; classifier title reading agrees +2",NBK539053,2019,National Institute for Health and Care Research,Specialist nursing support for unpaid carers of people with dementia: a mixed-methods feasibility study
228,1,Nursing,5,"""nurses"" +3; classifier title reading agrees +2",NBK543668,2018,Springer,The European Blood and Marrow Transplantation Textbook for Nurses: Under the Auspices of EBMT
229,1,Nursing,5,"""midwifery"" +3; classifier title reading agrees +2",NBK554360,2020,National Institute for Health and Care Research,Factors influencing utilisation of ‘free-standing’ and ‘alongside’ midwifery units for low-risk births in England: a mixed-methods study
230,1,Nursing,5,"""nursing"" +3; classifier title reading agrees +2",NBK559743,1999,National Health Policy Forum,The Nursing Center in Concept and Practice: Delivery and Financing Issues in Serving Vulnerable People
231,1,Nursing,5,"""nurse"" +3; classifier title reading agrees +2",NBK559756,2001,National Health Policy Forum,Nurse Workforce: Condition Critical
232,1,Nursing,5,"""nurse"" +3; classifier title reading agrees +2",NBK567447,2021,National Institute for Health and Care Research,The Family Nurse Partnership to reduce maltreatment and improve child health and development in young children: the BB:2–6 routine data-linkage follow-up to earlier RCT
233,1,Nursing,5,"""nurse"" +3; classifier title reading agrees +2",NBK572864,2021,National Institute for Health and Care Research,Practice nurse-supported weight self-management delivered within the national child immunisation programme for postnatal women: a feasibility cluster RCT
234,1,Nursing,5,"""nurse"" +3; classifier title reading agrees +2",NBK578420,2021,McFarland,The Nurse in Popular Media: Critical Essays
235,1,Nursing,5,"""nursing"" +3; classifier title reading agrees +2",NBK590040,2022,Chippewa Valley Technical College,Nursing: Mental Health and Community Concepts
236,1,Nursing,5,"""nursing"" +3; classifier title reading agrees +2",NBK591823,2021,Chippewa Valley Technical College,Nursing Fundamentals
237,1,Nursing,5,"""nursing"" +3; classifier title reading agrees +2",NBK593210,2021,Chippewa Valley Technical College,Nursing Skills
238,1,Nursing,5,"""nursing"" +3; classifier title reading agrees +2",NBK594492,2023,Chippewa Valley Technical College,Nursing Advanced Skills
239,1,Nursing,5,"""nursing"" +3; classifier title reading agrees +2",NBK596735,2023,Chippewa Valley Technical College,Nursing Skills. 2nd edition
240,1,Nursing,5,"""nursing"" +3; classifier title reading agrees +2",NBK598384,2022,Chippewa Valley Technical College,Nursing Management and Professional Concepts
241,1,Nursing,5,"""nursing"" +3; classifier title reading agrees +2",NBK599384,2022,Chippewa Valley Technical College,Nursing Assistant
242,1,Nursing,5,"""nurse"" +3; classifier title reading agrees +2",NBK603930,2024,National Institute for Health and Care Research,Evaluating the real-world implementation of the Family Nurse Partnership in England: a data linkage study
243,1,Nursing,5,"""midwifery"" +3; classifier title reading agrees +2",NBK609158,2024,National Institute for Health and Care Research,Midwifery-led antenatal pelvic floor muscle exercise intervention to reduce postnatal urinary incontinence: APPEAL research programme including a feasibility and pilot cluster RCT
244,1,Nursing,5,"""nursing"" +3; classifier title reading agrees +2",NBK610445,2024,Chippewa Valley Technical College,Nursing Management and Professional Concepts. 2nd edition
245,1,Nursing,5,"""nursing"" +3; classifier title reading agrees +2",NBK610815,2024,Chippewa Valley Technical College,Nursing Fundamentals. 2nd edition
246,1,Nursing,5,"""nurse"" +3; classifier title reading agrees +2",NBK613772,2025,National Institute for Health and Care Research,"The impact of redeployment during COVID-19 on nurse well-being, performance and retention: a mixed-methods study (REDEPLOY)"
247,1,Nursing,5,"""nursing"" +3; classifier title reading agrees +2",NBK615319,2025,Chippewa Valley Technical College,Nursing Health Promotion
248,1,Nursing,5,"""nurse"" +3; classifier title reading agrees +2",NBK619989,2024,Department of Veterans Affairs (US),Registered Nurse Transition-to-Practice Programs: A Systematic Review
249,1,Nursing,5,"""nurse"" +3; classifier title reading agrees +2",NBK620370,2026,National Institute for Health and Care Research,"Relative and bedside nurse assessment of comfort and communication during propofol, dexmedetomidine, or clonidine-based sedation: pre-planned analysis within the A2B RCT"
250,1,Physiotherapy,4,"""occupational therapy"" +3; ""pain"" (generic) +1",NBK519659,2017,Canadian Agency for Drugs and Technologies in Health,Occupational Therapy for Chronic Pain Management Using the Biopsychosocial Approach: A Review of the Clinical and Cost-Effectiveness and Guidelines
251,1,Physiotherapy,4,"""manual therapy"" +3; ""pain"" (generic) +1",NBK519891,2017,Canadian Agency for Drugs and Technologies in Health,Manual Therapy for Recent-Onset or Persistent Non-Specific Lower Back Pain: A Review of Clinical Effectiveness and Guidelines
252,1,Physiotherapy,4,"""physiotherapy"" +3; ""pain"" (generic) +1",NBK524926,2017,Canadian Agency for Drugs and Technologies in Health,Physiotherapy Interventions for the Management of Neck and/or Back Pain: A Review of Clinical and Cost-Effectiveness
253,1,Physiotherapy,4,"""manual therapy"" +3; ""pain"" (generic) +1",NBK525853,2017,Canadian Agency for Drugs and Technologies in Health,Manual Therapy for Recent – Onset or Persistent Neck Pain: A Review of Clinical Effectiveness and Guidelines
254,1,Physiotherapy,4,"""orthotic"" +3; ""injuries"" (generic) +1",NBK549526,2019,Canadian Agency for Drugs and Technologies in Health,Orthotic Walking Boots for Patients with Fractures or Ligament Injuries: A Review of Clinical Effectiveness and Cost-Effectiveness
255,1,Physiotherapy,4,"""rehabilitation"" +3; ""injury"" (generic) +1",NBK566652,2019,Swedish Agency for Health Technology Assessment and Assessment of Social Services (SBU),"Rehabilitation for adults with traumatic brain injury: A systematic review and assessment of medical, economic, social and ethical aspects"
256,1,Physiotherapy,4,"""exercise therapy"" +3; ""exercise"" (generic) +1",NBK597139,2023,National Institute for Health and Care Research,"Exercise therapy for tendinopathy: a mixed-methods evidence synthesis exploring feasibility, acceptability and effectiveness"
257,1,Physiotherapy,4,"""physical therapy"" +3; ""physical"" (generic) +1",NBK601516,2021,Patient-Centered Outcomes Research Institute (PCORI),Comparing Two Physical Therapy Schedules for Children with Cerebral Palsy—The ACHIEVE Study
258,1,Physiotherapy,4,"""physiotherapy"" +3; ""musculoskeletal"" (generic) +1",NBK610531,2024,National Institute for Health and Care Research,"Clinical and cost-effectiveness of first contact physiotherapy for musculoskeletal disorders in primary care: the FRONTIER, mixed method realist evaluation"
259,1,Pharmacy,4,"""drug therapy"" +3; ""drug"" (generic) +1",NBK43126,2007,Agency for Healthcare Research and Quality (US),Comparative Effectiveness of Drug Therapy for Rheumatoid Arthritis and Psoriatic Arthritis in Adults
260,1,Pharmacy,4,"""drug therapy"" +3; ""drug"" (generic) +1",NBK95257,2012,Agency for Healthcare Research and Quality (US),Drug Therapy for Psoriatic Arthritis in Adults: Update of a 2007 Report
261,1,Pharmacy,4,"""drug therapy"" +3; ""drug"" (generic) +1",NBK97388,2012,Agency for Healthcare Research and Quality (US),Drug Therapy for Rheumatoid Arthritis in Adults: An Update
262,1,Pharmacy,4,"""drug therapy"" +3; ""drug"" (generic) +1",NBK310305,2015,National Institute for Health and Care Research,"Use of drug therapy in the management of symptomatic ureteric stones in hospitalised adults: a multicentre, placebo-controlled, randomised controlled trial and cost-effectiveness analysis of a calcium channel blocker (nifedipine) and an alpha-blocker (tamsulosin) (the SUSPEND trial)"
263,1,Pharmacy,4,"""drug therapy"" +3; ""drug"" (generic) +1",NBK524950,2018,Agency for Healthcare Research and Quality (US),Drug Therapy for Early Rheumatoid Arthritis: A Systematic Review Update
264,1,Pharmacy,4,"""drug therapy"" +3; ""drug"" (generic) +1",NBK542729,2019,Agency for Healthcare Research and Quality (US),Long-Term Drug Therapy and Drug Holidays for Osteoporosis Fracture Prevention: A Systematic Review
265,1,Pharmacy,4,"""pharmacist"" +3; ""medication"" (generic) +1",NBK549542,2019,Canadian Agency for Drugs and Technologies in Health,Pharmacist-Led Medication Reviews: A Review of Clinical Utility and Cost-Effectiveness
266,1,Pharmacy,4,"""pharmacosmos"" +3; ""pharmacoeconomic"" (generic) +1",NBK564173,2020,Canadian Agency for Drugs and Technologies in Health,Pharmacoeconomic Review Report: Iron Isomaltoside 1000 (Monoferric) (Pharmacosmos A/S): Indication: For the treatment of iron deficiency anemia in adult patients who have intolerance or unresponsiveness to oral iron therapy
267,1,Pharmacy,4,"""pharmacosmos"" +3; ""drug"" (generic) +1",NBK564262,2020,Canadian Agency for Drugs and Technologies in Health,CADTH Canadian Drug Expert Committee Recommendation: Iron Isomaltoside 1000 (Monoferric — Pharmacosmos A/S): Indication: For the treatment of iron deficiency anemia in adult patients who have intolerance or unresponsiveness to oral iron therapy. The diagnosis must be based on laboratory tests
268,1,Pharmacy,4,"""pharmacogenomic"" +3; ""medication"" (generic) +1",NBK565414,2020,Canadian Agency for Drugs and Technologies in Health,Pharmacogenomic Testing for Medication Selection: A Rapid Qualitative Review
269,1,Pharmacy,4,"""drug discovery"" +3; ""drug"" (generic) +1",NBK566125,2020,Exon Publications,Alzheimer’s Disease: Drug Discovery
270,1,Pharmacy,4,"""pharmaceuticals"" +3; ""pharmacoeconomic"" (generic) +1",NBK583801,2021,Canadian Agency for Drugs and Technologies in Health,"Pharmacoeconomic Report: Ranolazine (Corzyna) (KYE Pharmaceuticals): Indication: Stable angina pectoris, adults"
271,1,Pharmacy,4,"""drug development"" +3; ""drug"" (generic) +1",NBK602559,2022,Office of the Assistant Secretary for Planning and Evaluation (ASPE),Analysis of Market Challenges for Antimicrobial Drug Development in the United States: Final Report
272,1,Pharmacy,4,"""drug development"" +3; ""drug"" (generic) +1",NBK611093,2024,Office of the Assistant Secretary for Planning and Evaluation (ASPE),Novel Antimicrobial Drug Development and Access: U.S. Government Support and Opportunities: Issue Brief
273,1,Pharmacy,4,"""drug development"" +3; ""drug"" (generic) +1",NBK611888,2024,Office of the Assistant Secretary for Planning and Evaluation (ASPE),Drug Development
274,1,Pharmacy,4,"""pharmacists"" +3; ""medication"" (generic) +1",NBK619476,2025,National Institute for Health and Care Research,Highlighting alcohol use in medication appointments with clinical pharmacists: the CHAMP-1 mixed methods research programme
275,1,Pharmacy,4,"""drug interaction"" +3; ""drug"" (generic) +1",NBK625088,2023,Agency for Healthcare Research and Quality (US),Meaningful Drug Interaction Alerts
276,1,Dental,4,"""oral cancer"" +3; ""oral"" (generic) +1",NBK132472,2013,Agency for Healthcare Research and Quality (US),Screening for Oral Cancer: A Targeted Evidence Update for the U.S. Preventive Services Task Force
277,1,Dental,4,"""dental"" +3; ""fluoride"" (generic) +1",NBK401511,2016,Canadian Agency for Drugs and Technologies in Health,"Fluoride Varnishes for Dental Health: A Review of the Clinical Effectiveness, Cost-effectiveness and Guidelines"
278,1,Dental,4,"""oral care"" +3; ""oral"" (generic) +1",NBK507042,2017,Canadian Agency for Drugs and Technologies in Health,"Soft Toothbrushes versus Foam Swabs for Oral Care: A Review of the Comparative Clinical Effectiveness, Cost- Effectiveness, and Guidelines"
279,1,Dental,4,"""oral care"" +3; ""oral"" (generic) +1",NBK541430,2019,Canadian Agency for Drugs and Technologies in Health,Chlorhexidine for Oral Care: A Review of Clinical Effectiveness and Guidelines
280,1,Dental,4,"""temporomandibular"" +3; ""oral"" (generic) +1",NBK553659,2020,National Institute for Health and Care Research,Oral splints for patients with temporomandibular disorders or bruxism: a systematic review and economic evaluation
281,1,Nursing,4,"""nurse"" +3; ""care"" (generic) +1",NBK274283,2015,National Institute for Health and Care Research,The clinical effectiveness and cost-effectiveness of telephone triage for managing same-day consultation requests in general practice: a cluster randomised controlled trial comparing general practitioner-led and nurse-led management systems with usual care (the ESTEEM trial)
282,1,Nursing,4,"""nurses"" +3; ""care"" (generic) +1",NBK549252,2019,National Institute for Health and Care Research,A behaviour change package to prevent hand dermatitis in nurses working in health care: the SCIN cluster RCT
283,1,Nursing,4,"""nurse"" +3; ""care"" (generic) +1",NBK606284,2024,National Institute for Health and Care Research,Nurse-delivered sleep restriction therapy to improve insomnia disorder in primary care: the HABIT RCT
284,1,Nursing,4,"""nurse"" +3; ""patients"" (generic) +1",NBK621336,2020,Patient-Centered Outcomes Research Institute (PCORI),Testing a Program with Nurse Coaching and Fitness-Tracking Devices to Help Patients Increase Confidence in Managing Diabetes
285,1,Physiotherapy,3,"""rehabilitation"" +3",NBK344359,2016,National Institute for Health and Care Research,Comparing the cost-effectiveness and clinical effectiveness of a new community in-reach rehabilitation service with the cost-effectiveness and clinical effectiveness of an established hospital-based rehabilitation service for older people: a pragmatic randomised controlled trial with microcost and qualitative analysis – the Community In-reach Rehabilitation And Care Transition (CIRACT) study
286,1,Physiotherapy,3,"""orthotic"" +3",NBK378878,2016,National Institute for Health and Care Research,"Orthotic management of instability of the knee related to neuromuscular and central nervous system disorders: systematic review, qualitative study, survey and costing analysis"
287,1,Physiotherapy,3,"""prosthetic"" +3",NBK447592,2017,Canadian Agency for Drugs and Technologies in Health,"Osseointegrated Prosthetic Implants for Lower Limb Amputation: A Review of Clinical Effectiveness, Cost-Effectiveness and Guidelines"
288,1,Physiotherapy,3,"""physiotherapist"" +3",NBK453458,2017,National Institute for Health and Care Research,A randomised controlled study of the effectiveness of breathing retraining exercises taught by a physiotherapist either by instructional DVD or in face-to-face sessions in the management of asthma in adults
289,1,Physiotherapy,3,"""rehabilitation"" +3",NBK482061,2016,Norwegian Institute for Public Health,The Effect of Different Ways of Organising Municipal Rehabilitation Services with Respect to Persons with Neurological Conditions
290,1,Physiotherapy,3,"""rehabilitation"" +3",NBK526297,2017,Canadian Agency for Drugs and Technologies in Health,Phosphodiesterase Type 5 Inhibitors for Penile Rehabilitation Post Radical Prostatectomy: A Review of Clinical Effectiveness and Guidelines
291,1,Physiotherapy,3,"""rehabilitative"" +3",NBK538918,2018,Canadian Agency for Drugs and Technologies in Health,Systematic Approaches to Rehabilitative Medical Treatment of Patients: A Review of Clinical Effectiveness and Guidelines
292,1,Physiotherapy,3,"""occupational therapy"" +3",NBK593159,2023,National Institute for Health and Care Research,Community Occupational Therapy in Dementia intervention for people with mild to moderate dementia and their family carers in the UK: the VALID research programme including RCT
293,1,Physiotherapy,3,"""orthotics"" +3",NBK595390,2022,Canadian Agency for Drugs and Technologies in Health,Custom-Made Foot Orthotics for People With Lower Limb Conditions: CADTH Health Technology Review
294,1,Physiotherapy,3,"""occupational therapy"" +3",NBK596641,2023,Canadian Agency for Drugs and Technologies in Health,Occupational Therapy for Mental Health Conditions and Substance Use Disorders: CADTH Health Technology Review
295,1,Physiotherapy,3,"""prosthetic"" +3",NBK603606,2022,Canadian Agency for Drugs and Technologies in Health,Multiple Prosthetic Sockets for Lower Limb Amputations: Rapid Review
296,1,Physiotherapy,3,"""orthotics"" +3",NBK617014,2025,National Institute for Health and Care Research,OrthoticS for TReatment of symptomatic flat feet In CHildren (OSTRICH): a randomised controlled trial
297,1,Physiotherapy,3,"""rehabilitative"" +3",NBK625087,2023,Agency for Healthcare Research and Quality (US),School-Based Tele-Physiatry Assistance for Rehabilitative and Therapeutic Services (STARS) for Children with Special Health Care Needs Living in Rural and Underserved Communities: AHRQ FINAL PROGRESS REPORT
298,1,Pharmacy,3,"""pharmacotherapy"" +3",NBK32930,1999,Agency for Healthcare Research and Quality (US),Pharmacotherapy for Alcohol Dependence
299,1,Pharmacy,3,"""pharmacotherapies"" +3",NBK32991,1999,Agency for Healthcare Research and Quality (US),Treatment of Depression: Newer Pharmacotherapies
300,1,Pharmacy,3,"""pharmacotherapies"" +3",NBK64041,2009,Substance Abuse and Mental Health Services Administration (US),Incorporating Alcohol Pharmacotherapies Into Medical Practice
301,1,Pharmacy,3,"""pharmacotherapies"" +3",NBK65180,2009,Substance Abuse and Mental Health Services Administration (US),Incorporating Alcohol Pharmacotherapies Into Medical Practice: A Review of the Literature
302,1,Pharmacy,3,"""pharmacotherapy"" +3",NBK169628,2013,Canadian Agency for Drugs and Technologies in Health,Second-Line Pharmacotherapy for Type 2 Diabetes — Update
303,1,Pharmacy,3,"""pharmacotherapy"" +3",NBK208590,2014,Agency for Healthcare Research and Quality (US),Pharmacotherapy for Adults With Alcohol-Use Disorders in Outpatient Settings
304,1,Pharmacy,3,"""pharmacotherapy"" +3",NBK261983,2014,National Institute for Health and Care Research,Clinical effectiveness and cost-effectiveness of cognitive behavioural therapy as an adjunct to pharmacotherapy for treatment-resistant depression in primary care: the CoBalT randomised controlled trial
305,1,Pharmacy,3,"""pharmacogenetic"" +3",NBK284820,2008,Agency for Healthcare Research and Quality (US),Reviews of Selected Pharmacogenetic Tests for Non-Cancer and Cancer Conditions
306,1,Pharmacy,3,"""pharmacotherapy"" +3",NBK321744,2015,Agency for Healthcare Research and Quality (US),"Behavioral Counseling and Pharmacotherapy Interventions for Tobacco Cessation in Adults, Including Pregnant Women: A Review of Reviews for the U.S. Preventive Services Task Force"
307,1,Pharmacy,3,"""pharmacy"" +3",NBK349092,2016,National Institute for Health and Care Research,"Community pharmacy interventions for public health priorities: a systematic review of community pharmacy-delivered smoking, alcohol and weight management interventions"
308,1,Pharmacy,3,"""pharmacotherapy"" +3",NBK361814,2012,Canadian Agency for Drugs and Technologies in Health,Second- and Third-Line Pharmacotherapy for Type 2 Diabetes — Update of CADTH 2010 Reviews — Project Protocol
309,1,Pharmacy,3,"""pharmacotherapy"" +3",NBK361972,2013,Canadian Agency for Drugs and Technologies in Health,Third-Line Pharmacotherapy for Type 2 Diabetes — Update
310,1,Pharmacy,3,"""pharmacist"" +3",NBK362938,2015,Department of Veterans Affairs (US),Pharmacist-Led Chronic Disease Management: A Systematic Review of Effectiveness and Harms Compared to Usual Care
311,1,Pharmacy,3,"""pharmacogenomics"" +3",NBK384610,2016,Department of Veterans Affairs (US),"Evidence Brief: The Comparative Effectiveness, Harms, and Cost-effectiveness of Pharmacogenomics-guided Antidepressant Treatment versus Usual Care for Major Depressive Disorder"
312,1,Pharmacy,3,"""pharmacies"" +3",NBK458849,2017,National Institute for Health and Care Research,Investigating the organisational factors associated with variation in clinical productivity in community pharmacies: a mixed-methods study
313,1,Pharmacy,3,"""pharmacotherapy"" +3",NBK532379,2018,Agency for Healthcare Research and Quality (US),Behavioral and Pharmacotherapy Weight Loss Interventions to Prevent Obesity-Related Morbidity and Mortality in Adults: An Updated Systematic Review for the U.S. Preventive Services Task Force
314,1,Pharmacy,3,"""pharmacotherapy"" +3",NBK536789,2018,Department of Veterans Affairs (US),Pharmacotherapy for Stimulant Use Disorders: A Systematic Review
315,1,Pharmacy,3,"""pharmacist"" +3",NBK549529,2019,Canadian Agency for Drugs and Technologies in Health,Pharmacist-Led Interventions for Tobacco Smoking Cessation: A Review of Clinical Effectiveness and Cost-Effectiveness
316,1,Pharmacy,3,"""pharmacotherapy"" +3",NBK555373,2019,Department of Veterans Affairs (US),Pharmacotherapy for the Treatment of Cannabis Use Disorder: A Systematic Review
317,1,Pharmacy,3,"""pharmaceuticals"" +3",NBK556644,2002,National Institute of Child Health and Human Development (US),Best Pharmaceuticals for Children Act (BPCA) Clinical Reports
318,1,Pharmacy,3,"""pharmacogenomic"" +3",NBK562923,2020,Canadian Agency for Drugs and Technologies in Health,"Pharmacogenomic Testing in Depression: A Review of Clinical Effectiveness, Cost-Effectiveness, and Guidelines"
319,1,Pharmacy,3,"""pharmacotherapy"" +3",NBK562927,2019,Canadian Agency for Drugs and Technologies in Health,Psychotherapy and Pharmacotherapy for Major Depressive Disorder and Generalized Anxiety Disorder: A Rapid Qualitative Review
320,1,Pharmacy,3,"""pharmacosmos"" +3",NBK564268,2020,Canadian Agency for Drugs and Technologies in Health,Clinical Review Report: Iron Isomaltoside 1000 (Monoferric) (Pharmacosmos A/S): Indication: For the treatment of iron deficiency anemia in adult patients who have intolerance or unresponsiveness to oral iron therapy
321,1,Pharmacy,3,"""pharmacoprophylaxis"" +3",NBK565084,2020,National Institute for Health and Care Research,Compression stockings in addition to low-molecular-weight heparin to prevent venous thromboembolism in surgical inpatients requiring pharmacoprophylaxis: the GAPS non-inferiority RCT
322,1,Pharmacy,3,"""pharmacies"" +3",NBK570174,2021,National Institute for Health and Care Research,Provision of the progestogen-only pill by community pharmacies as bridging contraception for women receiving emergency contraception: the Bridge-it RCT
323,1,Pharmacy,3,"""pharmacies"" +3",NBK579121,2022,National Institute for Health and Care Research,A psychological intervention by community pharmacies to prevent depression in adults with subthreshold depression and long-term conditions: the CHEMIST pilot RCT
324,1,Pharmacy,3,"""pharmacotherapy"" +3",NBK585245,2022,National Institute for Health and Care Research,Optimal pharmacotherapy pathway in adults with diabetic peripheral neuropathic pain: the OPTION-DM RCT
325,1,Pharmacy,3,"""pharmacodynamics"" +3",NBK587541,2012,National Institute of Child Health and Human Development (US),"A Phase II, Multicenter, Randomized, Double-Blind, Placebo-Controlled, Parallel Group Study to Determine the Pharmacodynamics of Sodium Nitroprusside During Prolonged Infusion in Pediatric Subjects"
326,1,Pharmacy,3,"""pharmacokinetic"" +3",NBK588444,2011,National Institute of Child Health and Human Development (US),Multiple Dose Pharmacokinetic Study of Meropenem in Young Infants (<91 days) with Suspected or Complicated Intra-abdominal Infections
327,1,Pharmacy,3,"""pharmacogenomic"" +3",NBK595363,2022,Canadian Agency for Drugs and Technologies in Health,Pharmacogenomic Testing in Depression: A 2021 Update: CADTH Health Technology Review
328,1,Pharmacy,3,"""formulary"" +3",NBK596301,2023,Canadian Agency for Drugs and Technologies in Health,Formulary Management of Targeted Immune Modulators in Ulcerative Colitis: CADTH Health Technology Review
329,1,Pharmacy,3,"""formulary"" +3",NBK596302,2023,Canadian Agency for Drugs and Technologies in Health,Formulary Management of Biologics in Plaque Psoriasis: CADTH Health Technology Review
330,1,Pharmacy,3,"""pharmacotherapy"" +3",NBK597431,2023,Agency for Healthcare Research and Quality (US),Pharmacotherapy for Adults With Alcohol Use Disorder in Outpatient Settings: Systematic Review
331,1,Pharmacy,3,"""pharmacist"" +3",NBK598831,2023,National Institute for Health and Care Research,"The Care Home Independent Pharmacist Prescriber Study (CHIPPS): development and implementation of an RCT to estimate safety, effectiveness and cost-effectiveness"
332,1,Pharmacy,3,"""formulary"" +3",NBK602920,2024,Canadian Agency for Drugs and Technologies in Health,Formulary Management of Sodium-Glucose Cotransporter-2 Inhibitors and Glucagon-Like Peptide-1 Receptor Agonists: Environmental Scan
333,1,Dental,3,"""periodontitis"" +3",NBK37160,2004,Agency for Healthcare Research and Quality (US),Effectiveness of Antimicrobial Adjuncts to Scaling and Root Planing Therapy for Periodontitis
334,1,Dental,3,"""prosthodontics"" +3",NBK304781,2015,Canadian Agency for Drugs and Technologies in Health,Longevity of Removable Prosthodontics: A Review of the Clinical Evidence
335,1,Dental,3,"""periodontal"" +3",NBK304792,2015,Canadian Agency for Drugs and Technologies in Health,Metal versus Plastic Partial Dentures for Patients with Periodontal Disease: A Review of the Clinical Effectiveness and Safety
336,1,Dental,3,"""caries"" +3",NBK316449,2015,Swedish Agency for Health Technology Assessment and Assessment of Social Services (SBU),Arginine and Caries Prevention
337,1,Dental,3,"""periodontal"" +3",NBK350067,2016,Canadian Agency for Drugs and Technologies in Health,Metal versus Acrylic Partial Removable Dentures for Patients with Periodontal Disease: A Review of the Clinical Effectiveness and Guidelines
338,1,Dental,3,"""dental"" +3",NBK350596,2016,Canadian Agency for Drugs and Technologies in Health,"Antibiotic Prophylaxis in Patients with Orthopedic Implants Undergoing Dental Procedures: A Review of Clinical Effectiveness, Safety, and Guidelines"
339,1,Dental,3,"""dental"" +3",NBK401552,2016,Canadian Agency for Drugs and Technologies in Health,"Dental Space Maintainers for the Management of Premature Loss of Deciduous Molars: A Review of the Clinical Effectiveness, Cost-effectiveness and Guidelines"
340,1,Dental,3,"""periodontitis"" +3",NBK447960,2004,Swedish Agency for Health Technology Assessment and Assessment of Social Services (SBU),"Chronic Periodontitis -- Prevention, Diagnosis and Treatment: A Systematic Review"
341,1,Dental,3,"""caries"" +3",NBK447984,2008,Swedish Agency for Health Technology Assessment and Assessment of Social Services (SBU),"Caries ? Diagnosis, Risk Assessment and Non-Invasive Treatment: A Systematic Review"
342,1,Dental,3,"""endodontics"" +3",NBK448020,2010,Swedish Agency for Health Technology Assessment and Assessment of Social Services (SBU),Methods of Diagnosis and Treatment in Endodontics: A Systematic Review
343,1,Dental,3,"""caries"" +3",NBK448030,2009,Swedish Agency for Health Technology Assessment and Assessment of Social Services (SBU),Laser Technology for Removal of Caries
344,1,Dental,3,"""temporomandibular"" +3",NBK464809,2013,Norwegian Institute for Public Health,Diagnostics of Temporomandibular Disorders
345,1,Dental,3,"""periodontal"" +3",NBK464913,2008,Norwegian Institute for Public Health,Patient Smoking Status and its Impact on Periodontal Treatment Efficacy
346,1,Dental,3,"""teeth"" +3",NBK482082,2017,Norwegian Institute for Public Health,Demirjian's Development Stages on Wisdom Teeth for Estimation of Chronological Age: A Systematic Review
347,1,Dental,3,"""dental"" +3",NBK525800,2017,Canadian Agency for Drugs and Technologies in Health,Composite Resin versus Amalgam for Dental Restorations: A Health Technology Assessment — Project Protocol
348,1,Dental,3,"""dental"" +3",NBK531946,2018,Canadian Agency for Drugs and Technologies in Health,Composite Resin Versus Amalgam for Dental Restorations: A Health Technology Assessment
349,1,Dental,3,"""temporomandibular"" +3",NBK544538,2018,Canadian Agency for Drugs and Technologies in Health,Interventions for Temporomandibular Joint Disorder: An Overview of Systematic Reviews
350,1,Dental,3,"""temporomandibular"" +3",NBK546787,2019,Canadian Agency for Drugs and Technologies in Health,"Intra-Articular Hyaluronic Acid for Viscosupplementation in Osteoarthritis of the Hand, Shoulder, and Temporomandibular Joint: A Review of Clinical Effectiveness and Safety"
351,1,Dental,3,"""caries"" +3",NBK552362,2020,National Institute for Health and Care Research,Best-practice prevention alone or with conventional or biological caries management for 3- to 7-year-olds: the FiCTION three-arm RCT
352,1,Dental,3,"""periodontal"" +3",NBK558499,2026,Johns Hopkins University,Management of Periodontal Disease
353,1,Dental,3,"""temporomandibular"" +3",NBK562946,2020,Canadian Agency for Drugs and Technologies in Health,"Botulinum Toxin for Temporomandibular Disorders: A Review of Clinical Effectiveness, Cost-Effectiveness, and Guidelines"
354,1,Dental,3,"""dental"" +3",NBK569277,2021,Department of Veterans Affairs (US),Evidence Brief: Detection and Treatment of Dental Problems on Chronic Disease Outcomes
355,1,Dental,3,"""dental"" +3",NBK570659,2018,Swedish Agency for Health Technology Assessment and Assessment of Social Services (SBU),"Organisational models for securing access to health and dental care services for children in out-of-home care: A systematic review and assessment of medical, economic, social and ethical aspects"
356,1,Dental,3,"""dental"" +3",NBK593148,2023,Agency for Healthcare Research and Quality (US),Efficacy of Dental Services for Reducing Adverse Events in Those Receiving Chemotherapy for Cancer
357,1,Dental,3,"""dental"" +3",NBK613783,2024,Agency for Healthcare Research and Quality (US),Linking Dental Services to Treatment Outcomes for Chronic Kidney Disease: A Rapid Response Review
358,1,Dental,3,"""dental"" +3",NBK614151,2024,Agency for Healthcare Research and Quality (US),The Association Between Outcomes and Dental Services in Persons With Autoimmune Disease Treated With Biologics and Other Immunosuppressants: A Rapid Response Review
359,1,Dental,3,"""dental"" +3",NBK620561,2024,Agency for Healthcare Research and Quality (US),Dental Care for People With Sickle Cell Disease: A Rapid Response Literature Review
360,1,Nursing,3,"""nurse"" +3",NBK98581,2012,National Institute for Health and Care Research,"The Clinical Effectiveness and Cost-Effectiveness of Home-Based, Nurse-Led Health Promotion for Older People: A Systematic Review"
361,1,Nursing,3,"""midwifery"" +3",NBK355690,2016,Canadian Agency for Drugs and Technologies in Health,Midwifery Services for Socially Disadvantaged Populations: Review of Clinical Effectiveness and Guidelines
362,2,Medical Sciences,11,"""cancers"" +3; ""gastroenterological"" +3; ""oncological"" +3; ""diagnosis"" (generic) +1; ""disease"" (generic) +1",NBK268809,2014,Canadian Agency for Drugs and Technologies in Health,"Endoscopic Ultrasound for the Diagnosis of Disease and Staging of Cancers in Adult Patients with Gastroenterological or Oncological Disease: A Review of the Clinical Effectiveness, Cost-effectiveness and Safety"
363,2,Medical Sciences,11,"""leukemia"" +3; ""lymphoma"" +3; ""pediatric"" +3; ""treatment"" (generic) +1; ""patients"" (generic) +1",NBK594378,2023,Canadian Agency for Drugs and Technologies in Health,Crisantaspase Recombinant (Rylaze): CADTH Reimbursement Recommendation: Indication: As a component of a multi-agent chemotherapeutic regimen for the treatment of acute lymphoblastic leukemia and lymphoblastic lymphoma in adult and pediatric patients 1 year or older who have developed hypersensitivity to E. coli-derived asparaginase
364,2,Medical Sciences,11,"""tumour"" +3; ""cancer"" +3; ""tumours"" +3; ""therapy"" (generic) +1; ""patients"" (generic) +1",NBK595375,2022,Canadian Agency for Drugs and Technologies in Health,Osimertinib (Tagrisso): CADTH Reimbursement Recommendation: Indication: As adjuvant therapy after tumour resection in patients with stage IB-IIIA non-small cell lung cancer (NSCLC) whose tumours have epidermal growth factor receptor (EGFR) exon 19 deletions or exon 21 (L858R) substitution mutations
365,2,Medical Sciences,11,"""carcinoma"" +3; ""tumours"" +3; ""surgery"" +3; ""treatment"" (generic) +1; ""patients"" (generic) +1",NBK599772,2023,Canadian Agency for Drugs and Technologies in Health,"Belzutifan (Welireg): CADTH Reimbursement Recommendation: Indication: For the treatment of adult patients with von Hippel-Lindau disease who require therapy for associated nonmetastatic renal cell carcinoma, central nervous system hemangioblastomas, or nonmetastatic pancreatic neuroendocrine tumours, not requiring immediate surgery"
366,2,Medical Sciences,11,"""cancer"" +3; ""tumours"" +3; ""tumour"" +3; ""treatment"" (generic) +1; ""patients"" (generic) +1",NBK603318,2022,Canadian Agency for Drugs and Technologies in Health,Atezolizumab (Tecentriq): CADTH Reimbursement Recommendation: Indication: As monotherapy for adjuvant treatment following resection and platinum-based chemotherapy for patients with non–small cell lung cancer whose tumours have programmed death-ligand 1 expression on 50% or more of tumour cells
367,2,Medical Sciences,11,"""cancer"" +3; ""tumour"" +3; ""surgical"" +3; ""treatment"" (generic) +1; ""patients"" (generic) +1",NBK603624,2022,Canadian Agency for Drugs and Technologies in Health,"Cemiplimab (Libtayo): CADTH Reimbursement Recommendation: Indication: First-line treatment of adult patients with non–small cell lung cancer (NSCLC) expressing PD-L1 (Tumour Proportion Score [TPS] ≥ 50%), as determined by a validated test, with no EGFR, ALK, or ROS1 aberrations, who have locally advanced NSCLC who are not candidates for surgical resection or definitive chemoradiation, or metastatic NSCLC"
368,2,Medical Sciences,11,"""cancer"" +3; ""tumors"" +3; ""lymphoma"" +3; ""surgical"" +3; ""treatment"" (generic) +1; ""patients"" (generic) +1",NBK604820,2024,Canadian Agency for Drugs and Technologies in Health,"Cemiplimab (Libtayo): CADTH Reimbursement Recommendation: Indication: Cemiplimab in combination with platinum-based chemotherapy for the first-line treatment of adult patients with non-small cell lung cancer (NSCLC) whose tumors have no epidermal growth factor receptor (EGFR), anaplastic lymphoma kinase (ALK) or c‐ROS oncogene 1 (ROS1) aberrations and is locally advanced where patients are not candidates for surgical resection or definitive chemoradiation, or metastatic NSCLC"
369,2,Medical Sciences,11,"""cancer"" +3; ""lymphoma"" +3; ""tumour"" +3; ""treatment"" (generic) +1; ""patients"" (generic) +1",NBK616624,2025,Canadian Agency for Drugs and Technologies in Health,Durvalumab (Imfinzi) and Tremelimumab (Imjudo): Indication: In combination with platinum-based chemotherapy for the first-line treatment of adult patients with metastatic non–small cell lung cancer (NSCLC) with no sensitizing epidermal growth factor receptor (EGFR) mutations or anaplastic lymphoma kinase (ALK) genomic tumour aberrations: Reimbursement Recommendation
370,2,Medical Sciences,11,"""hiv"" +3; ""diabetes"" +3; ""hypertension"" +3; ""health"" (generic) +1; ""therapy"" (generic) +1",NBK618491,2025,World Health Organization,"WHO guideline on HIV service delivery: updated guidance on the integration of diabetes, hypertension and mental health services, and interventions to support adherence to antiretroviral therapy"
371,2,Medical Sciences,10,"""obstetric"" +3; ""neonatal"" +3; ""surgery"" +3; ""clinical"" (generic) +1",NBK253798,2014,Canadian Agency for Drugs and Technologies in Health,"Obstetric, Neonatal, and Child Outcomes for Women with Previous Bariatric Surgery: A Review of the Clinical Evidence"
372,2,Medical Sciences,10,"""neonatal"" +3; ""paediatric"" +3; ""intensive care"" +3; ""care"" (generic) +1",NBK262187,2014,National Institute for Health and Care Research,"Death, bereavement and randomised controlled trials (BRACELET): a methodological study of policy and practice in neonatal and paediatric intensive care trials"
373,2,Medical Sciences,10,"""surgery"" +3; ""cancer"" +3; ""lymphoma"" +3; ""treatment"" (generic) +1",NBK623685,2026,Canadian Agency for Drugs and Technologies in Health,"Durvalumab (Imfinzi): Indication: Durvalumab in combination with platinum-containing chemotherapy as neoadjuvant treatment, followed by durvalumab as monotherapy after surgery, is indicated for the treatment of resectable stage II, IIIA, or IIIB (T3-4 N2) non–small cell lung cancer (NSCLC) and no known epidermal growth factor receptor (EGFR) mutations or anaplastic lymphoma kinase (ALK) rearrangements: Reimbursement Recommendation"
374,2,Medical Sciences,10,"""hypertension"" +3; ""diabetes"" +3; ""cardiovascular"" +3; ""disease"" (generic) +1",NBK624899,2026,Canadian Agency for Drugs and Technologies in Health,"Tirzepatide (Zepbound): Indication: For once-weekly administration for chronic weight management, including weight loss and weight maintenance, as an adjunct to a reduced-calorie diet and increased physical activity, in adults with an initial body mass index of: 30 kg/m2 or greater (obesity), or 27 kg/m2 to less than 30 kg/m2 (overweight) in the presence of at least one weight-related comorbid condition (e.g., hypertension, dyslipidemia, prediabetes, type 2 diabetes mellitus, obstructive sleep apnea, or cardiovascular disease): Reimbursement Recommendation"
375,2,Medical Sciences,9,"""cardiac"" +3; ""surgical"" +3; ""surgery"" +3",NBK154632,2011,The Society of Thoracic Surgeons of Thailand,First National Adult Cardiac Surgical Database Report: Demonstrating “Practice of Adult Cardiac Surgery in Thailand: Measuring Performance and Outcome”
376,2,Medical Sciences,9,"""cardiac"" +3; ""surgical"" +3; ""surgery"" +3",NBK220448,2014,The Society of Thoracic Surgeons of Thailand,First National Congenital Cardiac Surgical Database Report: Demonstrating “Practice of Congenital Cardiac Surgery in Thailand: Analysis of Performance and Outcome”
377,2,Medical Sciences,9,"""paediatric"" +3; ""cardiac"" +3; ""surgery"" +3",NBK259324,2013,National Institute for Health and Care Research,A mortality risk model to adjust for case mix in UK paediatric cardiac surgery
378,2,Medical Sciences,9,"""anaesthetic"" +3; ""obstetric"" +3; ""surgical"" +3",NBK304640,2015,Canadian Agency for Drugs and Technologies in Health,Anaesthetic Agents in Pregnant Women Undergoing Non-Obstetric Surgical or Endoscopic Procedures: A Review of the Safety and Guidelines
379,2,Medical Sciences,9,"""surgery"" +3; ""paediatric"" +3; ""cardiac"" +3",NBK442314,2017,National Institute for Health and Care Research,Improving risk adjustment in the PRAiS (Partial Risk Adjustment in Surgery) model for mortality after paediatric cardiac surgery and improving public understanding of its use in monitoring outcomes
380,2,Medical Sciences,9,"""paediatric"" +3; ""cardiac"" +3; ""surgery"" +3",NBK559562,2020,National Institute for Health and Care Research,Early morbidities following paediatric cardiac surgery: a mixed-methods study
381,2,Medical Sciences,9,"""tuberculosis"" +3; ""hiv"" +3; ""hepatitis"" +3",NBK578425,2021,World Health Organization,"What is the evidence on existing national policies and guidelines for delivering effective tuberculosis, HIV and viral hepatitis services for refugees and migrants among Member States of the WHO European Region?"
382,2,Medical Sciences,9,"""cardiac"" +3; ""surgery"" +3; ""diabetes"" +3",NBK617166,2025,National Institute for Health and Care Research,Optimising cardiac surgery outcomes in people with diabetes: the OCTOPuS pilot feasibility study
383,2,Bio Technology,8,"""synthetic biology"" +3; ""biotechnology"" +3; classifier title reading agrees +2",NBK584256,2021,Springer,Emerging Threats of Synthetic Biology and Biotechnology: Addressing Security and Resilience Issues
384,2,Bio Technology,8,"""crispr"" +3; ""gene editing"" +3; classifier title reading agrees +2",NBK609557,2024,Canadian Agency for Drugs and Technologies in Health,CRISPR Technologies for In Vivo and Ex Vivo Gene Editing: Health Technologies
385,2,Medical Sciences,8,"""cardiovascular"" +3; ""cancer"" +3; ""disease"" (generic) +1; ""clinical"" (generic) +1",NBK33263,2000,Agency for Healthcare Research and Quality (US),"Garlic: Effects on Cardiovascular Risks and Disease, Protective Effects Against Cancer, and Clinical Adverse Effects"
386,2,Medical Sciences,8,"""hepatitis"" +3; ""hiv"" +3; ""patients"" (generic) +1; ""treatment"" (generic) +1",NBK99718,2011,National Institute for Health and Care Research,"Peginterferon Alfa and Ribavirin for Chronic Hepatitis C in Patients Eligible for Shortened Treatment, Re-Treatment or in HCV/HIV Co-Infection: A Systematic Review and Economic Evaluation"
387,2,Medical Sciences,8,"""diabetes"" +3; ""hiv"" +3; ""disease"" (generic) +1; ""clinical"" (generic) +1",NBK195174,2013,Canadian Agency for Drugs and Technologies in Health,"Peer Support for Diabetes, Heart Disease and HIV/AIDS: A Review of the Clinical Effectiveness, Cost-effectiveness, and Guidelines"
388,2,Medical Sciences,8,"""hypertension"" +3; ""cardiovascular"" +3; ""care"" (generic) +1; ""patients"" (generic) +1",NBK258697,2014,Canadian Agency for Drugs and Technologies in Health,Obesity Management Interventions Delivered in Primary Care for Patients with Hypertension or Cardiovascular Disease: A Review of Clinical Effectiveness
389,2,Medical Sciences,8,"""paediatric"" +3; ""intensive care"" +3; ""clinical"" (generic) +1; ""care"" (generic) +1",NBK261923,2014,National Institute for Health and Care Research,A clinical and economic evaluation of Control of Hyperglycaemia in Paediatric intensive care (CHiP): a randomised controlled trial
390,2,Medical Sciences,8,"""surgery"" +3; ""tumours"" +3; ""treatment"" (generic) +1; ""clinical"" (generic) +1",NBK268757,2014,Canadian Agency for Drugs and Technologies in Health,"Gamma Knife Surgery Compared with Linac-Based Radiosurgery Systems in the Treatment of Intracranial Lesions or Tumours and Functional Neurosurgery: A Review of the Precision, Accuracy, Clinical Effectiveness, Cost-Effectiveness, and Guidelines"
391,2,Medical Sciences,8,"""clinical trial"" +3; ""clinical trials"" +3; ""clinical"" (generic) +1; ""health"" (generic) +1",NBK274333,2015,National Institute for Health and Care Research,"Clinical trial metadata: defining and extracting metadata on the design, conduct, results and costs of 125 randomised clinical trials funded by the National Institute for Health Research Health Technology Assessment programme"
392,2,Medical Sciences,8,"""surgical"" +3; ""surgery"" +3; ""treatment"" (generic) +1; ""therapeutic"" (generic) +1",NBK274515,2015,National Institute for Health and Care Research,INVESTIGATE-I (INVasive Evaluation before Surgical Treatment of Incontinence Gives Added Therapeutic Effect?): a mixed-methods study to assess the feasibility of a future randomised controlled trial of invasive urodynamic testing prior to surgery for stress urinary incontinence in women
393,2,Medical Sciences,8,"""clinical practice"" +3; ""neurology"" +3; ""patient"" (generic) +1; ""clinical"" (generic) +1",NBK279940,2015,National Institute for Health and Care Research,Delivering patient choice in clinical practice: a conversation analytic study of communication practices used in neurology clinics to involve patients in decision-making
394,2,Medical Sciences,8,"""cancer"" +3; ""tumors"" +3; ""therapy"" (generic) +1; ""medicare"" (generic) +1",NBK285927,2005,Agency for Healthcare Research and Quality (US),"Report on the Relative Efficacy of Oral Cancer Therapy for Medicare Beneficiaries Versus Currently Covered Therapy: Part 2, Imatinib for Gastrointestinal Stromal Tumors (Gist)"
395,2,Medical Sciences,8,"""cancer"" +3; ""leukemia"" +3; ""therapy"" (generic) +1; ""medicare"" (generic) +1",NBK286013,2005,Agency for Healthcare Research and Quality (US),"Report on the Relative Efficacy of Oral Cancer Therapy for Medicare Beneficiaries Versus Currently Covered Therapy: Part 3, Imatinib for Chronic Myeloid Leukemia (CML)"
396,2,Medical Sciences,8,"""sepsis"" +3; ""intensive care"" +3; ""therapy"" (generic) +1; ""treatment"" (generic) +1",NBK327098,2015,National Institute for Health and Care Research,Procalcitonin testing to guide antibiotic therapy for the treatment of sepsis in intensive care settings and for suspected bacterial infection in emergency department settings: a systematic review and cost-effectiveness analysis
397,2,Medical Sciences,8,"""hypertension"" +3; ""cardiac"" +3; ""patients"" (generic) +1; ""disease"" (generic) +1",NBK343860,2016,Canadian Agency for Drugs and Technologies in Health,"Telehealth for Patients with Hypertension, Coronary Artery Disease or Implantable Cardiac Devices: A Review of the Clinical Effectiveness, Cost-effectiveness and Guidelines"
398,2,Medical Sciences,8,"""surgery"" +3; ""obstetrics"" +3; ""care"" (generic) +1; ""clinical"" (generic) +1",NBK343982,2016,Canadian Agency for Drugs and Technologies in Health,Viscoelastometric Point-of-Care Testing for Vascular Surgery and Obstetrics: A Review of Clinical Utility and Guidelines
399,2,Medical Sciences,8,"""pediatric"" +3; ""oncology"" +3; ""therapy"" (generic) +1; ""patients"" (generic) +1",NBK368351,2016,Canadian Agency for Drugs and Technologies in Health,Proton Beam Therapy versus Photon Radiotherapy for Adult and Pediatric Oncology Patients: A Review of the Clinical and Cost-Effectiveness
400,2,Medical Sciences,8,"""surgery"" +3; ""clinical trial"" +3; ""clinical"" (generic) +1; ""patients"" (generic) +1",NBK368409,2016,National Institute for Health and Care Research,Effect of Remote Ischaemic preconditioning on Clinical outcomes in patients undergoing Coronary Artery bypass graft surgery (ERICCA study): a multicentre double-blind randomised controlled clinical trial
401,2,Medical Sciences,8,"""cardiac"" +3; ""surgery"" +3; ""health"" (generic) +1; ""care"" (generic) +1",NBK379245,2016,National Institute for Health and Care Research,"A multicentre randomised controlled trial of Transfusion Indication Threshold Reduction on transfusion rates, morbidity and health-care resource use following cardiac surgery (TITRe2)"
402,2,Medical Sciences,8,"""cardiovascular"" +3; ""diabetes"" +3; ""therapy"" (generic) +1; ""treatment"" (generic) +1",NBK379802,2016,National Institute for Health and Care Research,A randomised trial of the effect and cost-effectiveness of early intensive multifactorial therapy on 5-year cardiovascular outcomes in individuals with screen-detected type 2 diabetes: the Anglo–Danish–Dutch Study of Intensive Treatment in People with Screen-Detected Diabetes in Primary Care (ADDITION-Europe) study
403,2,Medical Sciences,8,"""tumour"" +3; ""cancer"" +3; ""patients"" (generic) +1; ""health"" (generic) +1",NBK384771,2016,Canadian Agency for Drugs and Technologies in Health,DNA Mismatch Repair Deficiency Tumour Testing for Patients With Colorectal Cancer: A Health Technology Assessment
404,2,Medical Sciences,8,"""psychiatric"" +3; ""intensive care"" +3; ""care"" (generic) +1; ""health"" (generic) +1",NBK436925,2017,National Institute for Health and Care Research,Seclusion and Psychiatric Intensive Care Evaluation Study (SPICES): combined qualitative and quantitative approaches to the uses and outcomes of coercive practices in mental health services
405,2,Medical Sciences,8,"""cardiac"" +3; ""surgery"" +3; ""diagnostic"" (generic) +1; ""therapeutic"" (generic) +1",NBK453527,2017,National Institute for Health and Care Research,"Diagnostic and therapeutic medical devices for safer blood management in cardiac surgery: systematic reviews, observational studies and randomised controlled trials"
406,2,Medical Sciences,8,"""diabetic"" +3; ""diabetes"" +3; ""medications"" (generic) +1; ""patients"" (generic) +1",NBK464804,2014,Norwegian Institute for Public Health,Effect of New Anti-Diabetic Medications in Combination with Metformin Compared to Sulfonylurea in Combination with Metformin in Patients with Type 2 Diabetes
407,2,Medical Sciences,8,"""cardiac"" +3; ""surgery"" +3; ""therapy"" (generic) +1; ""patients"" (generic) +1",NBK470709,2017,Department of Veterans Affairs (US),Management of Antiplatelet Therapy Among Patients on Antiplatelet Therapy for Coronary or Cerebrovascular Disease or with Prior Percutaneous Cardiac Interventions Undergoing Elective Surgery: A Systematic Review
408,2,Medical Sciences,8,"""cardiac"" +3; ""surgery"" +3; ""therapy"" (generic) +1; ""patients"" (generic) +1",NBK488237,2017,Department of Veterans Affairs (US),Management of Antiplatelet Therapy Among Patients on Antiplatelet Therapy for Cerebrovascular or Peripheral Vascular Diseases Undergoing Elective Non-Cardiac Surgery
409,2,Medical Sciences,8,"""cardiac"" +3; ""surgery"" +3; ""clinical"" (generic) +1; ""patients"" (generic) +1",NBK493757,2018,National Institute for Health and Care Research,"Amaze: a double-blind, multicentre randomised controlled trial to investigate the clinical effectiveness and cost-effectiveness of adding an ablation device-based maze procedure as an adjunct to routine cardiac surgery for patients with pre-existing atrial fibrillation"
410,2,Medical Sciences,8,"""stroke"" +3; ""cardiovascular"" +3; ""patients"" (generic) +1; ""disease"" (generic) +1",NBK541610,2019,Canadian Agency for Drugs and Technologies in Health,"Pharmacoeconomic Review Report: Rivaroxaban (Xarelto) (Bayer Inc.): Indication: In combination with 75 mg to 100 mg acetylsalicylic acid (ASA), for the prevention of stroke, myocardial infarction, and cardiovascular death, and for the prevention of acute limb ischemia and mortality in patients with coronary artery disease (CAD) with or without peripheral artery disease (PAD)"
411,2,Medical Sciences,8,"""stroke"" +3; ""cardiovascular"" +3; ""clinical"" (generic) +1; ""patients"" (generic) +1",NBK541917,2019,Canadian Agency for Drugs and Technologies in Health,"Clinical Review Report: Rivaroxaban (Xarelto): Bayer Inc. Indication: In combination with 75 mg to 100 mg acetylsalicylic acid, for the prevention of stroke, myocardial infarction, and cardiovascular death, and for the prevention of acute limb ischemia and mortality in patients with coronary artery disease with or without peripheral artery disease"
412,2,Medical Sciences,8,"""epilepsy"" +3; ""tumours"" +3; ""therapy"" (generic) +1; ""clinical"" (generic) +1",NBK545597,2019,Canadian Agency for Drugs and Technologies in Health,Laser Interstitial Thermal Therapy for Epilepsy and/or Brain Tumours: A Review of Clinical Effectiveness and Cost-Effectiveness
413,2,Medical Sciences,8,"""neonatal"" +3; ""neonates"" +3; ""clinical"" (generic) +1; ""patient"" (generic) +1",NBK546540,2019,National Institute for Health and Care Research,Developing routinely recorded clinical data from electronic patient records as a national resource to improve neonatal health care: the Medicines for Neonates research programme
414,2,Medical Sciences,8,"""urological"" +3; ""surgery"" +3; ""patients"" (generic) +1; ""clinical"" (generic) +1",NBK554660,2019,Canadian Agency for Drugs and Technologies in Health,Codeine for Acute Pain for Urological or General Surgery Patients: A Review of Clinical Effectiveness
415,2,Medical Sciences,8,"""diagnostic imaging"" +3; ""cancer"" +3; ""diagnostic"" (generic) +1; ""clinical"" (generic) +1",NBK567203,2020,Canadian Agency for Drugs and Technologies in Health,"PET Diagnostic Imaging with Prostate-Specific Membrane Antigen for Prostate Cancer: A Review of Clinical Utility, Cost-Effectiveness, Diagnostic Accuracy, and Guidelines"
416,2,Medical Sciences,8,"""cardiovascular"" +3; ""cancer"" +3; ""treatment"" (generic) +1; ""disease"" (generic) +1",NBK584611,2021,Canadian Agency for Drugs and Technologies in Health,"Vitamin D Supplementation for the Prevention and/or Treatment of Cardiovascular Disease, Cancer, and Other Conditions in Residents of Long-Term Care Facilities"
417,2,Medical Sciences,8,"""hiv"" +3; ""hepatitis"" +3; ""diagnosis"" (generic) +1; ""treatment"" (generic) +1",NBK586603,2022,World Health Organization,"Consolidated guidelines on HIV, viral hepatitis and STI prevention, diagnosis, treatment and care for key populations"
418,2,Medical Sciences,8,"""surgical"" +3; ""cancer"" +3; ""care"" (generic) +1; ""health"" (generic) +1",NBK586763,2014,The Dartmouth Institute for Health Policy and Clinical Practice,Variation in the Care of Surgical Conditions: Prostate Cancer: A Dartmouth Atlas of Health Care Series
419,2,Medical Sciences,8,"""surgery"" +3; ""surgical"" +3; ""health"" (generic) +1; ""care"" (generic) +1",NBK586769,2006,The Dartmouth Institute for Health Policy and Clinical Practice,Spine Surgery: Dartmouth Atlas of Health Care: Studies of Surgical Variation
420,2,Medical Sciences,8,"""surgical"" +3; ""diabetes"" +3; ""care"" (generic) +1; ""disease"" (generic) +1",NBK587508,2014,The Dartmouth Institute for Health Policy and Clinical Practice,Variation in the Care of Surgical Conditions: Diabetes and Peripheral Arterial Disease: A Dartmouth Atlas of Health Care Series
421,2,Medical Sciences,8,"""hypertension"" +3; ""asthma"" +3; ""patient"" (generic) +1; ""care"" (generic) +1",NBK587710,2022,National Institute for Health and Care Research,Digital interventions for hypertension and asthma to support patient self-management in primary care: the DIPSS research programme including two RCTs
422,2,Medical Sciences,8,"""carcinoma"" +3; ""tumour"" +3; ""treatment"" (generic) +1; ""patients"" (generic) +1",NBK591053,2021,Canadian Agency for Drugs and Technologies in Health,Pembrolizumab (Keytruda): CADTH Reimbursement Recommendation: Indication: In combination with platinum and fluoropyrimidine–based chemotherapy for the first-line treatment of adult patients with locally advanced unresectable or metastatic carcinoma of the esophagus or HER2-negative adenocarcinoma of the esophagogastric junction (tumour centre 1 cm to 5 cm above the gastric cardia)
423,2,Medical Sciences,8,"""diabetes"" +3; ""cardiovascular"" +3; ""health"" (generic) +1; ""disease"" (generic) +1",NBK593689,2020,Patient-Centered Outcomes Research Institute (PCORI),Improving Health Outcomes among Native Americans with Diabetes and Cardiovascular Disease
424,2,Medical Sciences,8,"""cancer"" +3; ""endocrine"" +3; ""treatment"" (generic) +1; ""patients"" (generic) +1",NBK595132,2023,Canadian Agency for Drugs and Technologies in Health,Trastuzumab Deruxtecan (Enhertu): CADTH Reimbursement Recommendation: Indication: For the treatment of adult patients with unresectable or metastatic HER2-low (IHC 1+ or IHC 2+/ISH–) breast cancer who have received at least 1 prior line of chemotherapy in the metastatic setting or developed disease recurrence during or within 6 months of completing adjuvant chemotherapy. Patients with hormone receptor positive breast cancer should have received at least 1 and be no longer considered for endocrine therapy
425,2,Medical Sciences,8,"""pediatric"" +3; ""diabetes"" +3; ""patients"" (generic) +1; ""health"" (generic) +1",NBK595139,2023,Canadian Agency for Drugs and Technologies in Health,Liraglutide for Pediatric Patients With Type 2 Diabetes: CADTH Health Technology Review
426,2,Medical Sciences,8,"""cancer"" +3; ""endocrine"" +3; ""treatment"" (generic) +1; ""disease"" (generic) +1",NBK595392,2022,Canadian Agency for Drugs and Technologies in Health,"Alpelisib (Piqray): CADTH Reimbursement Recommendation: Indication: In combination with fulvestrant for the treatment of postmenopausal women, and men, with hormone receptor–positive, human epidermal growth factor receptor 2 (HER2)-negative, PIK3CA-mutated advanced or metastatic breast cancer after disease progression following an endocrine-based regimen with a cyclin-dependent kinase 4 and 6 (CDK4/6) inhibitor"
427,2,Medical Sciences,8,"""surgery"" +3; ""cancer"" +3; ""care"" (generic) +1; ""patients"" (generic) +1",NBK595848,2019,Patient-Centered Outcomes Research Institute (PCORI),Does an Advance Care Planning Video Help Patients Having Surgery for Cancer Discuss Their Healthcare Preferences with Their Surgeons?
428,2,Medical Sciences,8,"""diabetes"" +3; ""cardiovascular"" +3; ""care"" (generic) +1; ""therapy"" (generic) +1",NBK596313,2023,Canadian Agency for Drugs and Technologies in Health,"Finerenone (Kerendia): CADTH Reimbursement Recommendation: Indication: Kerendia (finerenone) as an adjunct to standard-of-care therapy in adults with chronic kidney disease and type 2 diabetes to reduce the risk of: end-stage kidney disease and a sustained decrease in estimated glomerular filtration rate cardiovascular death, nonfatal myocardial infarction, and hospitalization for heart failure"
429,2,Medical Sciences,8,"""cancer"" +3; ""tumours"" +3; ""treatment"" (generic) +1; ""patients"" (generic) +1",NBK596614,2023,Canadian Agency for Drugs and Technologies in Health,Nivolumab (Opdivo): CADTH Reimbursement Recommendation: Indication: In combination with platinum-doublet chemotherapy for the neoadjuvant treatment of adult patients with resectable non–small cell lung cancer (tumours ≥ 4 cm or node positive)
430,2,Medical Sciences,8,"""pediatric"" +3; ""leukemia"" +3; ""therapy"" (generic) +1; ""patients"" (generic) +1",NBK598222,2023,Canadian Agency for Drugs and Technologies in Health,"Nelarabine (Atriance): CADTH Reimbursement Recommendation: Indication: Nelarabine (Atriance) for addition to front-line multiagent therapy of pediatric, adolescent, and young adult patients (aged 1 year to 30 years at diagnosis) with intermediate- or high-risk T-cell acute lymphoblastic leukemia"
431,2,Medical Sciences,8,"""lymphoma"" +3; ""cancer"" +3; ""treatment"" (generic) +1; ""patients"" (generic) +1",NBK599021,2022,Canadian Agency for Drugs and Technologies in Health,Lorlatinib (Lorbrena): CADTH Reimbursement Recommendation: Indication: As monotherapy for the first-line treatment of adult patients with anaplastic lymphoma kinase (ALK)-positive locally advanced (not amenable to curative therapy) or metastatic non–small cell lung cancer (NSCLC)
432,2,Medical Sciences,8,"""surgery"" +3; ""carcinoma"" +3; ""treatment"" (generic) +1; ""patients"" (generic) +1",NBK599984,2023,Canadian Agency for Drugs and Technologies in Health,"Cabozantinib (Cabometyx): CADTH Reimbursement Recommendation: Indication: Cabozantinib, in combination with nivolumab, is indicated for the first-line treatment of adult patients with advanced (not amenable to curative surgery or radiation therapy) or metastatic renal cell carcinoma"
433,2,Medical Sciences,8,"""cancer"" +3; ""oncology"" +3; ""patient"" (generic) +1; ""care"" (generic) +1",NBK600208,2020,Patient-Centered Outcomes Research Institute (PCORI),Evaluating a New Patient-Centered Approach for Cancer Care in Oncology Offices
434,2,Medical Sciences,8,"""cancer"" +3; ""tumours"" +3; ""treatment"" (generic) +1; ""patients"" (generic) +1",NBK601808,2023,Canadian Agency for Drugs and Technologies in Health,"Pembrolizumab (Keytruda): CADTH Reimbursement Recommendation: Indication: In combination with chemotherapy, for the treatment of adult patients with locally recurrent unresectable or metastatic triple-negative breast cancer who have not received prior chemotherapy for metastatic disease and whose tumours express programmed cell death-ligand 1 (combined positive score ≥ 10) as determined by a validated test"
435,2,Medical Sciences,8,"""cancer"" +3; ""tumours"" +3; ""treatment"" (generic) +1; ""patients"" (generic) +1",NBK601809,2022,Canadian Agency for Drugs and Technologies in Health,"Pembrolizumab (Keytruda): CADTH Reimbursement Recommendation: Indication: Treatment of adult patients with persistent, recurrent, or metastatic cervical cancer whose tumours express PD-L1 (combined positive score ≥ 1), as determined by a validated test, in combination with chemotherapy with or without bevacizumab"
436,2,Medical Sciences,8,"""cancer"" +3; ""tumours"" +3; ""treatment"" (generic) +1; ""patients"" (generic) +1",NBK601819,2023,Canadian Agency for Drugs and Technologies in Health,"Pembrolizumab (Keytruda): CADTH Reimbursement Recommendation: Indication: For the treatment of adult patients with unresectable or metastatic microsatellite instability-high or mismatch repair deficient endometrial cancer whose tumours have progressed following prior therapy and who have no satisfactory alternative treatment options, as monotherapy"
437,2,Medical Sciences,8,"""cancer"" +3; ""sepsis"" +3; ""therapy"" (generic) +1; ""patients"" (generic) +1",NBK602156,2024,National Institute for Health and Care Research,Early switch from intravenous to oral antibiotic therapy in patients with cancer who have low-risk neutropenic sepsis: the EASI-SWITCH RCT
438,2,Medical Sciences,8,"""leukemia"" +3; ""pediatric"" +3; ""treatment"" (generic) +1; ""patients"" (generic) +1",NBK602389,2024,Canadian Agency for Drugs and Technologies in Health,Calaspargase Pegol (Asparlas): CADTH Reimbursement Recommendation: Indication: As a component of a multi-agent chemotherapeutic regimen for the treatment of acute lymphoblastic leukemia in pediatric and young adult patients age 1 to 21 years
439,2,Medical Sciences,8,"""cancer"" +3; ""endocrine"" +3; ""treatment"" (generic) +1; ""patients"" (generic) +1",NBK602509,2024,Canadian Agency for Drugs and Technologies in Health,"Sacituzumab Govitecan (Trodelvy): CADTH Reimbursement Recommendation: Indication: For the treatment of adult patients with unresectable locally advanced or metastatic hormone receptor (HR)-positive, human epidermal growth factor receptor 2 (HER2)-negative (IHC 0, IHC 1+, or IHC 2+/ISH–) breast cancer who have received endocrine-based therapy and at least 2 additional systemic therapies in the metastatic setting"
440,2,Medical Sciences,8,"""cancer"" +3; ""pediatric"" +3; ""treatment"" (generic) +1; ""patients"" (generic) +1",NBK602618,2022,Canadian Agency for Drugs and Technologies in Health,Selpercatinib (Retevmo): CADTH Reimbursement Recommendation: Indication: For the treatment of RET-mutant medullary thyroid cancer in adult and pediatric patients 12 years of age and older with unresectable advanced or metastatic disease
441,2,Medical Sciences,8,"""endocrine"" +3; ""cancer"" +3; ""therapy"" (generic) +1; ""treatment"" (generic) +1",NBK602622,2022,Canadian Agency for Drugs and Technologies in Health,"Abemaciclib (Verzenio): CADTH Reimbursement Recommendation: Indication: In combination with endocrine therapy for the adjuvant treatment of adult patients with hormone receptor (HR)–positive, human epidermal growth factor receptor 2 (HER2)–negative, node-positive, early breast cancer at high risk of disease recurrence based on clinicopathological features and a Ki-67 score of at least 20%"
442,2,Medical Sciences,8,"""cancer"" +3; ""surgery"" +3; ""treatment"" (generic) +1; ""patients"" (generic) +1",NBK603320,2022,Canadian Agency for Drugs and Technologies in Health,"Pembrolizumab (Keytruda): CADTH Reimbursement Recommendation: Indication: For the treatment of adult patients with high-risk early-stage triple-negative breast cancer in combination with chemotherapy as neoadjuvant treatment, and then continued as monotherapy as adjuvant treatment after surgery"
443,2,Medical Sciences,8,"""carcinoma"" +3; ""surgery"" +3; ""treatment"" (generic) +1; ""patients"" (generic) +1",NBK603321,2022,Canadian Agency for Drugs and Technologies in Health,"Pembrolizumab (Keytruda) in Combination With Lenvatinib (Lenvima): CADTH Reimbursement Recommendation: Indication: For the treatment of adult patients with advanced endometrial carcinoma that is not microsatellite instability high or mismatch repair deficient, who have disease progression following prior platinum-based systemic therapy, and are not candidates for curative surgery or radiation"
444,2,Medical Sciences,8,"""hepatitis"" +3; ""oncology"" +3; ""patients"" (generic) +1; ""treatment"" (generic) +1",NBK603327,2022,Canadian Agency for Drugs and Technologies in Health,Antiviral Prophylaxis With Tenofovir for Patients With History of Hepatitis B Receiving Oncology Drug Treatment: Rapid Review
445,2,Medical Sciences,8,"""surgery"" +3; ""carcinoma"" +3; ""treatment"" (generic) +1; ""patients"" (generic) +1",NBK603591,2022,Canadian Agency for Drugs and Technologies in Health,Lenvatinib (Lenvima) in Combination With Pembrolizumab (Keytruda): CADTH Reimbursement Recommendation: Indication: Treatment of adult patients with advanced (not amenable to curative surgery or radiation) or metastatic renal cell carcinoma (RCC) with no prior systemic therapy for metastatic RCC
446,2,Medical Sciences,8,"""carcinoma"" +3; ""surgery"" +3; ""patients"" (generic) +1; ""disease"" (generic) +1",NBK603592,2022,Canadian Agency for Drugs and Technologies in Health,Selpercatinib (Retevmo): CADTH Reimbursement Recommendation: Indication: Adult patients with rearranged during transfection (RET) fusion-positive differentiated thyroid carcinoma with advanced or metastatic disease (not amenable to surgery or radioactive iodine therapy) following prior treatment with sorafenib and/or lenvatinib
447,2,Medical Sciences,8,"""cancer"" +3; ""endocrine"" +3; ""treatment"" (generic) +1; ""therapy"" (generic) +1",NBK608432,2024,Canadian Agency for Drugs and Technologies in Health,"Capivasertib (Truqap): Indication: Capivasertib is indicated in combination with fulvestrant for the treatment of adult females with hormone receptor-positive, human epidermal growth factor receptor 2-negative locally advanced or metastatic breast cancer with one or more PIK3CA/AKT1/PTEN alterations following progression on at least one endocrine-based regimen in the metastatic setting or recurrence on or within 12 months of completing adjuvant therapy: CADTH Reimbursement Recommendation"
448,2,Medical Sciences,8,"""lymphoma"" +3; ""pediatric"" +3; ""treatment"" (generic) +1; ""patients"" (generic) +1",NBK608433,2024,Canadian Agency for Drugs and Technologies in Health,"Brentuximab Vedotin (Adcetris): Indication: Brentuximab vedotin in combination with doxorubicin, vincristine, etoposide, prednisone, and cyclophosphamide in previously untreated high-risk Hodgkin lymphoma (HL) in the pediatric population. Brentuximab vedotin in combination with doxorubicin, vinblastine, and dacarbazine for the treatment of previously untreated patients with advanced stage HL: CADTH Reimbursement Recommendation"
449,2,Medical Sciences,8,"""cancer"" +3; ""tumours"" +3; ""treatment"" (generic) +1; ""patients"" (generic) +1",NBK609558,2024,Canadian Agency for Drugs and Technologies in Health,Osimertinib (Tagrisso): Indication: In combination with pemetrexed and platinum-based chemotherapy for the first-line treatment of patients with locally advanced (not amenable to curative therapies) or metastatic non–small cell lung cancer whose tumours have EGFR exon 19 deletions or exon 21 (L858R) substitution mutations: Reimbursement Recommendation
450,2,Medical Sciences,8,"""endocrine"" +3; ""cancer"" +3; ""therapy"" (generic) +1; ""treatment"" (generic) +1",NBK609559,2024,Canadian Agency for Drugs and Technologies in Health,"Abemaciclib (Verzenio): Indication: In combination with endocrine therapy for the adjuvant treatment of adult patients with hormone receptor-positive, human epidermal growth factor receptor 2-negative, node-positive, early breast cancer at high risk of disease recurrence based on clinicopathological features: Reimbursement Recommendation"
451,2,Medical Sciences,8,"""tumour"" +3; ""cancer"" +3; ""treatment"" (generic) +1; ""patients"" (generic) +1",NBK610234,2024,Canadian Agency for Drugs and Technologies in Health,Alectinib (Alecensaro): Indication: For adjuvant treatment following tumour resection for patients with stage IB (tumour ≥ 4 cm) to IIIA ALK-positive non–small cell lung cancer: Reimbursement Recommendation
452,2,Medical Sciences,8,"""cancer"" +3; ""surgery"" +3; ""care"" (generic) +1; ""patients"" (generic) +1",NBK611695,2023,Patient-Centered Outcomes Research Institute (PCORI),Determining Whether Adding a Palliative Care Team Improves Quality of Life for Patients Who Have Had Upper Gastrointestinal Cancer Surgery – The PERIOP-PC Study
453,2,Medical Sciences,8,"""pediatric"" +3; ""tumours"" +3; ""treatment"" (generic) +1; ""patients"" (generic) +1",NBK612730,2025,Canadian Agency for Drugs and Technologies in Health,"Pembrolizumab (Keytruda): Indication: For the treatment of adult and pediatric patients with unresectable or metastatic microsatellite instability-high or mismatch repair deficient solid tumours, as determined by a validated test, that have progressed following prior treatment and who have no satisfactory alternative treatment options: Reimbursement Recommendation"
454,2,Medical Sciences,8,"""clinical trials"" +3; ""cancers"" +3; ""disease"" (generic) +1; ""clinical"" (generic) +1",NBK612765,2024,Office of the Assistant Secretary for Planning and Evaluation (ASPE),"Participant Diversity by Race, Ethnicity, and Sex in Rare Disease Clinical Trials: A Case Study of Eight Rare Cancers: Brief"
455,2,Medical Sciences,8,"""paediatric"" +3; ""critical care"" +3; ""therapy"" (generic) +1; ""care"" (generic) +1",NBK614104,2025,National Institute for Health and Care Research,High-flow nasal cannula therapy versus continuous positive airway pressure for non-invasive respiratory support in paediatric critical care: the FIRST-ABC RCTs
456,2,Medical Sciences,8,"""diabetes"" +3; ""cardiovascular"" +3; ""disease"" (generic) +1; ""health"" (generic) +1",NBK614444,2024,Department of Veterans Affairs (US),"Beyond Diabetes, Obesity, and Cardiovascular Disease: An Evidence Map of Anti-Inflammatory Diet and Related Dietary Interventions for the Prevention and Management of Chronic Health Conditions"
457,2,Medical Sciences,8,"""cancer"" +3; ""surgery"" +3; ""treatment"" (generic) +1; ""patients"" (generic) +1",NBK614930,2025,Canadian Agency for Drugs and Technologies in Health,"Pembrolizumab (Keytruda): Indication: For the treatment of adult patients with resectable stage II, IIIA, or IIIB (T3–4N2) non–small cell lung cancer (NSCLC) in combination with platinum-containing chemotherapy as neoadjuvant treatment and then continued as monotherapy as adjuvant treatment after surgery: Reimbursement Recommendation"
458,2,Medical Sciences,8,"""cancer"" +3; ""tumours"" +3; ""treatment"" (generic) +1; ""patients"" (generic) +1",NBK619752,2025,Canadian Agency for Drugs and Technologies in Health,"Osimertinib (Tagrisso): Indication: For the treatment of patients with locally advanced, unresectable (stage III) non–small cell lung cancer (NSCLC) whose tumours have EGFR exon 19 deletions or exon 21 L858R substitution mutations (either alone or in combination with other EGFR mutations) and whose disease has not progressed during or following platinum-based chemoradiation therapy: Reimbursement Recommendation"
459,2,Medical Sciences,8,"""cancer"" +3; ""endocrine"" +3; ""treatment"" (generic) +1; ""therapy"" (generic) +1",NBK619753,2025,Canadian Agency for Drugs and Technologies in Health,"Abemaciclib (Verzenio): Indication: For the treatment of hormone receptor (HR)-positive, human epidermal growth factor receptor (HER2)-negative advanced or metastatic breast cancer, in combination with an aromatase inhibitor (AI) in postmenopausal women as initial endocrine-based therapy: Reimbursement Recommendation"
460,2,Medical Sciences,8,"""cancer"" +3; ""endocrine"" +3; ""treatment"" (generic) +1; ""disease"" (generic) +1",NBK619754,2025,Canadian Agency for Drugs and Technologies in Health,"Abemaciclib (Verzenio): Indication: For the treatment of hormone receptor-positive, human epidermal growth factor receptor 2-negative, advanced or metastatic breast cancer, in combination with fulvestrant in women with disease progression following endocrine therapy: Reimbursement Recommendation"
461,2,Medical Sciences,8,"""carcinoma"" +3; ""tumours"" +3; ""treatment"" (generic) +1; ""patients"" (generic) +1",NBK619913,2025,Canadian Agency for Drugs and Technologies in Health,"Pembrolizumab (Keytruda): Indication: For the treatment of adult patients with resectable locally advanced head and neck squamous cell carcinoma (HNSCC) whose tumours express PD-L1 [Combined Positive Score (CPS) = 1], as neoadjuvant treatment as monotherapy, continued as adjuvant treatment in combination with radiotherapy (RT) with or without cisplatin and then as monotherapy: Reimbursement Recommendation"
462,2,Medical Sciences,8,"""endocrine"" +3; ""cancer"" +3; ""treatment"" (generic) +1; ""patients"" (generic) +1",NBK620284,2025,Canadian Agency for Drugs and Technologies in Health,"Inavolisib (Itovebi): Indication: Inavolisib in combination with palbociclib and fulvestrant is indicated for the treatment of adult patients with endocrine resistant, PIK3CA-mutated, hormone receptor–positive, human epidermal growth factor receptor 2–negative, locally advanced or metastatic breast cancer, following recurrence on or after completing adjuvant endocrine treatment: Reimbursement Recommendation"
463,2,Medical Sciences,8,"""cancer"" +3; ""endocrine"" +3; ""treatment"" (generic) +1; ""therapy"" (generic) +1",NBK620357,2025,Canadian Agency for Drugs and Technologies in Health,"Abemaciclib (Verzenio): Reimbursement request: For the treatment of HR-positive, HER2-negative advanced or metastatic breast cancer in combination with an aromatase inhibitor in females who are postmenopausal as initial endocrine-based therapy: Reimbursement Review"
464,2,Medical Sciences,8,"""pediatric"" +3; ""surgical"" +3; ""treatment"" (generic) +1; ""health"" (generic) +1",NBK620553,2025,Canadian Agency for Drugs and Technologies in Health,"Vorasidenib (Voranigo): Indication: For the treatment of Grade 2 (World Health Organization [WHO] 2016, 2021 grading system) astrocytoma or oligodendroglioma with a susceptible isocitrate dehydrogenase-1 (IDH1) mutation or isocitrate dehydrogenase-2 (IDH2) mutation in adults and pediatric patients aged 12 years and older following surgical intervention: Reimbursement Recommendation"
465,2,Medical Sciences,8,"""cancer"" +3; ""endocrine"" +3; ""treatment"" (generic) +1; ""patients"" (generic) +1",NBK622126,2026,Canadian Agency for Drugs and Technologies in Health,"Trastuzumab deruxtecan (Enhertu): Indication: For treatment of adult patients with unresectable or metastatic HR-positive, HER2-low (IHC 1+ or IHC 2+/ISH-) or HER2-ultralow (IHC 0 with membrane staining) breast cancer who have received at least one endocrine therapy in the metastatic setting and are not considered suitable for endocrine therapy as the next line of treatment: Reimbursement Recommendation"
466,2,Medical Sciences,8,"""tumours"" +3; ""tumour"" +3; ""treatment"" (generic) +1; ""patients"" (generic) +1",NBK622151,2026,Canadian Agency for Drugs and Technologies in Health,"Atezolizumab (Tecentriq IV and Tecentriq SC): Indication: As monotherapy for the first-line treatment of patients with metastatic NSCLC whose tumours have high PD-L1 expression (PD-L1 stained = 50% of TCs or PD-L1 stained tumour-infiltrating immune cells [ICs] covering = 10% of the tumour area), as determined by a validated test and who do not have EGFR or ALK genomic tumour aberrations: Reimbursement Recommendation"
467,2,Medical Sciences,7,"""pediatric"" +3; ""obstetric"" +3; ""medicare"" (generic) +1",NBK36492,2001,Agency for Healthcare Research and Quality (US),"Telemedicine for the Medicare Population: Pediatric, Obstetric, and Clinician-Indirect Home Interventions in Telemedicine (Supplement)"
468,2,Medical Sciences,7,"""cancer"" +3; ""clinical trials"" +3; ""clinical"" (generic) +1",NBK37798,2005,Agency for Healthcare Research and Quality (US),Knowledge and Access to Information on Recruitment of Underrepresented Populations to Cancer Clinical Trials
469,2,Medical Sciences,7,"""cancer"" +3; ""tumors"" +3; ""patients"" (generic) +1",NBK38608,2008,Agency for Healthcare Research and Quality (US),HER2 Testing to Manage Patients With Breast Cancer or Other Solid Tumors
470,2,Medical Sciences,7,"""surgery"" +3; ""cancer"" +3; ""clinical"" (generic) +1",NBK115705,2012,National Institute for Health and Care Research,Systematic Review and Economic Modelling of the Relative Clinical Benefit and Cost-Effectiveness of Laparoscopic Surgery and Robotic Surgery for Removal of the Prostate in Men with Localised Prostate Cancer
471,2,Medical Sciences,7,"""hypertension"" +3; ""cardiovascular"" +3; ""disease"" (generic) +1",NBK126735,2013,Agency for Healthcare Research and Quality (US),Screening for Hypertension in Children and Adolescents to Prevent Cardiovascular Disease: Systematic Review for the U.S. Preventive Services Task Force
472,2,Medical Sciences,7,"""stroke"" +3; ""cardiovascular"" +3; ""patients"" (generic) +1",NBK169793,2012,Canadian Agency for Drugs and Technologies in Health,"Safety, Effectiveness, and Cost-Effectiveness of New Oral Anticoagulants Compared with Warfarin in Preventing Stroke and Other Cardiovascular Events in Patients with Atrial Fibrillation"
473,2,Medical Sciences,7,"""cardiovascular"" +3; ""cancer"" +3; ""disease"" (generic) +1",NBK173987,2013,Agency for Healthcare Research and Quality (US),"Vitamin, Mineral, and Multivitamin Supplements for the Primary Prevention of Cardiovascular Disease and Cancer: A Systematic Evidence Review for the U.S. Preventive Services Task Force"
474,2,Medical Sciences,7,"""diabetes"" +3; ""cancer"" +3; ""syndrome"" (generic) +1",NBK254022,2011,Agency for Healthcare Research and Quality (US),"Lifestyle Interventions for Four Conditions: Type 2 Diabetes, Metabolic Syndrome, Breast Cancer, and Prostate Cancer"
475,2,Medical Sciences,7,"""cardiovascular"" +3; ""cancer"" +3; ""disease"" (generic) +1",NBK261080,2013,National Institute for Health and Care Research,Aspirin for prophylactic use in the primary prevention of cardiovascular disease and cancer: a systematic review and overview of reviews
476,2,Medical Sciences,7,"""paediatric"" +3; ""intensive care"" +3; ""care"" (generic) +1",NBK269135,2014,National Institute for Health and Care Research,"Prospective multicentre randomised, double-blind, equivalence study comparing clonidine and midazolam as intravenous sedative agents in critically ill children: the SLEEPS (Safety profiLe, Efficacy and Equivalence in Paediatric intensive care Sedation) study"
477,2,Medical Sciences,7,"""cancer"" +3; ""leukemia"" +3; ""treatment"" (generic) +1",NBK299158,2010,Agency for Healthcare Research and Quality (US),"Systematic Reviews on Selected Pharmacogenetic Tests for Cancer Treatment: CYP2D6 for Tamoxifen in Breast Cancer, KRAS for anti-EGFR antibodies in Colorectal Cancer, and BCR-ABL1 for Tyrosine Kinase Inhibitors in Chronic Myeloid Leukemia"
478,2,Medical Sciences,7,"""diabetic"" +3; ""diabetes"" +3; ""care"" (generic) +1",NBK304586,2015,Canadian Agency for Drugs and Technologies in Health,Diabetic Diets for Frail Elderly Long-Term Care Residents with Type II Diabetes Mellitus: A Review of Guidelines
479,2,Medical Sciences,7,"""diabetes"" +3; ""diabetic"" +3; ""patient"" (generic) +1",NBK305602,2015,National Institute for Health and Care Research,A systematic review and individual patient data meta-analysis of prognostic factors for foot ulceration in people with diabetes: the international research collaboration for the prediction of diabetic foot ulcerations (PODUS)
480,2,Medical Sciences,7,"""surgical"" +3; ""surgery"" +3; ""treatment"" (generic) +1",NBK315822,2015,National Institute for Health and Care Research,Surgical Trial In Traumatic intraCerebral Haemorrhage (STITCH): a randomised controlled trial of Early Surgery compared with Initial Conservative Treatment
481,2,Medical Sciences,7,"""diagnostic imaging"" +3; ""cancer"" +3; ""diagnostic"" (generic) +1",NBK316450,2014,Swedish Agency for Health Technology Assessment and Assessment of Social Services (SBU),Diagnostic Imaging in the Staging of Prostate Cancer
482,2,Medical Sciences,7,"""diagnostic imaging"" +3; ""cancer"" +3; ""diagnostic"" (generic) +1",NBK316451,2014,Swedish Agency for Health Technology Assessment and Assessment of Social Services (SBU),Diagnostic Imaging in Suspected Prostate Cancer
483,2,Medical Sciences,7,"""cardiovascular"" +3; ""cancer"" +3; ""disease"" (generic) +1",NBK321651,2015,Agency for Healthcare Research and Quality (US),Aspirin Use to Prevent Cardiovascular Disease and Colorectal Cancer: A Decision Analysis
484,2,Medical Sciences,7,"""tumour"" +3; ""clinical trial"" +3; ""clinical"" (generic) +1",NBK355745,2016,National Institute for Health and Care Research,Wilms’ tumour antigen 1 Immunity via DNA fusion gene vaccination in haematological malignancies by intramuscular injection followed by intramuscular electroporation: a Phase II non-randomised clinical trial (WIN)
485,2,Medical Sciences,7,"""surgical"" +3; ""cancer"" +3; ""treatment"" (generic) +1",NBK373125,2016,National Institute for Health and Care Research,Comparing open and minimally invasive surgical procedures for oesophagectomy in the treatment of cancer: the ROMIO (Randomised Oesophagectomy: Minimally Invasive or Open) feasibility study and pilot trial
486,2,Medical Sciences,7,"""cancer"" +3; ""surgery"" +3; ""disease"" (generic) +1",NBK379377,2016,National Institute for Health and Care Research,"Next Generation intraoperative Lymph node staging for Stratified colon cancer surgery (GLiSten): a multicentre, multinational feasibility study of fluorescence in predicting lymph node-positive disease"
487,2,Medical Sciences,7,"""cardiac"" +3; ""cancer"" +3; ""patients"" (generic) +1",NBK379950,2016,National Institute for Health and Care Research,The use of cardiac rehabilitation services to aid the recovery of patients with bowel cancer: a pilot randomised controlled trial with embedded feasibility study
488,2,Medical Sciences,7,"""tumour"" +3; ""cancer"" +3; ""patients"" (generic) +1",NBK384860,2016,Canadian Agency for Drugs and Technologies in Health,DNA Mismatch Repair Deficiency Tumour Testing for Patients With Colorectal Cancer: Recommendations
489,2,Medical Sciences,7,"""tumour"" +3; ""cancer"" +3; ""patients"" (generic) +1",NBK384868,2016,Canadian Agency for Drugs and Technologies in Health,DNA Mismatch Repair Deficiency Tumour Testing for Patients With Colorectal Cancer: Ethical Issues
490,2,Medical Sciences,7,"""hypertension"" +3; ""diabetic"" +3; ""patients"" (generic) +1",NBK464895,2008,Norwegian Institute for Public Health,"Efficacy and Safety of Angiotensin Receptor Blockers Alone and in Combination with Diuretics in Patients with Hypertension, Heart Failure or Diabetic Nephropathy"
491,2,Medical Sciences,7,"""surgery"" +3; ""gynaecological"" +3; ""disease"" (generic) +1",NBK464899,2009,Norwegian Institute for Public Health,Laparoscopic Surgery for Benign Gynaecological Disease
492,2,Medical Sciences,7,"""cardiac"" +3; ""stroke"" +3; ""patients"" (generic) +1",NBK537955,2018,Canadian Agency for Drugs and Technologies in Health,"Patients’ Experiences with Cardiac Monitors for Stroke, Atrial Fibrillation, and Heart Failure: A Rapid Qualitative Review"
493,2,Medical Sciences,7,"""lymphoma"" +3; ""cancer"" +3; ""clinical"" (generic) +1",NBK538739,2018,Canadian Agency for Drugs and Technologies in Health,Anaplastic Lymphoma Kinase Inhibitors for Genetically Rearranged Non-Small Cell Lung Cancer: A Review of the Clinical Effectiveness
494,2,Medical Sciences,7,"""leukemia"" +3; ""lymphoma"" +3; ""clinical"" (generic) +1",NBK540502,2018,Canadian Agency for Drugs and Technologies in Health,"Tisagenlecleucel for B-Cell Acute Lymphoblastic Leukemia and Diffuse Large B-Cell Lymphoma — Project Protocol, Clinical Section"
495,2,Medical Sciences,7,"""cancer"" +3; ""surgery"" +3; ""clinical"" (generic) +1",NBK545065,2019,Canadian Agency for Drugs and Technologies in Health,"Intraoperative Mammography for Breast Cancer Surgery: A Review of Clinical Effectiveness, Cost-Effectiveness, and Guidelines"
496,2,Medical Sciences,7,"""surgery"" +3; ""cancer"" +3; ""treatment"" (generic) +1",NBK546997,2019,Canadian Agency for Drugs and Technologies in Health,Mohs Surgery for the Treatment of Skin Cancer: A Review of Guidelines
497,2,Medical Sciences,7,"""surgery"" +3; ""surgical"" +3; ""patients"" (generic) +1",NBK556739,2020,National Institute for Health and Care Research,Liver resection surgery compared with thermal ablation in high surgical risk patients with colorectal liver metastases: the LAVA international RCT
498,2,Medical Sciences,7,"""immunologic"" +3; ""hiv"" +3; ""care"" (generic) +1",NBK558500,2022,Johns Hopkins University,Virologic and Immunologic Monitoring in HIV Care
499,2,Medical Sciences,7,"""hypertension"" +3; ""diabetes"" +3; ""clinical"" (generic) +1",NBK565449,2020,Canadian Agency for Drugs and Technologies in Health,"Clinical Review Report: Naltrexone Hydrochloride and Bupropion Hydrochloride (Contrave) (Bausch Health, Canada Inc.): Indication: An adjunct to a reduced-calorie diet and increased physical activity for chronic weight management in adults with an initial body mass index of 30 kg/m2 or greater (obese) or 27 kg/m2 or greater (overweight) in the presence of at least one weight-related comorbidity (e.g., controlled hypertension, type 2 diabetes mellitus, or dyslipidemia)"
500,2,Medical Sciences,7,"""neurologic"" +3; ""pediatric"" +3; ""clinical"" (generic) +1",NBK565955,2020,Canadian Agency for Drugs and Technologies in Health,"Clinical Review Report: Glycopyrrolate Oral Solution (Cuvposa) (Medexus Pharmaceuticals, Inc.): Indication: Chronic severe drooling, neurologic (pediatric)"
501,2,Medical Sciences,7,"""pediatric"" +3; ""cancer"" +3; ""care"" (generic) +1",NBK568475,2021,Agency for Healthcare Research and Quality (US),Disparities and Barriers to Pediatric Cancer Survivorship Care
502,2,Medical Sciences,7,"""pediatric"" +3; ""radiologists"" +3; ""patients"" (generic) +1",NBK571531,2021,Canadian Agency for Drugs and Technologies in Health,Peripherally Inserted Central Catheters in Pediatric Patients Performed by Radiologists Using Fluoroscopy
503,2,Medical Sciences,7,"""cardiovascular"" +3; ""cancer"" +3; ""disease"" (generic) +1",NBK580192,2022,Agency for Healthcare Research and Quality (US),Aspirin Use to Prevent Cardiovascular Disease and Colorectal Cancer: An Evidence Update for the U.S. Preventive Services Task Force
504,2,Medical Sciences,7,"""cardiovascular"" +3; ""cancer"" +3; ""disease"" (generic) +1",NBK580862,2022,Agency for Healthcare Research and Quality (US),Aspirin Use to Prevent Cardiovascular Disease and Colorectal Cancer: An Updated Decision Analysis for the U.S. Preventive Services Task Force
505,2,Medical Sciences,7,"""cardiovascular"" +3; ""cancer"" +3; ""disease"" (generic) +1",NBK581642,2021,Agency for Healthcare Research and Quality (US),"Vitamin, Mineral, and Multivitamin Supplementation for the Primary Prevention of Cardiovascular Disease and Cancer: A Systematic Evidence Review for the U.S. Preventive Services Task Force"
506,2,Medical Sciences,7,"""neonatal"" +3; ""intensive care"" +3; ""care"" (generic) +1",NBK584993,2019,The Dartmouth Institute for Health Policy and Clinical Practice,The Dartmouth Atlas of Neonatal Intensive Care: A Report of the Dartmouth Atlas Project
507,2,Medical Sciences,7,"""stroke"" +3; ""clinical practice"" +3; ""clinical"" (generic) +1",NBK585587,2021,Springer,Clinical Pathways in Stroke Rehabilitation: Evidence-based Clinical Practice Recommendations
508,2,Medical Sciences,7,"""surgery"" +3; ""clinical practice"" +3; ""clinical"" (generic) +1",NBK586010,2022,Springer,Bariatric Surgery in Clinical Practice
509,2,Medical Sciences,7,"""pediatric"" +3; ""epilepticus"" +3; ""treatment"" (generic) +1",NBK588407,2015,National Institute of Child Health and Human Development (US),"Use of Lorazepam for the Treatment of Pediatric Status Epilepticus: A Randomized, Double-Blinded Trial of Lorazepam and Diazepam"
510,2,Medical Sciences,7,"""cancer"" +3; ""surgical"" +3; ""treatment"" (generic) +1",NBK589576,2021,Patient-Centered Outcomes Research Institute (PCORI),Helping Women with Breast Cancer Choose between Surgical Treatment Options
511,2,Medical Sciences,7,"""surgical"" +3; ""cancer"" +3; ""therapies"" (generic) +1",NBK592710,2023,Department of Veterans Affairs (US),Non-surgical Therapies for Early-stage Non-small Cell Lung Cancer: A Systematic Review
512,2,Medical Sciences,7,"""paediatric"" +3; ""intensive care"" +3; ""care"" (generic) +1",NBK597819,2023,National Institute for Health and Care Research,Implementing early rehabilitation and mobilisation for children in UK paediatric intensive care units: the PERMIT feasibility study
513,2,Medical Sciences,7,"""surgical"" +3; ""carcinoma"" +3; ""therapies"" (generic) +1",NBK598696,2023,National Institute for Health and Care Research,Ablative and non-surgical therapies for early and very early hepatocellular carcinoma: a systematic review and network meta-analysis
514,2,Medical Sciences,7,"""pediatric"" +3; ""hepatitis"" +3; ""health"" (generic) +1",NBK599792,2023,Canadian Agency for Drugs and Technologies in Health,Direct-Acting Antivirals for Pediatric Chronic Hepatitis C Virus Infection: CADTH Health Technology Review
515,2,Medical Sciences,7,"""hypertension"" +3; ""diabetes"" +3; ""patients"" (generic) +1",NBK602627,2022,Canadian Agency for Drugs and Technologies in Health,"Semaglutide (Wegovy): CADTH Reimbursement Recommendation: Indication: As an adjunct to a reduced calorie diet and increased physical activity for chronic weight management in adult patients with an initial body mass index of 30 kg/m2 or greater (obesity), or 27 kg/m2 or greater (overweight) in the presence of at least 1 weight-related comorbidity such as hypertension, type 2 diabetes mellitus, dyslipidemia, or obstructive sleep apnea"
516,2,Medical Sciences,7,"""cancer"" +3; ""surgery"" +3; ""patients"" (generic) +1",NBK603844,2019,Patient-Centered Outcomes Research Institute (PCORI),How Often Should Patients with Lung Cancer Have Imaging Tests after Surgery?
517,2,Medical Sciences,7,"""surgery"" +3; ""cancer"" +3; ""therapy"" (generic) +1",NBK604722,2020,Patient-Centered Outcomes Research Institute (PCORI),"Comparing the Effects of Surgery, Radiation Therapy, and Active Surveillance on Men With Localized Prostate Cancer—The CEASAR Study"
518,2,Medical Sciences,7,"""gynaecological"" +3; ""cancer"" +3; ""syndrome"" (generic) +1",NBK606806,2024,National Institute for Health and Care Research,Gynaecological cancer surveillance for women with Lynch syndrome: systematic review and cost-effectiveness evaluation
519,2,Medical Sciences,7,"""cancer"" +3; ""surgery"" +3; ""patients"" (generic) +1",NBK608177,2021,Patient-Centered Outcomes Research Institute (PCORI),Comparing Two Approaches to Help Patients Manage Symptoms at Home after Cancer Surgery — The ACCESS Study
520,2,Medical Sciences,7,"""oncology"" +3; ""clinical trial"" +3; ""clinical"" (generic) +1",NBK611603,2025,Office of the Assistant Secretary for Planning and Evaluation (ASPE),Financial stress associated with oncology clinical trial participation: Issue Brief
521,2,Medical Sciences,7,"""cardiovascular"" +3; ""diabetes"" +3; ""disease"" (generic) +1",NBK615295,2025,Agency for Healthcare Research and Quality (US),"Association of Digestible Carbohydrate Intake With Cardiovascular Disease, Type 2 Diabetes, Obesity, and Body Composition"
522,2,Medical Sciences,7,"""obstetric"" +3; ""neonate"" +3; ""health"" (generic) +1",NBK618816,2025,National Institute for Health and Care Research,"Effectiveness and cost-effectiveness of community perinatal mental health services on access, experience, recovery/relapse and obstetric and neonate outcomes: the ESMI-II mixed-methods study"
523,2,Medical Sciences,7,"""carcinoma"" +3; ""surgery"" +3; ""treatment"" (generic) +1",NBK619618,2025,National Institute for Health and Care Research,Rational treatment selection for primary Merkel Cell Carcinoma: a Rational MCC RCT comparing surgery and radiotherapy with parallel observational study
524,2,Medical Sciences,7,"""surgery"" +3; ""surgical"" +3; ""treatment"" (generic) +1",NBK621207,2026,National Institute for Health and Care Research,Surgery versus non-surgical splint treatment for proximal phalanx shaft finger fractures in adults: the POINT Randomised Controlled Trial
525,2,Medical Sciences,7,"""diabetes"" +3; ""pediatric"" +3; ""patients"" (generic) +1",NBK622140,2026,Canadian Agency for Drugs and Technologies in Health,Teplizumab (Tzield): Indication: To delay the onset of stage 3 type 1 diabetes in adult and pediatric patients 8 years of age and older with stage 2 type 1 diabetes: Reimbursement Recommendation
526,2,Medical Sciences,6,"""anesthesia"" +3; ""surgery"" +3",NBK33179,2001,Agency for Healthcare Research and Quality (US),Anesthesia Management During Cataract Surgery
527,2,Medical Sciences,6,"""cancer"" +3; ""cancers"" +3",NBK55953,2010,Agency for Healthcare Research and Quality (US),Alcohol Consumption and Cancer Risk: Understanding Possible Causal Mechanisms for Breast and Colorectal Cancers
528,2,Medical Sciences,6,"""neurology"" +3; ""cardiology"" +3",NBK195659,2014,Canadian Agency for Drugs and Technologies in Health,Positron Emission Tomography in Neurology and Cardiology: A Review of Guidelines and Recommendations
529,2,Medical Sciences,6,"""tumours"" +3; ""cancer"" +3",NBK262659,2014,National Institute for Health and Care Research,KRAS mutation testing of tumours in adults with metastatic colorectal cancer: a systematic review and cost-effectiveness analysis
530,2,Medical Sciences,6,"""pathology"" +3; ""cancers"" +3",NBK285003,2013,Agency for Healthcare Research and Quality (US),Technology Assessment on Genetic Testing or Molecular Pathology Testing of Cancers with Unknown Primary Site to Determine Origin
531,2,Medical Sciences,6,"""pathology"" +3; ""cancers"" +3",NBK285410,2014,Agency for Healthcare Research and Quality (US),Technology Assessment of Molecular Pathology Testing for the Estimation of Prognosis for Common Cancers
532,2,Medical Sciences,6,"""surgery"" +3; ""surgical"" +3",NBK305565,2013,Department of Veterans Affairs (US),"Prevention of Wrong Site Surgery, Retained Surgical Items, and Surgical Fires: A Systematic Review"
533,2,Medical Sciences,6,"""cardiac"" +3; ""surgery"" +3",NBK363028,2016,National Institute for Health and Care Research,"Infant deaths in the UK community following successful cardiac surgery: building the evidence base for optimal surveillance, a mixed-methods study"
534,2,Medical Sciences,6,"""obstetric"" +3; ""surgery"" +3",NBK390252,2016,National Institute for Health and Care Research,Estimating the risk of adverse birth outcomes in pregnant women undergoing non-obstetric surgery using routinely collected NHS data: an observational study
535,2,Medical Sciences,6,"""surgery"" +3; ""cancer"" +3",NBK390272,2016,National Institute for Health and Care Research,An international randomised controlled trial to compare TARGeted Intraoperative radioTherapy (TARGIT) with conventional postoperative radiotherapy after breast-conserving surgery for women with early-stage breast cancer (the TARGIT-A trial)
536,2,Medical Sciences,6,"""surgery"" +3; ""stroke"" +3",NBK458522,2017,National Institute for Health and Care Research,The Asymptomatic Carotid Surgery Trial-2 (ACST-2): an ongoing randomised controlled trial comparing carotid endarterectomy with carotid artery stenting to prevent stroke
537,2,Medical Sciences,6,"""cardiac"" +3; ""surgical"" +3",NBK481399,2017,Department of Veterans Affairs (US),Evidence Brief: Use of Performance Measures as Criteria for Selecting Community Cardiac and Orthopedic Surgical Providers for the Veterans Choice Program
538,2,Medical Sciences,6,"""surgical"" +3; ""obstetric"" +3",NBK493344,2018,World Health Organization,WHO Recommendation on Duration of Bladder Catheterization After Surgical Repair of Simple Obstetric Urinary Fistula
539,2,Medical Sciences,6,"""gynaecological"" +3; ""cancer"" +3",NBK537696,2019,National Institute for Health and Care Research,Stepped approach to improving sexual function after gynaecological cancer: the SAFFRON feasibility RCT
540,2,Medical Sciences,6,"""lymphoma"" +3; ""cancer"" +3",NBK538919,2018,Canadian Agency for Drugs and Technologies in Health,Anaplastic Lymphoma Kinase inhibitors for Genetically Rearranged Non-Small Cell Lung Cancer: A Review of Cost-Effectiveness and Guidelines
541,2,Medical Sciences,6,"""leukemia"" +3; ""lymphoma"" +3",NBK540514,2018,Canadian Agency for Drugs and Technologies in Health,"Tisagenlecleucel for B-Cell Acute Lymphoblastic Leukemia and Diffuse Large B-Cell Lymphoma — Project Protocol, Implementation and Ethics Section"
542,2,Medical Sciences,6,"""tumour"" +3; ""cancer"" +3",NBK543152,2019,National Institute for Health and Care Research,Tumour profiling tests to guide adjuvant chemotherapy decisions in early breast cancer: a systematic review and economic analysis
543,2,Medical Sciences,6,"""surgical"" +3; ""surgery"" +3",NBK545020,2019,National Institute for Health and Care Research,Three wound-dressing strategies to reduce surgical site infection after abdominal surgery: the Bluebelle feasibility study and pilot RCT
544,2,Medical Sciences,6,"""cancer"" +3; ""surgery"" +3",NBK545817,2019,Canadian Agency for Drugs and Technologies in Health,Rural Breast Cancer Surgery Programs: A Rapid Qualitative Review
545,2,Medical Sciences,6,"""surgery"" +3; ""cancer"" +3",NBK547017,2019,National Institute for Health and Care Research,Robotic-assisted surgery compared with laparoscopic resection surgery for rectal cancer: the ROLARR RCT
546,2,Medical Sciences,6,"""cardiac"" +3; ""stroke"" +3",NBK552686,2020,National Institute for Health and Care Research,Implantable cardiac monitors to detect atrial fibrillation after cryptogenic stroke: a systematic review and economic evaluation
547,2,Medical Sciences,6,"""cancers"" +3; ""cancer"" +3",NBK554228,2019,Patient-Centered Outcomes Research Institute (PCORI),Is Breast MRI Better at Finding Second Breast Cancers than Mammograms Alone for Breast Cancer Survivors?
548,2,Medical Sciences,6,"""cancer"" +3; ""hiv"" +3",NBK556472,2025,Johns Hopkins University,Screening for Anal Dysplasia and Cancer in Adults With HIV
549,2,Medical Sciences,6,"""hypertension"" +3; ""diabetes"" +3",NBK565294,2020,Canadian Agency for Drugs and Technologies in Health,"CADTH Canadian Drug Expert Committee Recommendation: Naltrexone Hydrochloride and Bupropion Hydrochloride (Contrave — Bausch Health, Canada Inc.): Indication: An adjunct to a reduced-calorie diet and increased physical activity for chronic weight management in adults with an initial body mass index of 30 kg/m2 or greater (obese) or 27 kg/m2 or greater (overweight) in the presence of at least one weight-related comorbidity (e.g., controlled hypertension, type 2 diabetes mellitus, or dyslipidemia)"
550,2,Medical Sciences,6,"""hypertension"" +3; ""diabetes"" +3",NBK565298,2020,Canadian Agency for Drugs and Technologies in Health,"Pharmacoeconomic Review Report: Naltrexone Hydrochloride and Bupropion Hydrochloride (Contrave) (Bausch Health, Canada Inc.): Indication: An adjunct to a reduced-calorie diet and increased physical activity for chronic weight management in adults with an initial body mass index of 30 kg/m2 or greater (obese) or 27 kg/m2 or greater (overweight) in the presence of at least one weight-related comorbidity (e.g., controlled hypertension, type 2 diabetes mellitus, or dyslipidemia)"
551,2,Medical Sciences,6,"""neurologic"" +3; ""pediatric"" +3",NBK565308,2020,Canadian Agency for Drugs and Technologies in Health,"Pharmacoeconomic Review Report: Glycopyrrolate (Cuvposa) (Medexus Pharmaceuticals, Inc.): Indication: Chronic severe drooling, neurologic (pediatric)"
552,2,Medical Sciences,6,"""neurologic"" +3; ""pediatric"" +3",NBK565508,2020,Canadian Agency for Drugs and Technologies in Health,"CADTH Canadian Drug Expert Committee Recommendation: Glyopyrrolate Oral Solution (Cuvposa — Medexus Pharmaceuticals, Inc.): Indication: Chronic severe drooling, neurologic (pediatric)"
553,2,Medical Sciences,6,"""hepatitis"" +3; ""hiv"" +3",NBK570934,2024,Johns Hopkins University,Prevention and Management of Hepatitis A Virus Infection in Adults With HIV
554,2,Medical Sciences,6,"""pediatric"" +3; ""diabetes"" +3",NBK572013,2021,Canadian Agency for Drugs and Technologies in Health,Flash Glucose Monitoring Systems in Pediatric Populations With Diabetes
555,2,Medical Sciences,6,"""surgery"" +3; ""cancer"" +3",NBK575557,2020,Department of Veterans Affairs (US),Robot-assisted Surgery for Esophageal Cancer: Analysis of Short- and Long-term Outcomes
556,2,Medical Sciences,6,"""cancer"" +3; ""surgery"" +3",NBK578311,2022,National Institute for Health and Care Research,Exercise to prevent shoulder problems after breast cancer surgery: the PROSPER RCT
557,2,Medical Sciences,6,"""cancer"" +3; ""hiv"" +3",NBK579640,2022,Johns Hopkins University,Screening for Cervical Dysplasia and Cancer in Adults With HIV
558,2,Medical Sciences,6,"""surgery"" +3; ""cancer"" +3",NBK583191,2022,National Institute for Health and Care Research,Hughes abdominal closure versus standard mass closure to reduce incisional hernias following surgery for colorectal cancer: the HART RCT
559,2,Medical Sciences,6,"""hepatitis"" +3; ""hiv"" +3",NBK584516,2026,Johns Hopkins University,Prevention and Management of Hepatitis B Virus Infection in Adults With HIV
560,2,Medical Sciences,6,"""urologic"" +3; ""cancers"" +3",NBK585977,2022,Exon Publications,Urologic Cancers
561,2,Medical Sciences,6,"""cardiac"" +3; ""surgery"" +3",NBK586755,2005,The Dartmouth Institute for Health Policy and Clinical Practice,Cardiac Surgery
562,2,Medical Sciences,6,"""cancer"" +3; ""surgery"" +3",NBK588829,2023,National Institute for Health and Care Research,Centralisation of specialist cancer surgery services in two areas of England: the RESPECT-21 mixed-methods evaluation
563,2,Medical Sciences,6,"""surgeries"" +3; ""cancer"" +3",NBK595157,2020,Patient-Centered Outcomes Research Institute (PCORI),Comparing Surgeries for Women Who Have Both Cancer of the Uterus and Bladder Problems
564,2,Medical Sciences,6,"""surgery"" +3; ""anaesthesia"" +3",NBK616005,2025,National Institute for Health and Care Research,Melatonin versus midazolam in the premedication of anxious children attending for elective surgery under general anaesthesia: the MAGIC non-inferiority RCT
565,2,Medical Sciences,6,"""surgery"" +3; ""cancer"" +3",NBK618681,2020,Patient-Centered Outcomes Research Institute (PCORI),Comparing Intensity of Follow-up Tests after Surgery for Colorectal Cancer
566,2,Medical Sciences,6,"""anesthesia"" +3; ""surgery"" +3",NBK618691,2023,Patient-Centered Outcomes Research Institute (PCORI),Comparing Two Types of Anesthesia for Hip Fracture Surgery – The REGAIN Trial
567,2,Medical Sciences,6,"""tumour"" +3; ""cancer"" +3",NBK618844,2025,National Institute for Health and Care Research,Tumour profiling tests to guide adjuvant chemotherapy decisions in lymph node-positive early breast cancer: a systematic review and economic evaluation
568,2,Medical Sciences,6,"""cancer"" +3; ""surgery"" +3",NBK622208,2026,National Institute for Health and Care Research,Intraoperative Fluorescence Angiography to Prevent Anastomotic Leak in Rectal Cancer Surgery: a synopsis of the IntAct trial
569,2,Bio Technology,5,"""bioinformatics"" +3; classifier title reading agrees +2",NBK562614,2009,American Society for Microbiology,"Bioinformatics & Biodefense: Keys to Understanding Natural & Altered Pathogens: This report is based on a colloquium, sponsored by the American Academy of Microbiology, convened November 2008 in Baltimore, Maryland."
570,2,Bio Technology,5,"""bioinformatics"" +3; classifier title reading agrees +2",NBK569562,2021,Exon Publications,Bioinformatics
571,2,Medical Sciences,5,"""clinical guidelines"" +3; ""clinical"" (generic) +1; ""treatment"" (generic) +1",NBK2003,1998,"National Heart, Lung, and Blood Institute (US)","Clinical Guidelines on the Identification, Evaluation, and Treatment of Overweight and Obesity in Adults: The Evidence Report"
572,2,Medical Sciences,5,"""stroke"" +3; ""diagnosis"" (generic) +1; ""treatment"" (generic) +1",NBK33017,1999,Agency for Healthcare Research and Quality (US),Diagnosis and Treatment of Swallowing Disorders (Dysphagia) in Acute-Care Stroke Patients
573,2,Medical Sciences,5,"""epilepsy"" +3; ""diagnosed"" (generic) +1; ""patients"" (generic) +1",NBK33744,2001,Agency for Healthcare Research and Quality (US),Management of Newly Diagnosed Patients with Epilepsy: A Systematic Review of the Literature
574,2,Medical Sciences,5,"""parkinson"" +3; ""diagnosis"" (generic) +1; ""treatment"" (generic) +1",NBK36609,2003,Agency for Healthcare Research and Quality (US),Diagnosis and Treatment of Parkinson's Disease: A Systematic Review of the Literature
575,2,Medical Sciences,5,"""cancer"" +3; ""therapy"" (generic) +1; ""treatment"" (generic) +1",NBK36952,2003,Agency for Healthcare Research and Quality (US),Best-Case Series for the Use of Immuno-Augmentation Therapy and Naltrexone for the Treatment of Cancer
576,2,Medical Sciences,5,"""cardiovascular"" +3; ""treatment"" (generic) +1; ""disease"" (generic) +1",NBK37059,2003,Agency for Healthcare Research and Quality (US),"Effect of Supplemental Antioxidants Vitamin C, Vitamin E, and Coenzyme Q10 for the Prevention and Treatment of Cardiovascular Disease"
577,2,Medical Sciences,5,"""diabetes"" +3; ""syndrome"" (generic) +1; ""disease"" (generic) +1",NBK37146,2004,Agency for Healthcare Research and Quality (US),"Effects of Omega-3 Fatty Acids on Lipids and Glycemic Control in Type II Diabetes and the Metabolic Syndrome and on Inflammatory Bowel Disease, Rheumatoid Arthritis, Renal Disease, Systemic Lupus Erythematosus, and Osteoporosis"
578,2,Medical Sciences,5,"""cancer"" +3; ""care"" (generic) +1; ""diagnosis"" (generic) +1",NBK38063,2006,Agency for Healthcare Research and Quality (US),Cancer Care Quality Measures: Diagnosis and Treatment of Colorectal Cancer
579,2,Medical Sciences,5,"""cancer"" +3; ""clinical"" (generic) +1; ""care"" (generic) +1",NBK38760,2009,Agency for Healthcare Research and Quality (US),Clinical Utility of Cancer Family History Collection in Primary Care
580,2,Medical Sciences,5,"""cardiovascular"" +3; ""therapy"" (generic) +1; ""disease"" (generic) +1",NBK42645,2002,Agency for Healthcare Research and Quality (US),Postmenopausal Hormone Replacement Therapy and Cardiovascular Disease
581,2,Medical Sciences,5,"""cancer"" +3; ""patients"" (generic) +1; ""treatment"" (generic) +1",NBK42982,2006,Agency for Healthcare Research and Quality (US),Comparative Effectiveness of Epoetin and Darbepoetin for Managing Anemia in Patients Undergoing Cancer Treatment
582,2,Medical Sciences,5,"""cardiovascular"" +3; ""healthful"" (generic) +1; ""disease"" (generic) +1",NBK51030,2010,Agency for Healthcare Research and Quality (US),Behavioral Counseling to Promote Physical Activity and a Healthful Diet to Prevent Cardiovascular Disease in Adults: Update of the Evidence for the U.S. Preventive Services Task Force
583,2,Medical Sciences,5,"""clinical guidelines"" +3; ""clinical"" (generic) +1; ""treatment"" (generic) +1",NBK64245,2004,Substance Abuse and Mental Health Services Administration (US),Clinical Guidelines for the Use of Buprenorphine in the Treatment of Opioid Addiction
584,2,Medical Sciences,5,"""epilepsy"" +3; ""medications"" (generic) +1; ""patients"" (generic) +1",NBK83937,2011,Agency for Healthcare Research and Quality (US),Effectiveness and Safety of Antiepileptic Medications in Patients With Epilepsy
585,2,Medical Sciences,5,"""alzheimer"" +3; ""treatment"" (generic) +1; ""disease"" (generic) +1",NBK98889,2012,National Institute for Health and Care Research,"The Effectiveness and Cost-Effectiveness of Donepezil, Galantamine, Rivastigmine and Memantine for the Treatment of Alzheimer's Disease (Review of Technology Appraisal No. 111): A Systematic Review and Economic Model"
586,2,Medical Sciences,5,"""tumours"" +3; ""clinical"" (generic) +1; ""treatment"" (generic) +1",NBK99517,2011,National Institute for Health and Care Research,Clinical Effectiveness and Cost-Effectiveness of Imatinib Dose Escalation for the Treatment of Unresectable and/or Metastatic Gastrointestinal Stromal Tumours that have Progressed on Treatment at a Dose of 400 Mg/Day: A Systematic Review and Economic Evaluation
587,2,Medical Sciences,5,"""cancer"" +3; ""clinical"" (generic) +1; ""treatment"" (generic) +1",NBK100084,2011,National Institute for Health and Care Research,"The Clinical Effectiveness and Cost-Effectiveness of Different Surveillance Mammography Regimens After the Treatment for Primary Breast Cancer: Systematic Reviews, Registry Database Analyses and Economic Evaluation"
588,2,Medical Sciences,5,"""stroke"" +3; ""clinical"" (generic) +1; ""disease"" (generic) +1",NBK115676,2012,National Institute for Health and Care Research,The Clinical Effectiveness and Cost-Effectiveness of Primary Stroke Prevention in Children with Sickle Cell Disease: A Systematic Review and Economic Evaluation
589,2,Medical Sciences,5,"""hepatitis"" +3; ""patient"" (generic) +1; ""treatment"" (generic) +1",NBK116470,2012,Agency for Healthcare Research and Quality (US),Interventions to Improve Patient Adherence to Hepatitis C Treatment: Comparative Effectiveness
590,2,Medical Sciences,5,"""surgery"" +3; ""patients"" (generic) +1; ""clinical"" (generic) +1",NBK127537,2012,National Institute for Health and Care Research,"What is the Value of Routinely Testing Full Blood Count, Electrolytes and Urea, and Pulmonary Function Tests Before Elective Surgery in Patients with No Apparent Clinical Indication and in Subgroups of Patients with Common Comorbidities: A Systematic Review of the Clinical and Cost-Effective Literature"
591,2,Medical Sciences,5,"""diabetic"" +3; ""care"" (generic) +1; ""therapies"" (generic) +1",NBK132238,2012,Department of Veterans Affairs (US),"Advanced Wound Care Therapies for Non-Healing Diabetic, Venous, and Arterial Ulcers: A Systematic Review"
592,2,Medical Sciences,5,"""cancer"" +3; ""patients"" (generic) +1; ""treatment"" (generic) +1",NBK143013,2013,Agency for Healthcare Research and Quality (US),Epoetin and Darbepoetin for Managing Anemia in Patients Undergoing Cancer Treatment: Comparative Effectiveness Update
593,2,Medical Sciences,5,"""asthma"" +3; ""health"" (generic) +1; ""care"" (generic) +1",NBK144097,2013,Agency for Healthcare Research and Quality (US),Interventions to Modify Health Care Provider Adherence to Asthma Guidelines
594,2,Medical Sciences,5,"""cancer"" +3; ""patient"" (generic) +1; ""disorders"" (generic) +1",NBK148475,2013,Department of Veterans Affairs (US),Effectiveness of Family and Caregiver Interventions on Patient Outcomes Among Adults with Cancer or Memory-Related Disorders: A Systematic Review
595,2,Medical Sciences,5,"""cardiac"" +3; ""diagnosis"" (generic) +1; ""syndrome"" (generic) +1",NBK168953,2013,Canadian Agency for Drugs and Technologies in Health,High-Sensitivity Cardiac Troponin for the Rapid Diagnosis of Acute Coronary Syndrome in the Emergency Department: A Clinical and Cost-Effectiveness Evaluation
596,2,Medical Sciences,5,"""stroke"" +3; ""diagnosis"" (generic) +1; ""clinical"" (generic) +1",NBK195113,2013,Canadian Agency for Drugs and Technologies in Health,Appropriateness of CT Imaging to Support the Diagnosis of Stroke: A Review of the Clinical Evidence
597,2,Medical Sciences,5,"""diabetes"" +3; ""care"" (generic) +1; ""clinical"" (generic) +1",NBK195166,2013,Canadian Agency for Drugs and Technologies in Health,Delivery of Podiatry Care for Adults with Diabetes or Chronic Foot Conditions: A Review of the Clinical Effectiveness
598,2,Medical Sciences,5,"""diabetes"" +3; ""patients"" (generic) +1; ""therapy"" (generic) +1",NBK195493,2013,Canadian Agency for Drugs and Technologies in Health,"Saxagliptin (Onglyza): Indicated in Patients with Type 2 Diabetes Mellitus to Improve Glycemic Control in Combination with Metformin and a Sulfonylurea when Dual Therapy with these Two Agents, with Diet and Exercise, does not Provide Adequate Glycemic Control"
599,2,Medical Sciences,5,"""stroke"" +3; ""diagnosis"" (generic) +1; ""clinical"" (generic) +1",NBK195793,2013,Canadian Agency for Drugs and Technologies in Health,Computed Tomography Angiography versus Computed Tomography for the Diagnosis and Management of Hyperacute Stroke: A Review of Comparative Clinical Evidence and Guidelines
600,2,Medical Sciences,5,"""stroke"" +3; ""diagnosis"" (generic) +1; ""clinical"" (generic) +1",NBK195829,2013,Canadian Agency for Drugs and Technologies in Health,Technologies Assisting in Remote Consultations for the Diagnosis of Stroke: A Review of the Clinical Evidence
601,2,Medical Sciences,5,"""cardiac"" +3; ""diagnostic"" (generic) +1; ""patients"" (generic) +1",NBK241525,2014,Agency for Healthcare Research and Quality (US),Cardiac Troponins Used as Diagnostic and Prognostic Tests in Patients With Kidney Disease
602,2,Medical Sciences,5,"""cardiovascular"" +3; ""healthy"" (generic) +1; ""disease"" (generic) +1",NBK241537,2014,Agency for Healthcare Research and Quality (US),Behavioral Counseling to Promote a Healthy Lifestyle for Cardiovascular Disease Prevention in Persons With Cardiovascular Risk Factors: An Updated Systematic Evidence Review for the U.S. Preventive Services Task Force
603,2,Medical Sciences,5,"""diabetic"" +3; ""health"" (generic) +1; ""patients"" (generic) +1",NBK248340,2012,Agency for Healthcare Research and Quality (US),Measuring Health-Related Quality of Life for Patients with Diabetic Retinopathy
604,2,Medical Sciences,5,"""cancer"" +3; ""patients"" (generic) +1; ""clinical"" (generic) +1",NBK253375,2014,Canadian Agency for Drugs and Technologies in Health,"The Use of the Electromotive Drug Administration System in Patients with Superficial Bladder Cancer: A Review of the Clinical Effectiveness, Safety, and Cost-Effectiveness"
605,2,Medical Sciences,5,"""cardiovascular"" +3; ""therapy"" (generic) +1; ""patients"" (generic) +1",NBK253428,2014,Canadian Agency for Drugs and Technologies in Health,Eplerenone (Inspra) (25 mg Tablet and 50 mg Tablet): As an Adjunct to Standard Therapy to Reduce the Risk of Cardiovascular Mortality and Hospitalization for Heart Failure in Patients With NYHA Class II Systolic Chronic Heart Failure and Left Ventricular Systolic Dysfunction
606,2,Medical Sciences,5,"""diabetic"" +3; ""therapy"" (generic) +1; ""clinical"" (generic) +1",NBK253654,2014,Canadian Agency for Drugs and Technologies in Health,"Compression Therapy in Diabetic Foot Ulcer Management: A Review of Clinical Effectiveness, Cost-effectiveness and Guidelines"
607,2,Medical Sciences,5,"""hepatitis"" +3; ""treatment"" (generic) +1; ""patients"" (generic) +1",NBK253709,2014,Canadian Agency for Drugs and Technologies in Health,"Sofosbuvir (Sovaldi): Sofosbuvir is Indicated for the Treatment of Chronic Hepatitis C Virus (CHC) Infection in Adult Patients With Compensated Liver Disease, Including Cirrhosis"
608,2,Medical Sciences,5,"""hypertension"" +3; ""therapy"" (generic) +1; ""clinical"" (generic) +1",NBK253756,2014,Canadian Agency for Drugs and Technologies in Health,Drug Therapy for Chronic Thromboembolic Pulmonary Hypertension: A Review of the Comparative Clinical Effectiveness
609,2,Medical Sciences,5,"""diabetic"" +3; ""therapy"" (generic) +1; ""clinical"" (generic) +1",NBK253784,2014,Canadian Agency for Drugs and Technologies in Health,"Negative Pressure Wound Therapy for Managing Diabetic Foot Ulcers: A Review of the Clinical Effectiveness, Cost-effectiveness, and Guidelines"
610,2,Medical Sciences,5,"""cancer"" +3; ""patients"" (generic) +1; ""clinical"" (generic) +1",NBK253809,2014,Canadian Agency for Drugs and Technologies in Health,Nasogastric Feeding Tubes versus Percutaneous Endoscopic Gastrostomy for Patients with Head or Neck Cancer: A Review of Clinical Effectiveness and Guidelines
611,2,Medical Sciences,5,"""diabetes"" +3; ""care"" (generic) +1; ""patients"" (generic) +1",NBK258709,2014,Canadian Agency for Drugs and Technologies in Health,Obesity Interventions Delivered in Primary Care for Patients with Diabetes: A Review of Clinical Effectiveness
612,2,Medical Sciences,5,"""cardiac"" +3; ""therapeutic"" (generic) +1; ""patients"" (generic) +1",NBK258763,2007,Agency for Healthcare Research and Quality (US),Esophageal Doppler Ultrasound-Based Cardiac Output Monitoring for Real-Time Therapeutic Management of Hospitalized Patients: A Review
613,2,Medical Sciences,5,"""diabetes"" +3; ""medicare"" (generic) +1; ""patients"" (generic) +1",NBK258777,2007,Agency for Healthcare Research and Quality (US),Applicability of the Evidence Regarding Intensive Glycemic Control and Self-Monitored Blood Glucose to Medicare Patients with Type 2 Diabetes
614,2,Medical Sciences,5,"""cancer"" +3; ""clinical"" (generic) +1; ""patients"" (generic) +1",NBK260344,2013,National Institute for Health and Care Research,Clinical effectiveness of first-line chemoradiation for adult patients with locally advanced non-small cell lung cancer: a systematic review
615,2,Medical Sciences,5,"""cancer"" +3; ""clinical"" (generic) +1; ""treatment"" (generic) +1",NBK260485,2013,National Institute for Health and Care Research,"The clinical effectiveness and cost-effectiveness of cetuximab (mono- or combination chemotherapy), bevacizumab (combination with non-oxaliplatin chemotherapy) and panitumumab (monotherapy) for the treatment of metastatic colorectal cancer after first-line chemotherapy (review of technology appraisal No. 150 and part review of technology appraisal No. 118): a systematic review and economic model"
616,2,Medical Sciences,5,"""surgery"" +3; ""diagnostic"" (generic) +1; ""patients"" (generic) +1",NBK260543,2013,National Institute for Health and Care Research,The diagnostic utility and cost-effectiveness of selective nerve root blocks in patients considered for lumbar decompression surgery: a systematic review and economic model
617,2,Medical Sciences,5,"""surgery"" +3; ""clinical"" (generic) +1; ""medical"" (generic) +1",NBK260643,2013,National Institute for Health and Care Research,Clinical and economic evaluation of laparoscopic surgery compared with medical management for gastro-oesophageal reflux disease: 5-year follow-up of multicentre randomised trial (the REFLUX trial)
618,2,Medical Sciences,5,"""tumours"" +3; ""clinical"" (generic) +1; ""treatment"" (generic) +1",NBK260765,2013,National Institute for Health and Care Research,"Systematic review of the clinical effectiveness and cost-effectiveness, and economic evaluation, of denosumab for the treatment of bone metastases from solid tumours"
619,2,Medical Sciences,5,"""cancer"" +3; ""clinical"" (generic) +1; ""patients"" (generic) +1",NBK260819,2015,National Institute for Health and Care Research,Clinical effectiveness and cost-effectiveness of first-line chemotherapy for adult patients with locally advanced or metastatic non-small cell lung cancer: a systematic review and economic evaluation
620,2,Medical Sciences,5,"""clinical guidelines"" +3; ""diagnostic"" (generic) +1; ""treatment"" (generic) +1",NBK261347,2013,National Institute for Health and Care Research,Economic modelling of diagnostic and treatment pathways in National Institute for Health and Care Excellence clinical guidelines: the Modelling Algorithm Pathways in Guidelines (MAPGuide) project
621,2,Medical Sciences,5,"""diabetes"" +3; ""disease"" (generic) +1; ""treatment"" (generic) +1",NBK261692,2014,National Institute for Health and Care Research,"Optimal strategies for identifying kidney disease in diabetes: properties of screening tests, progression of renal dysfunction and impact of treatment – systematic review and modelling of progression and cost-effectiveness"
622,2,Medical Sciences,5,"""cardiac"" +3; ""treatment"" (generic) +1; ""therapy"" (generic) +1",NBK262482,2014,National Institute for Health and Care Research,Implantable cardioverter defibrillators for the treatment of arrhythmias and cardiac resynchronisation therapy for the treatment of heart failure: systematic review and economic evaluation
623,2,Medical Sciences,5,"""hepatitis"" +3; ""clinical"" (generic) +1; ""treatment"" (generic) +1",NBK262637,2014,National Institute for Health and Care Research,The clinical effectiveness and cost-effectiveness of peginterferon alfa and ribavirin for the treatment of chronic hepatitis C in children and young people: a systematic review and economic evaluation
624,2,Medical Sciences,5,"""tumour"" +3; ""therapy"" (generic) +1; ""disease"" (generic) +1",NBK262675,2014,National Institute for Health and Care Research,Randomised controlled trial of Tumour necrosis factor inhibitors Against Combination Intensive Therapy with conventional disease-modifying antirheumatic drugs in established rheumatoid arthritis: the TACIT trial and associated systematic reviews
625,2,Medical Sciences,5,"""psychiatric"" +3; ""diagnosing"" (generic) +1; ""disorders"" (generic) +1",NBK263327,2014,Canadian Agency for Drugs and Technologies in Health,Brain Electrical Activity Mapping for Diagnosing Psychiatric Disorders: A Review of the Clinical Evidence
626,2,Medical Sciences,5,"""hepatitis"" +3; ""therapy"" (generic) +1; ""clinical"" (generic) +1",NBK264036,2014,Canadian Agency for Drugs and Technologies in Health,Triple Therapy for Hepatitis C in Previous Non-responders: A Review of the Clinical Effectiveness and Safety
627,2,Medical Sciences,5,"""tuberculosis"" +3; ""patient"" (generic) +1; ""clinical"" (generic) +1",NBK264105,2014,Canadian Agency for Drugs and Technologies in Health,Contact Investigations following Patient and Staff Exposure to Active Tuberculosis Infections: A Review of the Clinical Evidence and Guidelines
628,2,Medical Sciences,5,"""surgical"" +3; ""patients"" (generic) +1; ""clinical"" (generic) +1",NBK264215,2014,Canadian Agency for Drugs and Technologies in Health,"Bariatric Surgical Procedures for Obese and Morbidly Obese Patients: A Review of Comparative Clinical and Cost-Effectiveness, and Guidelines"
629,2,Medical Sciences,5,"""anesthetic"" +3; ""treatment"" (generic) +1; ""clinical"" (generic) +1",NBK264242,2014,Canadian Agency for Drugs and Technologies in Health,Anesthetic Injections Into the Stellate Ganglion for the Treatment of Hot Flashes in Women: A Review of Clinical and Cost-Effectiveness and Guidelines
630,2,Medical Sciences,5,"""stroke"" +3; ""patients"" (generic) +1; ""clinical"" (generic) +1",NBK268748,2014,Canadian Agency for Drugs and Technologies in Health,Loop Recorders to Detect Atrial Arrhythmias in Patients Post-discharge who have had a Cryptogenic Stroke: A Review of Clinical and Cost-effectiveness
631,2,Medical Sciences,5,"""stroke"" +3; ""patient"" (generic) +1; ""care"" (generic) +1",NBK269113,2014,National Institute for Health and Care Research,Development and evaluation of tools and an intervention to improve patient- and carer-centred outcomes in Longer-Term Stroke care and exploration of adjustment post stroke: the LoTS care research programme
632,2,Medical Sciences,5,"""cancer"" +3; ""patients"" (generic) +1; ""clinical"" (generic) +1",NBK269415,2015,Canadian Agency for Drugs and Technologies in Health,Immediate Osseointegrated Implants for Cancer Patients: A Review of Clinical and Cost-Effectiveness
633,2,Medical Sciences,5,"""cancer"" +3; ""patients"" (generic) +1; ""clinical"" (generic) +1",NBK274027,2014,Canadian Agency for Drugs and Technologies in Health,Nutritional Supplementation for Patients with Cancer: A Review of the Clinical Effectiveness and Guidelines
634,2,Medical Sciences,5,"""stroke"" +3; ""patients"" (generic) +1; ""care"" (generic) +1",NBK279784,2015,National Institute for Health and Care Research,"Identifying Continence OptioNs after Stroke (ICONS): an evidence synthesis, case study and exploratory cluster randomised controlled trial of the introduction of a systematic voiding programme for patients with urinary incontinence after stroke in secondary care"
635,2,Medical Sciences,5,"""asthma"" +3; ""treatment"" (generic) +1; ""clinical"" (generic) +1",NBK280029,2015,Canadian Agency for Drugs and Technologies in Health,"Omalizumab Treatment for Adults and Children with Allergic Asthma: A Review of the Clinical Effectiveness, Cost-Effectiveness, and Guidelines"
636,2,Medical Sciences,5,"""surgical"" +3; ""clinical"" (generic) +1; ""treatment"" (generic) +1",NBK280155,2015,National Institute for Health and Care Research,The ProFHER (PROximal Fracture of the Humerus: Evaluation by Randomisation) trial – a pragmatic multicentre randomised controlled trial evaluating the clinical effectiveness and cost-effectiveness of surgical compared with non-surgical treatment for proximal fracture of the humerus in adults
637,2,Medical Sciences,5,"""cancer"" +3; ""therapies"" (generic) +1; ""treatment"" (generic) +1",NBK285016,2010,Agency for Healthcare Research and Quality (US),Report on the Evidence Regarding Off-Label Indications for Targeted Therapies used in Cancer Treatment
638,2,Medical Sciences,5,"""diabetes"" +3; ""therapies"" (generic) +1; ""treatment"" (generic) +1",NBK285026,2004,Agency for Healthcare Research and Quality (US),Use of Behavioral Therapies for Treatment of Medical Disorders: Part 1 – Impact on Management of Patients with Diabetes Mellitus
639,2,Medical Sciences,5,"""clinical practice"" +3; ""clinical"" (generic) +1; ""health"" (generic) +1",NBK285258,2015,National Institute for Health and Care Research,"Using clinical practice variations as a method for commissioners and clinicians to identify and prioritise opportunities for disinvestment in health care: a cross-sectional study, systematic reviews and qualitative study"
640,2,Medical Sciences,5,"""alzheimer"" +3; ""diagnosis"" (generic) +1; ""disease"" (generic) +1",NBK285444,2012,Swedish Agency for Health Technology Assessment and Assessment of Social Services (SBU),Blood Test for Early Diagnosis of Alzheimer's Disease
641,2,Medical Sciences,5,"""cancer"" +3; ""therapy"" (generic) +1; ""medicare"" (generic) +1",NBK285916,2005,Agency for Healthcare Research and Quality (US),"The Relative Efficacy of Oral Cancer Therapy for Medicare Beneficiaries Versus Currently Covered Therapy: Part 1, Gefitinib and Erlotinib for Non-Small Cell Lung Cancer"
642,2,Medical Sciences,5,"""cancer"" +3; ""therapy"" (generic) +1; ""medicare"" (generic) +1",NBK293629,2005,Agency for Healthcare Research and Quality (US),Report on the Relative Efficacy of Oral Cancer Therapy for Medicare Beneficiaries Versus Currently Covered Therapy: Part 4 Thalidomide for Multiple Myeloma
643,2,Medical Sciences,5,"""geriatric"" +3; ""medical"" (generic) +1; ""health"" (generic) +1",NBK293738,2015,National Institute for Health and Care Research,"Medical Crises in Older People: cohort study of older people attending acute medical units, developmental work and randomised controlled trial of a specialist geriatric medical intervention for high-risk older people; cohort study of older people with mental health problems admitted to hospital, developmental work and randomised controlled trial of a specialist medical and mental health unit for general hospital patients with delirium and dementia; and cohort study of residents of care homes and interview study of health-care provision to residents of care homes"
644,2,Medical Sciences,5,"""critical care"" +3; ""health"" (generic) +1; ""care"" (generic) +1",NBK293845,2015,National Institute for Health and Care Research,Rapid detection of health-care-associated bloodstream infection in critical care using multipathogen real-time polymerase chain reaction technology: a diagnostic accuracy study and systematic review
645,2,Medical Sciences,5,"""cardiovascular"" +3; ""patients"" (generic) +1; ""disease"" (generic) +1",NBK294169,2015,National Institute for Health and Care Research,The prognostic utility of tests of platelet function for the detection of ‘aspirin resistance' in patients with established cardiovascular or cerebrovascular disease: a systematic review and economic evaluation
646,2,Medical Sciences,5,"""surgical"" +3; ""therapy"" (generic) +1; ""clinical"" (generic) +1",NBK298887,2015,Canadian Agency for Drugs and Technologies in Health,"Electroconvulsive Therapy Performed Outside of Surgical Suites: A Review of the Clinical Effectiveness, Safety, and Guidelines"
647,2,Medical Sciences,5,"""alzheimer"" +3; ""diagnosis"" (generic) +1; ""disease"" (generic) +1",NBK299262,2001,Agency for Healthcare Research and Quality (US),Use of Positron Emission Tomography and Other Neuroimaging Techniques in the Diagnosis and Management of Alzheimer's Disease and Dementia
648,2,Medical Sciences,5,"""surgery"" +3; ""patients"" (generic) +1; ""clinical"" (generic) +1",NBK304466,2015,Canadian Agency for Drugs and Technologies in Health,"Direct Lateral Interbody Fusion in Patients Requiring Surgery for Spinal Instability: A Review of the Comparative Clinical and Cost-Effectiveness, and Guidelines"
649,2,Medical Sciences,5,"""cardiac"" +3; ""patients"" (generic) +1; ""care"" (generic) +1",NBK304491,2015,Canadian Agency for Drugs and Technologies in Health,"Telehealth for the Assessment and Follow-up of Patients Requiring Cardiac Care: A Review of the Clinical Effectiveness, Cost-Effectiveness, and Guidelines"
650,2,Medical Sciences,5,"""hepatitis"" +3; ""diagnosis"" (generic) +1; ""patients"" (generic) +1",NBK304548,2015,Canadian Agency for Drugs and Technologies in Health,"Non-Invasive Methods for Diagnosis and Monitoring of Liver Fibrosis in Patients with Chronic Hepatitis B and C: A Review of Diagnostic Accuracy, Clinical Effectiveness, Cost-Effectiveness and Guidelines"
651,2,Medical Sciences,5,"""pediatric"" +3; ""patients"" (generic) +1; ""disorder"" (generic) +1",NBK304599,2015,Canadian Agency for Drugs and Technologies in Health,Second Generation Antidepressants for Pediatric Patients with Major Depressive Disorder and Anxiety Disorder: A Review of the Clinical Effectiveness and Safety
652,2,Medical Sciences,5,"""neonatal"" +3; ""disease"" (generic) +1; ""clinical"" (generic) +1",NBK304680,2015,Canadian Agency for Drugs and Technologies in Health,"Neonatal Vitamin K Administration for the Prevention of Hemorrhagic Disease: A Review of the Clinical Effectiveness, Comparative Effectiveness, and Guideline"
653,2,Medical Sciences,5,"""anesthesia"" +3; ""diagnostic"" (generic) +1; ""clinical"" (generic) +1",NBK304719,2015,Canadian Agency for Drugs and Technologies in Health,Sedation and Anesthesia Options for Diagnostic Procedures: A Review of Clinical Effectiveness and Guidelines
654,2,Medical Sciences,5,"""diabetic"" +3; ""treatment"" (generic) +1; ""therapies"" (generic) +1",NBK305092,2015,National Institute for Health and Care Research,Pan-retinal photocoagulation and other forms of laser treatment and drug therapies for non-proliferative diabetic retinopathy: systematic review and economic evaluation
655,2,Medical Sciences,5,"""cancer"" +3; ""diagnosis"" (generic) +1; ""patients"" (generic) +1",NBK305287,2015,National Institute for Health and Care Research,Computed tomographic colonography compared with colonoscopy or barium enema for diagnosis of colorectal cancer in older symptomatic patients: two multicentre randomised trials with economic evaluation (the SIGGAR trials)
656,2,Medical Sciences,5,"""clinical examination"" +3; ""diagnostic"" (generic) +1; ""clinical"" (generic) +1",NBK310283,2015,National Institute for Health and Care Research,"Diagnostic accuracy of the Thessaly test, standardised clinical history and other clinical examination tests (Apley's, McMurray's and joint line tenderness) for meniscal tears in comparison with magnetic resonance imaging diagnosis"
657,2,Medical Sciences,5,"""cardiac"" +3; ""therapy"" (generic) +1; ""medicare"" (generic) +1",NBK310317,2015,Agency for Healthcare Research and Quality (US),Use of Cardiac Resynchronization Therapy in the Medicare Population
658,2,Medical Sciences,5,"""diabetes"" +3; ""patients"" (generic) +1; ""clinical"" (generic) +1",NBK315876,2015,Canadian Agency for Drugs and Technologies in Health,"Glyburide, Gliclazide or Glimepiride for Elderly Patients with Type 2 Diabetes: A Review of the Clinical Effectiveness and Safety - An Update"
659,2,Medical Sciences,5,"""pediatric"" +3; ""patients"" (generic) +1; ""clinical"" (generic) +1",NBK315902,2015,Canadian Agency for Drugs and Technologies in Health,Changing Total Parenteral Nutrition Tubes in Pediatric in-Hospital Patients: A Review of Clinical Effectiveness and Guidelines
660,2,Medical Sciences,5,"""clinical trials"" +3; ""patient"" (generic) +1; ""clinical"" (generic) +1",NBK316049,2015,National Institute for Health and Care Research,An evidence base to optimise methods for involving patient and public contributors in clinical trials: a mixed-methods study
661,2,Medical Sciences,5,"""cancer"" +3; ""patients"" (generic) +1; ""clinical"" (generic) +1",NBK321472,2015,Canadian Agency for Drugs and Technologies in Health,Mismatch Repair Deficiency Testing for Patients with Colorectal Cancer: A Clinical and Cost-Effectiveness Evaluation
662,2,Medical Sciences,5,"""stroke"" +3; ""patients"" (generic) +1; ""clinical"" (generic) +1",NBK321490,2015,Canadian Agency for Drugs and Technologies in Health,Monitoring for Atrial Fibrillation in Discharged Stroke and Transient Ischemic Attack Patients: A Clinical and Cost-Effectiveness Analysis and Review of Patient Preferences
663,2,Medical Sciences,5,"""cancer"" +3; ""clinical"" (generic) +1; ""health"" (generic) +1",NBK321910,2015,National Institute for Health and Care Research,The clinical effectiveness and cost-effectiveness of the PROGENSA® prostate cancer antigen 3 assay and the Prostate Health Index in the diagnosis of prostate cancer: a systematic review and economic evaluation
664,2,Medical Sciences,5,"""surgical"" +3; ""patient"" (generic) +1; ""clinical"" (generic) +1",NBK326768,2015,Canadian Agency for Drugs and Technologies in Health,"Pooled Referral Systems for the Management of Surgical Patient Flow: A Review of Clinical Effectiveness, Cost-Effectiveness, and Guidelines"
665,2,Medical Sciences,5,"""oncology"" +3; ""patients"" (generic) +1; ""clinical"" (generic) +1",NBK326866,2015,Canadian Agency for Drugs and Technologies in Health,Contact Isolation Precautions for Ambulatory Oncology Patients Positive for Antibiotic Resistant Organisms: A Review of Clinical Effectiveness and Guidelines
666,2,Medical Sciences,5,"""stroke"" +3; ""therapy"" (generic) +1; ""patients"" (generic) +1",NBK327008,2015,Canadian Agency for Drugs and Technologies in Health,Endovascular Therapy for Patients with Ischemic Stroke: A Review of the Clinical and Cost-Effectiveness and Guidelines
667,2,Medical Sciences,5,"""cancer"" +3; ""diagnosis"" (generic) +1; ""treatment"" (generic) +1",NBK330472,2015,Agency for Healthcare Research and Quality (US),Emerging Approaches to Diagnosis and Treatment of Non–Muscle-Invasive Bladder Cancer
668,2,Medical Sciences,5,"""surgical"" +3; ""medical"" (generic) +1; ""patients"" (generic) +1",NBK333230,2015,Department of Veterans Affairs (US),Effectiveness of Intermittent Pneumatic Compression Devices for Venous Thromboembolism Prophylaxis in High-risk Surgical and Medical Patients
669,2,Medical Sciences,5,"""cardiovascular"" +3; ""patients"" (generic) +1; ""disease"" (generic) +1",NBK333649,2015,National Institute for Health and Care Research,Optimal strategies for monitoring lipid levels in patients at risk or with cardiovascular disease: a systematic review with statistical and cost-effectiveness modelling
670,2,Medical Sciences,5,"""cancer"" +3; ""care"" (generic) +1; ""treatment"" (generic) +1",NBK343774,2016,National Institute for Health and Care Research,OPTIMA prelim: a randomised feasibility study of personalised care in the treatment of women with early breast cancer
671,2,Medical Sciences,5,"""stroke"" +3; ""therapy"" (generic) +1; ""care"" (generic) +1",NBK344513,2016,National Institute for Health and Care Research,An Occupational Therapy intervention for residents with stroke-related disabilities in UK Care Homes (OTCH): cluster randomised controlled trial with economic evaluation
672,2,Medical Sciences,5,"""psychiatric"" +3; ""treatment"" (generic) +1; ""clinical"" (generic) +1",NBK349689,2015,Canadian Agency for Drugs and Technologies in Health,"Telehealth Services for the Treatment of Psychiatric Issues: Clinical Effectiveness, Safety, and Guidelines"
673,2,Medical Sciences,5,"""cardiac"" +3; ""patients"" (generic) +1; ""clinical"" (generic) +1",NBK349830,2015,Canadian Agency for Drugs and Technologies in Health,Cardiopulmonary Resuscitation Feedback Devices for Adult Patients in Cardiac Arrest: A Review of Clinical Effectiveness and Guidelines
674,2,Medical Sciences,5,"""cancer"" +3; ""clinical"" (generic) +1; ""diagnostic"" (generic) +1",NBK350016,2015,Canadian Agency for Drugs and Technologies in Health,"Low-Dose Computed Tomography for Lung Cancer Screening: A Review of the Clinical Effectiveness, Diagnostic Accuracy, Cost-Effectiveness, and Guidelines"
675,2,Medical Sciences,5,"""infectious diseases"" +3; ""care"" (generic) +1; ""diseases"" (generic) +1",NBK355664,2016,Canadian Agency for Drugs and Technologies in Health,"Point-of-Care Tests for Infectious Diseases: A Review of Clinical and Cost-Effectiveness, and Guidelines"
676,2,Medical Sciences,5,"""pediatric"" +3; ""patients"" (generic) +1; ""clinical"" (generic) +1",NBK355703,2016,Canadian Agency for Drugs and Technologies in Health,"Antipsychotics for Pediatric Patients: A Review of the Clinical Effectiveness, Safety, and Guidelines"
677,2,Medical Sciences,5,"""cardiovascular"" +3; ""care"" (generic) +1; ""health"" (generic) +1",NBK361065,2016,National Institute for Health and Care Research,Equity of utilisation of cardiovascular care and mental health services in England: a cohort-based cross-sectional study using small-area estimation
678,2,Medical Sciences,5,"""cardiac"" +3; ""diagnosis"" (generic) +1; ""syndrome"" (generic) +1",NBK361793,2012,Canadian Agency for Drugs and Technologies in Health,High-Sensitivity Cardiac Troponin for the Rapid Diagnosis of Acute Coronary Syndrome in the Emergency Department: A Clinical and Cost-Effectiveness Evaluation: Protocol
679,2,Medical Sciences,5,"""neurological"" +3; ""disorders"" (generic) +1; ""disease"" (generic) +1",NBK361945,2016,The International Bank for Reconstruction and Development / The World Bank,"Mental, Neurological, and Substance Use Disorders: Disease Control Priorities, Third Edition (Volume 4)"
680,2,Medical Sciences,5,"""diabetes"" +3; ""therapy"" (generic) +1; ""patients"" (generic) +1",NBK361988,2013,Canadian Agency for Drugs and Technologies in Health,Optimal Use Recommendations for Second- and Third-Line Therapy for Patients With Type 2 Diabetes
681,2,Medical Sciences,5,"""hepatitis"" +3; ""diagnosis"" (generic) +1; ""patients"" (generic) +1",NBK362186,2016,Canadian Agency for Drugs and Technologies in Health,"Acoustic Radiation Force Impulse Imaging for Diagnosis and Monitoring of Liver Fibrosis in Patients with Hepatitis C: A Review of Diagnostic Accuracy, Clinical Effectiveness, Cost-Effectiveness, and Guidelines"
682,2,Medical Sciences,5,"""critical care"" +3; ""care"" (generic) +1; ""clinical"" (generic) +1",NBK362245,2016,Canadian Agency for Drugs and Technologies in Health,Chlorhexidine Gluconate Wipes for Infection Prevention in Acute and Critical Care: A Review of Clinical Effectiveness and Cost-Effectiveness
683,2,Medical Sciences,5,"""stroke"" +3; ""patients"" (generic) +1; ""clinical"" (generic) +1",NBK362776,2016,Canadian Agency for Drugs and Technologies in Health,Monitoring for Atrial Fibrillation in Discharged Stroke and Transient Ischemic Attack Patients: A Clinical and Cost-Effectiveness Analysis and Review of Patient Preferences
684,2,Medical Sciences,5,"""cardiac"" +3; ""care"" (generic) +1; ""patients"" (generic) +1",NBK362805,2015,Canadian Agency for Drugs and Technologies in Health,Point-of-Care Cardiac Troponin Testing in Patients With Symptoms Suggestive of Acute Coronary Syndrome – Project Protocol
685,2,Medical Sciences,5,"""intensive care"" +3; ""patients"" (generic) +1; ""care"" (generic) +1",NBK373775,2014,National Institute for Health and Care Research,Selective decontamination of the digestive tract in critically ill patients treated in intensive care units: a mixed-methods feasibility study (the SuDDICU study)
686,2,Medical Sciences,5,"""clinical trials"" +3; ""patient"" (generic) +1; ""clinical"" (generic) +1",NBK374222,2016,National Institute for Health and Care Research,Identifying back pain subgroups: developing and applying approaches using individual patient data collected within clinical trials
687,2,Medical Sciences,5,"""surgery"" +3; ""treatment"" (generic) +1; ""clinical"" (generic) +1",NBK379115,2016,Canadian Agency for Drugs and Technologies in Health,Bariatric Surgery for the Long-Term Treatment of Obesity: A Review of the Clinical Effectiveness and Cost-Effectiveness
688,2,Medical Sciences,5,"""geriatric"" +3; ""care"" (generic) +1; ""treatment"" (generic) +1",NBK379406,2003,Swedish Agency for Health Technology Assessment and Assessment of Social Services (SBU),Geriatric Care and Treatment
689,2,Medical Sciences,5,"""diabetic"" +3; ""therapy"" (generic) +1; ""patients"" (generic) +1",NBK390572,2015,Norwegian Institute for Public Health,Effectiveness of Hyperbaric Oxygen Therapy in Patients with Late Radiation Tissue Injury or Diabetic Foot Ulcer
690,2,Medical Sciences,5,"""diabetes"" +3; ""treatment"" (generic) +1; ""disorder"" (generic) +1",NBK390585,2015,Norwegian Institute for Public Health,Treatment of Persons who Suffer from Both an Eating Disorder and Diabetes
691,2,Medical Sciences,5,"""surgery"" +3; ""treatment"" (generic) +1; ""patients"" (generic) +1",NBK390593,2011,Norwegian Institute for Public Health,Thromboprophylactic Treatment with Rivaroxiban or Dabigatran Compared with Enoxaparin or Dalteparin in Patients Undergoing Elective Hip or Knee Replacement Surgery
692,2,Medical Sciences,5,"""surgical"" +3; ""treatment"" (generic) +1; ""patients"" (generic) +1",NBK390601,2016,National Institute for Health and Care Research,"The Ankle Injury Management (AIM) trial: a pragmatic, multicentre, equivalence randomised controlled trial and economic evaluation comparing close contact casting with open surgical reduction and internal fixation in the treatment of unstable ankle fractures in patients aged over 60 years"
693,2,Medical Sciences,5,"""asthma"" +3; ""care"" (generic) +1; ""patients"" (generic) +1",NBK390972,2016,National Institute for Health and Care Research,"A randomised, double-blind, placebo-controlled study to evaluate the efficacy of oral azithromycin as a supplement to standard care for adult patients with acute exacerbations of asthma (the AZALEA trial)"
694,2,Medical Sciences,5,"""tumour"" +3; ""clinical"" (generic) +1; ""therapeutic"" (generic) +1",NBK396033,2016,National Institute for Health and Care Research,"Clinical effectiveness and cost-effectiveness of use of therapeutic monitoring of tumour necrosis factor alpha (TNF-α) inhibitors [LISA-TRACKER® enzyme-linked immunosorbent assay (ELISA) kits, TNF-α-Blocker ELISA kits and Promonitor® ELISA kits] versus standard care in patients with Crohn’s disease: systematic reviews and economic modelling"
695,2,Medical Sciences,5,"""cancer"" +3; ""patients"" (generic) +1; ""clinical"" (generic) +1",NBK401502,2016,Canadian Agency for Drugs and Technologies in Health,"Radium-223 for Patients with Castration Resistant Prostate Cancer with Bone Metastases: A Review of Clinical Effectiveness, Cost-effectiveness and Guidelines"
696,2,Medical Sciences,5,"""cardiovascular"" +3; ""health"" (generic) +1; ""patients"" (generic) +1",NBK409363,2017,National Institute for Health and Care Research,An evidence-based approach to the use of telehealth in long-term health conditions: development of an intervention and evaluation through pragmatic randomised controlled trials in patients with depression or raised cardiovascular risk
697,2,Medical Sciences,5,"""stroke"" +3; ""diagnosis"" (generic) +1; ""clinical"" (generic) +1",NBK409599,2016,Canadian Agency for Drugs and Technologies in Health,Computed Tomography Angiography for Diagnosis of Stroke or Transient Ischemic Attack: A Review of the Clinical Effectiveness
698,2,Medical Sciences,5,"""stroke"" +3; ""clinical"" (generic) +1; ""treatment"" (generic) +1",NBK410197,2017,National Institute for Health and Care Research,Factors that influence variation in clinical decision-making about thrombolysis in the treatment of acute ischaemic stroke: results of a discrete choice experiment
699,2,Medical Sciences,5,"""cardiovascular"" +3; ""health"" (generic) +1; ""diseases"" (generic) +1",NBK414778,2017,National Institute for Health and Care Research,"Using nationwide ‘big data’ from linked electronic health records to help improve outcomes in cardiovascular diseases: 33 studies using methods from epidemiology, informatics, economics and social science in the ClinicAl disease research using LInked Bespoke studies and Electronic health Records (CALIBER) programme"
700,2,Medical Sciences,5,"""stroke"" +3; ""treatment"" (generic) +1; ""disease"" (generic) +1",NBK425028,2017,National Institute for Health and Care Research,"Oral anticoagulants for primary prevention, treatment and secondary prevention of venous thromboembolic disease, and for prevention of stroke in atrial fibrillation: systematic review, network meta-analysis and cost-effectiveness analysis"
701,2,Medical Sciences,5,"""clinical guidelines"" +3; ""care"" (generic) +1; ""clinical"" (generic) +1",NBK426098,2017,National Institute for Health and Care Research,Better guidelines for better care: accounting for multimorbidity in clinical guidelines – structured examination of exemplar guidelines and health economic modelling
702,2,Medical Sciences,5,"""leukaemia"" +3; ""clinical"" (generic) +1; ""patients"" (generic) +1",NBK436315,2017,National Institute for Health and Care Research,"Clinical effectiveness and cost-effectiveness results from the randomised, Phase IIB trial in previously untreated patients with chronic lymphocytic leukaemia to compare fludarabine, cyclophosphamide and rituximab with fludarabine, cyclophosphamide, mitoxantrone and low-dose rituximab: the Attenuated dose Rituximab with ChemoTherapy In Chronic lymphocytic leukaemia (ARCTIC) trial"
703,2,Medical Sciences,5,"""cancer"" +3; ""patients"" (generic) +1; ""care"" (generic) +1",NBK436505,2017,National Institute for Health and Care Research,Faecal immunochemical tests to triage patients with lower abdominal symptoms for suspected colorectal cancer referrals in primary care: a systematic review and cost-effectiveness analysis
704,2,Medical Sciences,5,"""carcinoma"" +3; ""patients"" (generic) +1; ""clinical"" (generic) +1",NBK447631,2017,Canadian Agency for Drugs and Technologies in Health,Blue Light Cystoscopy in Patients with Suspected Non-Muscle Invasive Bladder Carcinoma: A Review of Clinical Utility
705,2,Medical Sciences,5,"""cancer"" +3; ""therapy"" (generic) +1; ""treatment"" (generic) +1",NBK447994,2005,Swedish Agency for Health Technology Assessment and Assessment of Social Services (SBU),Manual Lymph Drainage Combined With Compression Therapy for Arm Lymphedema Following Breast Cancer Treatment
706,2,Medical Sciences,5,"""clinical practice"" +3; ""treatment"" (generic) +1; ""clinical"" (generic) +1",NBK448393,2017,National Institute for Health and Care Research,Treatment of anorexia nervosa: a multimethod investigation translating experimental neuroscience into clinical practice
707,2,Medical Sciences,5,"""surgical"" +3; ""treatment"" (generic) +1; ""disorders"" (generic) +1",NBK464736,2013,Norwegian Institute for Public Health,Effect of Surgical Treatment for Temporomandibular Disorders
708,2,Medical Sciences,5,"""cancer"" +3; ""health"" (generic) +1; ""treatment"" (generic) +1",NBK464768,2009,Norwegian Institute for Public Health,Health Economic Analysis of Bevacizumab + Paclitaxel Versus Paclitaxel Alone as First-Line Treatment for Metastatic Breast Cancer
709,2,Medical Sciences,5,"""cancer"" +3; ""health"" (generic) +1; ""treatment"" (generic) +1",NBK464805,2008,Norwegian Institute for Public Health,Summary of Published Health Economic Studies of Cetuximab as Third Line Treatment for Patients with Metastatic Colorectal Cancer
710,2,Medical Sciences,5,"""cancer"" +3; ""medicine"" (generic) +1; ""patients"" (generic) +1",NBK464820,2011,Norwegian Institute for Public Health,Complementary and Alternative Medicine for Patients with Cancer
711,2,Medical Sciences,5,"""stroke"" +3; ""treatment"" (generic) +1; ""patients"" (generic) +1",NBK464854,2010,Norwegian Institute for Public Health,Treatment of Patients with Acute Stroke in Stroke Units (with or without Early Supported Discharge)
712,2,Medical Sciences,5,"""cardiovascular"" +3; ""health"" (generic) +1; ""disease"" (generic) +1",NBK464914,2008,Norwegian Institute for Public Health,Health Economic Evaluation of Primary Prevention Strategies Against Cardiovascular Disease
713,2,Medical Sciences,5,"""pediatric"" +3; ""patients"" (generic) +1; ""clinical"" (generic) +1",NBK470804,2017,Canadian Agency for Drugs and Technologies in Health,Central Venous Access Devices (CVADs) and Peripherally Inserted Central Catheters (PICCs) for Adult and Pediatric Patients: A Review of Clinical Effectiveness and Safety
714,2,Medical Sciences,5,"""hiv"" +3; ""disease"" (generic) +1; ""therapy"" (generic) +1",NBK475977,2017,World Health Organization,"Guidelines for Managing Advanced HIV Disease and Rapid Initiation of Antiretroviral Therapy, July 2017"
715,2,Medical Sciences,5,"""cardiovascular"" +3; ""healthful"" (generic) +1; ""disease"" (generic) +1",NBK476368,2017,Agency for Healthcare Research and Quality (US),Behavioral Counseling to Promote a Healthful Diet and Physical Activity for Cardiovascular Disease Prevention in Adults Without Known Cardiovascular Disease Risk Factors: Updated Systematic Review for the U.S. Preventive Services Task Force
716,2,Medical Sciences,5,"""surgical"" +3; ""medical"" (generic) +1; ""patients"" (generic) +1",NBK476597,2017,Canadian Agency for Drugs and Technologies in Health,Economic Evaluation of Unfractionated Heparin Versus Low-Molecular-Weight Heparin to Prevent Venous Thromboembolism in General Medical and Non-Orthopedic Surgical Patients
717,2,Medical Sciences,5,"""cancer"" +3; ""diagnostic"" (generic) +1; ""health"" (generic) +1",NBK481467,2018,National Institute for Health and Care Research,PET-PANC: multicentre prospective diagnostic accuracy and health economic analysis study of the impact of combined modality 18fluorine-2-fluoro-2-deoxy-d-glucose positron emission tomography with computed tomography scanning in the diagnosis and management of pancreatic cancer
718,2,Medical Sciences,5,"""cancer"" +3; ""health"" (generic) +1; ""patients"" (generic) +1",NBK482093,2016,Norwegian Institute for Public Health,Health Technology Assessment of Four Drugs for Patients with Metastatic Castration Resistant Prostate Cancer
719,2,Medical Sciences,5,"""cardiac"" +3; ""patients"" (generic) +1; ""syndrome"" (generic) +1",NBK488090,2018,National Institute for Health and Care Research,Variation in outcome of hospitalised patients with out-of-hospital cardiac arrest from acute coronary syndrome: a cohort study
720,2,Medical Sciences,5,"""critical care"" +3; ""diagnostic"" (generic) +1; ""care"" (generic) +1",NBK506806,2018,National Institute for Health and Care Research,"The future for diagnostic tests of acute kidney injury in critical care: evidence synthesis, care pathway analysis and research prioritisation"
721,2,Medical Sciences,5,"""tumours"" +3; ""treatment"" (generic) +1; ""clinical"" (generic) +1",NBK507960,2017,Canadian Agency for Drugs and Technologies in Health,"Lanreotide for the Treatment of Neuroendocrine Tumours: A Review of Clinical Effectiveness, Cost-Effectiveness, and Guidelines"
722,2,Medical Sciences,5,"""carcinoma"" +3; ""treatment"" (generic) +1; ""clinical"" (generic) +1",NBK525601,2017,Canadian Agency for Drugs and Technologies in Health,Imiquimod for the Treatment of Basal Cell or Squamous Cell Carcinoma: A Review of Clinical Effectiveness and Cost-Effectiveness
723,2,Medical Sciences,5,"""cancer"" +3; ""therapy"" (generic) +1; ""treatment"" (generic) +1",NBK525866,2017,Canadian Agency for Drugs and Technologies in Health,Proton Beam Therapy for the Treatment of Cancer in Children and Adults: A Health Technology Assessment — Project Protocol
724,2,Medical Sciences,5,"""hiv"" +3; ""diagnosis"" (generic) +1; ""disease"" (generic) +1",NBK531449,2018,World Health Organization,"Guidelines for The Diagnosis, Prevention and Management of Cryptococcal Disease in HIV-Infected Adults, Adolescents and Children: Supplement to the 2016 Consolidated Guidelines on the Use of Antiretroviral Drugs for Treating and Preventing HIV Infection"
725,2,Medical Sciences,5,"""cancer"" +3; ""therapy"" (generic) +1; ""treatment"" (generic) +1",NBK531691,2017,Canadian Agency for Drugs and Technologies in Health,Proton Beam Therapy for the Treatment of Cancer in Children and Adults: A Health Technology Assessment
726,2,Medical Sciences,5,"""psychiatric"" +3; ""treatment"" (generic) +1; ""clinical"" (generic) +1",NBK531717,2018,Canadian Agency for Drugs and Technologies in Health,"Clonidine for the Treatment of Psychiatric Conditions and Symptoms: A Review of Clinical Effectiveness, Safety, and Guidelines"
727,2,Medical Sciences,5,"""hepatitis"" +3; ""care"" (generic) +1; ""treatment"" (generic) +1",NBK531733,2018,World Health Organization,Guidelines for the Care and Treatment of Persons Diagnosed with Chronic Hepatitis C Virus Infection
728,2,Medical Sciences,5,"""cancer"" +3; ""diagnostic"" (generic) +1; ""clinical"" (generic) +1",NBK532211,2018,Canadian Agency for Drugs and Technologies in Health,HPV Self-Sampling for Primary Cervical Cancer Screening: A Review of Diagnostic Test Accuracy and Clinical Evidence
729,2,Medical Sciences,5,"""neurological"" +3; ""disorders"" (generic) +1; ""clinical"" (generic) +1",NBK532316,2018,Canadian Agency for Drugs and Technologies in Health,Off-Label Use of Intravenous Immunoglobulin for Non-Neurological Paraneoplastic Disorders: A Review of Clinical Effectiveness
730,2,Medical Sciences,5,"""pediatric"" +3; ""treatment"" (generic) +1; ""patients"" (generic) +1",NBK532700,2018,Canadian Agency for Drugs and Technologies in Health,CADTH Canadian Drug Expert Committee Recommendation: Nitisinone (MDK-Nitisinone — MendeliKABs Inc.): Indication: The treatment of adult and pediatric patients with hereditary tyrosinemia type 1 (HT-1) in combination with dietary restriction of tyrosine and phenylalanine
731,2,Medical Sciences,5,"""surgical"" +3; ""patients"" (generic) +1; ""clinical"" (generic) +1",NBK532706,2018,Canadian Agency for Drugs and Technologies in Health,Transcatheter Aortic Valve Implantation for Patients with Severe Aortic Stenosis at Various Levels of Surgical Risk: A Review of Clinical Effectiveness
732,2,Medical Sciences,5,"""hepatitis"" +3; ""treatment"" (generic) +1; ""disease"" (generic) +1",NBK532825,2018,Canadian Agency for Drugs and Technologies in Health,"Pharmacoeconomic Review Report: Tenofovir Alafenamide (Vemlidy) (Gilead Sciences Canada, Inc.): Indication: Treatment of chronic hepatitis B in adults with compensated liver disease"
733,2,Medical Sciences,5,"""pediatric"" +3; ""treatment"" (generic) +1; ""patients"" (generic) +1",NBK532990,2018,Canadian Agency for Drugs and Technologies in Health,CADTH Canadian Drug Expert Committee Recommendation: Nitisinone (Orfadin — Sobi Canada Inc.): Indication: The treatment of adult and pediatric patients with hereditary tyrosinemia type-1 in combination with a dietary restriction of tyrosine and phenylalanine
734,2,Medical Sciences,5,"""parkinson"" +3; ""treatment"" (generic) +1; ""patients"" (generic) +1",NBK533421,2018,Canadian Agency for Drugs and Technologies in Health,"Pharmacoeconomic Review Report: Apomorphine (Movapo) (Paladin Labs Inc.): Indication: The acute, intermittent treatment of hypomobility “off” episodes (“end-of-dose wearing off” and unpredictable “on/off” episodes) in patients with advanced Parkinson’s disease"
735,2,Medical Sciences,5,"""hepatitis"" +3; ""clinical"" (generic) +1; ""treatment"" (generic) +1",NBK533926,2018,Canadian Agency for Drugs and Technologies in Health,"Clinical Review Report: Tenofovir Alafenamide (Vemlidy) (Gilead Sciences Canada, Inc.): Indication: Treatment of chronic hepatitis B in adults with compensated liver disease"
736,2,Medical Sciences,5,"""cancer"" +3; ""clinical"" (generic) +1; ""treatment"" (generic) +1",NBK533937,2018,Canadian Agency for Drugs and Technologies in Health,"Clinical Review Report: Netupitant/Palonosetron 300 mg/0.5 mg (Akynzeo) (Purdue Pharma): Indication: In combination with dexamethasone, once-per-cycle treatment for the prevention of acute and delayed nausea and vomiting associated with highly emetogenic cancer chemotherapy, or with moderately emetogenic cancer chemotherapy that is uncontrolled by a 5-hydroxytryptamine-3 receptor antagonist alone"
737,2,Medical Sciences,5,"""hypertension"" +3; ""clinical"" (generic) +1; ""patients"" (generic) +1",NBK533957,2018,Canadian Agency for Drugs and Technologies in Health,Clinical Review Report: Preservative-free latanoprost 50 μg/mL ophthalmic solution (Monoprost) (Laboratoires Théa): Indication: Reduction of intraocular pressure in patients with open-angle glaucoma or ocular hypertension
738,2,Medical Sciences,5,"""diabetes"" +3; ""clinical"" (generic) +1; ""treatment"" (generic) +1",NBK533972,2017,Canadian Agency for Drugs and Technologies in Health,Clinical Review Report: Insulin Degludec (Tresiba) (Novo Nordisk Canada Inc): Indication: For once-daily treatment of adults with diabetes mellitus to improve glycemic control
739,2,Medical Sciences,5,"""parkinson"" +3; ""clinical"" (generic) +1; ""treatment"" (generic) +1",NBK534020,2018,Canadian Agency for Drugs and Technologies in Health,"Clinical Review Report: Apomorphine (Movapo) (Paladin Labs Inc.): Indication: The acute, intermittent treatment of hypomobility “off” episodes (“end-of-dose wearing off” and unpredictable “on/off” episodes) in patients with advanced Parkinson’s disease"
740,2,Medical Sciences,5,"""hypertension"" +3; ""clinical"" (generic) +1; ""patients"" (generic) +1",NBK535034,2017,Canadian Agency for Drugs and Technologies in Health,Clinical Review Report: Travoprost 0.003% (Izba) (Novartis Pharmaceuticals Canada Inc. on behalf of Alcon Canada Inc.): Indication: reduction of elevated intraocular pressure in patients with open-angle glaucoma or ocular hypertension
741,2,Medical Sciences,5,"""diabetes"" +3; ""clinical"" (generic) +1; ""patients"" (generic) +1",NBK535144,2017,Canadian Agency for Drugs and Technologies in Health,"Clinical Review Report: Lixisenatide (Adlyxine) (Sanofi-aventis Canada Inc.): Indication: As an adjunct to diet and exercise to improve glycemic control in adult patients with type 2 diabetes mellitus in combination with metformin, a sulfonylurea (alone or with metformin), pioglitazone (alone or with metformin), a basal insulin (alone or with metformin), when the therapy listed above does not provide adequate glycemic control"
742,2,Medical Sciences,5,"""hiv"" +3; ""clinical"" (generic) +1; ""healthcare"" (generic) +1",NBK536127,2018,Canadian Agency for Drugs and Technologies in Health,Clinical Review Report: Dolutegravir/Rilpivirine (Juluca) (ViiV Healthcare): Indication: As a complete regimen to replace the current antiretroviral regimen for the treatment of HIV-1 infection in adults who are virologically stable and suppressed (HIV-1 RNA less than 50 copies per mL)
743,2,Medical Sciences,5,"""hiv"" +3; ""healthcare"" (generic) +1; ""treatment"" (generic) +1",NBK536136,2018,Canadian Agency for Drugs and Technologies in Health,Pharmacoeconomic Review Report: Dolutegravir/Rilpivirine (Juluca) (ViiV Healthcare ULC): Indication: As a complete regimen to replace the current antiretroviral regimen for the treatment of HIV-1 infection in adults who are virologically stable and suppressed (HIV-1 RNA < 50 copies/mL)
744,2,Medical Sciences,5,"""hiv"" +3; ""healthcare"" (generic) +1; ""treatment"" (generic) +1",NBK536142,2018,Canadian Agency for Drugs and Technologies in Health,CADTH Canadian Drug Expert Committee Recommendation: Dolutegravir/Rilpivirine (Juluca — ViiV Healthcare): Indication: the treatment of human immunodeficiency virus (HIV-1) infection in adults who are virologically suppressed (HIV-1 RNA less than 50 copies per mL)
745,2,Medical Sciences,5,"""parkinson"" +3; ""disease"" (generic) +1; ""clinical"" (generic) +1",NBK536721,2018,Codon Publications,Parkinson’s Disease: Pathogenesis and Clinical Aspects
746,2,Medical Sciences,5,"""cancer"" +3; ""treatment"" (generic) +1; ""clinical"" (generic) +1",NBK538063,2018,Canadian Agency for Drugs and Technologies in Health,"Regional Chemotherapy for the Treatment of Breast Cancer: A Review of Clinical Effectiveness, Cost-Effectiveness and Guidelines"
747,2,Medical Sciences,5,"""parkinson"" +3; ""disease"" (generic) +1; ""clinical"" (generic) +1",NBK538348,2018,Canadian Agency for Drugs and Technologies in Health,"Deep Brain Stimulation for Parkinson’s Disease: A Review of Clinical Effectiveness, Cost-Effectiveness, and Guidelines"
748,2,Medical Sciences,5,"""diabetes"" +3; ""care"" (generic) +1; ""patients"" (generic) +1",NBK538734,2018,Canadian Agency for Drugs and Technologies in Health,"Preventative Foot Care for Patients with Diabetes: A Review of Clinical Effectiveness, Cost-Effectiveness, and Guidelines"
749,2,Medical Sciences,5,"""neurological"" +3; ""therapy"" (generic) +1; ""patients"" (generic) +1",NBK538920,2018,Canadian Agency for Drugs and Technologies in Health,"Bobath Therapy for Patients with Neurological Conditions: A Review of Clinical Effectiveness, Cost-Effectiveness, and Guidelines"
750,2,Medical Sciences,5,"""diabetic"" +3; ""treatment"" (generic) +1; ""patients"" (generic) +1",NBK538996,2018,Canadian Agency for Drugs and Technologies in Health,CADTH Canadian Drug Expert Committee Recommendation: Dexamethasone (Ozurdex — Allergan Canada Inc.): Indication: For the treatment of adult patients with diabetic macular edema who are pseudophakic
751,2,Medical Sciences,5,"""diabetic"" +3; ""treatment"" (generic) +1; ""patients"" (generic) +1",NBK539204,2018,Canadian Agency for Drugs and Technologies in Health,Pharmacoeconomic Review Report: Dexamethasone (Ozurdex) (Allergan Inc.): Indication: For the treatment of adult patients with diabetic macular edema who are pseudophakic
752,2,Medical Sciences,5,"""pediatric"" +3; ""treatment"" (generic) +1; ""patients"" (generic) +1",NBK539226,2018,Canadian Agency for Drugs and Technologies in Health,CADTH Canadian Drug Expert Committee Recommendation: Nitisinone (Nitisinone Tablets — Cycle Pharmaceuticals Ltd.): Indication: The treatment of adult and pediatric patients with hereditary tyrosinemia type 1 (HT-1) in combination with dietary restriction of tyrosine and phenylalanine
753,2,Medical Sciences,5,"""diabetic"" +3; ""clinical"" (generic) +1; ""treatment"" (generic) +1",NBK539255,2018,Canadian Agency for Drugs and Technologies in Health,Clinical Review Report: Dexamethasone (Ozurdex) (Allergan Inc.): Indication: For the treatment of adult patients with diabetic macular edema who are pseudophakic
754,2,Medical Sciences,5,"""parkinson"" +3; ""treatment"" (generic) +1; ""patients"" (generic) +1",NBK539444,2018,Canadian Agency for Drugs and Technologies in Health,"Pharmacoeconomic Review Report: Levodopa/Carbidopa (Duodopa) (Abbvie Corporation): Indication: For the treatment of patients with advanced levodopa-responsive Parkinson’s disease who do not have satisfactory control of severe, debilitating motor fluctuations and hyper-/dyskinesia despite optimized treatment with available combinations of Parkinson’s medicinal products, and, for whom the benefits of this treatment may outweigh the risks associated with the insertion and long-term use of the percutaneous endoscopic gastrostomy-jejunostomy (PEG-J) tube required for administration"
755,2,Medical Sciences,5,"""hiv"" +3; ""clinical"" (generic) +1; ""treatment"" (generic) +1",NBK539526,2018,Canadian Agency for Drugs and Technologies in Health,"Clinical Review Report: Bictegravir/Emtricitabine/Tenofovir Alafenamide (B/FTC/TAF) (Biktarvy) (Gilead Sciences Canada, Inc.): Indication: A complete regimen for the treatment of HIV-1 infection in adults with no known substitution associated with resistance to the individual components of Biktarvy"
756,2,Medical Sciences,5,"""parkinson"" +3; ""clinical"" (generic) +1; ""treatment"" (generic) +1",NBK539562,2018,Canadian Agency for Drugs and Technologies in Health,"Clinical Review Report: Levodopa/Carbidopa (Duodopa) (Abbvie Corporation): Indication: For the treatment of patients with advanced levodopa-responsive Parkinson’s disease who do not have satisfactory control of severe, debilitating motor fluctuations and hyper-/dyskinesia despite optimized treatment with available combinations of Parkinson’s medicinal products, and, for whom the benefits of this treatment may outweigh the risks associated with the insertion and long-term use of the percutaneous endoscopic gastrostomy-jejunostomy (PEG-J) tube required for administration"
757,2,Medical Sciences,5,"""pediatric"" +3; ""treatment"" (generic) +1; ""patients"" (generic) +1",NBK540040,2018,Canadian Agency for Drugs and Technologies in Health,CADTH Canadian Drug Expert Committee Recommendation: AbobotulinumtoxinA (Dysport Therapeutic — Ipsen Biopharmaceuticals Canada Inc.): Indication: For the symptomatic treatment of lower limb spasticity (LLS) in pediatric patients two years of age and older
758,2,Medical Sciences,5,"""pediatric"" +3; ""therapeutic"" (generic) +1; ""treatment"" (generic) +1",NBK540203,2018,Canadian Agency for Drugs and Technologies in Health,"Pharmacoeconomic Review Report: abobotulinumtoxinA (Dysport Therapeutic) (Ipsen Biopharmaceuticals Canada, Inc.): Indication: For the symptomatic treatment of lower-limb spasticity in pediatric patients 2 years of age and older"
759,2,Medical Sciences,5,"""pediatric"" +3; ""clinical"" (generic) +1; ""therapeutic"" (generic) +1",NBK540260,2018,Canadian Agency for Drugs and Technologies in Health,Clinical Review Report: abobotulinumtoxinA (Dysport Therapeutic) (Ipsen Biopharmaceuticals Canada Inc.): Indication: For the symptomatic treatment of lower-limb spasticity in pediatric patients 2 years of age and older
760,2,Medical Sciences,5,"""asthma"" +3; ""treatment"" (generic) +1; ""patients"" (generic) +1",NBK541457,2018,Canadian Agency for Drugs and Technologies in Health,CADTH Canadian Drug Expert Committee Recommendation: Fluticasone Propionate (Aermony Respiclick — Teva Canada Innovation): Indication: Maintenance treatment of asthma in patients 12 years of age and older
761,2,Medical Sciences,5,"""asthma"" +3; ""treatment"" (generic) +1; ""patients"" (generic) +1",NBK541600,2018,Canadian Agency for Drugs and Technologies in Health,Pharmacoeconomic Review Report: Benralizumab (Fasenra) (AstraZeneca Canada Inc.): Indication: An add-on maintenance treatment of adult patients with severe eosinophilic asthma
762,2,Medical Sciences,5,"""asthma"" +3; ""clinical"" (generic) +1; ""treatment"" (generic) +1",NBK541787,2018,Canadian Agency for Drugs and Technologies in Health,Clinical Review Report: Benralizumab (Fasenra) (AstraZeneca Canada Inc.): Indication: An add-on maintenance treatment of adult patients with severe eosinophilic asthma
763,2,Medical Sciences,5,"""asthma"" +3; ""clinical"" (generic) +1; ""treatment"" (generic) +1",NBK541837,2019,Canadian Agency for Drugs and Technologies in Health,Clinical Review Report: Fluticasone Propionate (Aermony Respiclick) (Teva Canada Innovation): Indication: For the maintenance treatment of steroid-responsive bronchial asthma as prophylactic therapy in patients 12 years of age and older
764,2,Medical Sciences,5,"""clinical trial"" +3; ""patient"" (generic) +1; ""clinical"" (generic) +1",NBK542736,2018,RTI Press,Conducting Patient Interviews Within a Clinical Trial Setting
765,2,Medical Sciences,5,"""asthma"" +3; ""treatment"" (generic) +1; ""therapy"" (generic) +1",NBK542823,2019,Canadian Agency for Drugs and Technologies in Health,Pharmacoeconomic Review Report: Fluticasone Propionate (Aermony Respiclick) (Teva Canada Innovation): Indication: For the maintenance treatment of steroid-responsive bronchial asthma as prophylactic therapy in patients 12 years of age and older
766,2,Medical Sciences,5,"""diagnostic imaging"" +3; ""diseases"" (generic) +1; ""diagnostic"" (generic) +1",NBK543808,2018,Springer,Diseases of the Abdomen and Pelvis 2018-2021: Diagnostic Imaging - IDKD Book
767,2,Medical Sciences,5,"""diabetes"" +3; ""treatment"" (generic) +1; ""patients"" (generic) +1",NBK543966,2019,Canadian Agency for Drugs and Technologies in Health,"Pharmacoeconomic Review Report: Semaglutide (Ozempic) (Novo Nordisk Canada Inc.): Indication: For the treatment of adults patients with type 2 diabetes mellitus to improve glycemic control, in combination with metformin (second-line treatment), and in combination with metformin and sulfonylurea (third-line treatment)"
768,2,Medical Sciences,5,"""diabetes"" +3; ""clinical"" (generic) +1; ""treatment"" (generic) +1",NBK544012,2019,Canadian Agency for Drugs and Technologies in Health,"Clinical Review Report: Semaglutide (Ozempic) (Novo Nordisk Canada Inc.): Indication: For the treatment of adult patients with type 2 diabetes mellitus to improve glycemic control, in combination with metformin (second-line treatment), and in combination with metformin and sulfonylurea (third-line treatment)"
769,2,Medical Sciences,5,"""hiv"" +3; ""medicinal"" (generic) +1; ""treatment"" (generic) +1",NBK544510,2019,Canadian Agency for Drugs and Technologies in Health,"CADTH Canadian Drug Expert Committee Recommendation: Doravirine (Pifeltro — Merck Canada Inc.): Indication: In combination with other antiretroviral medicinal products, for the treatment of adults infected with HIV-1 without past or present evidence of viral resistance to doravirine (DOR)"
770,2,Medical Sciences,5,"""cancer"" +3; ""treatment"" (generic) +1; ""clinical"" (generic) +1",NBK544668,2019,Canadian Agency for Drugs and Technologies in Health,High Dose Rate Brachytherapy versus Low Dose Rate Brachytherapy for the Treatment of Prostate Cancer: A Review of Clinical Effectiveness and Cost-Effectiveness
771,2,Medical Sciences,5,"""cancer"" +3; ""patients"" (generic) +1; ""clinical"" (generic) +1",NBK544671,2019,Canadian Agency for Drugs and Technologies in Health,Hydrogel Spacers for Patients with Prostate Cancer: A Review of Clinical Effectiveness and Cost-Effectiveness
772,2,Medical Sciences,5,"""hiv"" +3; ""medicinal"" (generic) +1; ""treatment"" (generic) +1",NBK544856,2019,Canadian Agency for Drugs and Technologies in Health,"Pharmacoeconomic Review Report: Doravirine (Pifeltro) (Merck Canada Inc.): Indication: Doravirine (Pifeltro) is indicated, in combination with other antiretroviral medicinal products, for the treatment of adults infected with HIV-1 without past or present evidence of viral resistance to doravirine"
773,2,Medical Sciences,5,"""hiv"" +3; ""clinical"" (generic) +1; ""medicinal"" (generic) +1",NBK544868,2019,Canadian Agency for Drugs and Technologies in Health,"Clinical Review Report: Doravirine (Pifeltro) (Merck Canada Inc.): Indication: Doravirine (Pifeltro) is indicated, in combination with other antiretroviral medicinal products, for the treatment of adults infected with HIV-1 without past or present evidence of viral resistance to doravirine"
774,2,Medical Sciences,5,"""diabetes"" +3; ""treatment"" (generic) +1; ""clinical"" (generic) +1",NBK545104,2019,Canadian Agency for Drugs and Technologies in Health,"Sodium-glucose Co-transporter 2 Inhibitors for the Treatment of Type 2 Diabetes: A Review of Clinical Effectiveness, Cost-Effectiveness, and Guidelines"
775,2,Medical Sciences,5,"""cancer"" +3; ""diagnostic"" (generic) +1; ""clinical"" (generic) +1",NBK545378,2019,Canadian Agency for Drugs and Technologies in Health,HPV Self-Sampling for Primary Cervical Cancer Screening: A Review of Diagnostic Test Accuracy and Clinical Evidence – An Update
776,2,Medical Sciences,5,"""diabetes"" +3; ""medicine"" (generic) +1; ""disease"" (generic) +1",NBK545878,2019,Manchester University Press,"Managing diabetes, managing medicine: Chronic disease and clinical bureaucracy in post-war Britain"
777,2,Medical Sciences,5,"""surgery"" +3; ""patients"" (generic) +1; ""clinical"" (generic) +1",NBK545893,2019,Canadian Agency for Drugs and Technologies in Health,"Intravenous Iron Preparations for Patients Undergoing Elective Surgery: A Review of Clinical Effectiveness, Cost-Effectiveness, and Guidelines"
778,2,Medical Sciences,5,"""lymphoma"" +3; ""patients"" (generic) +1; ""clinical"" (generic) +1",NBK546015,2019,Canadian Agency for Drugs and Technologies in Health,"Immune Checkpoint Inhibitors for Classical Hodgkin Lymphoma in Brentuximab Vedotin-naïve Patients: A Review of Clinical Effectiveness, Cost-Effectiveness, and Guidelines"
779,2,Medical Sciences,5,"""neonatal"" +3; ""treatment"" (generic) +1; ""syndrome"" (generic) +1",NBK546254,2019,Canadian Agency for Drugs and Technologies in Health,Treatment of Neonatal Abstinence Syndrome due to Crystal Methamphetamine: A Review of Clinical Effectiveness and Guidelines
780,2,Medical Sciences,5,"""stroke"" +3; ""diagnosis"" (generic) +1; ""diagnostic"" (generic) +1",NBK546590,2019,Canadian Agency for Drugs and Technologies in Health,Portable Stroke Diagnosis Devices for Adults with Stroke Symptoms: A Review of Diagnostic Accuracy and Cost-Effectiveness
781,2,Medical Sciences,5,"""cancer"" +3; ""treatment"" (generic) +1; ""clinical"" (generic) +1",NBK546999,2019,Canadian Agency for Drugs and Technologies in Health,"Magnetic Resonance Imaging-Guided Radiotherapy Delivery Systems for Cancer Treatment: A Review of Clinical Effectiveness, Cost-Effectiveness and Guidelines"
782,2,Medical Sciences,5,"""clinical practice"" +3; ""patient"" (generic) +1; ""clinical"" (generic) +1",NBK547134,2019,Agency for Healthcare Research and Quality (US),Development of Harmonized Outcome Measures for Use in Patient Registries and Clinical Practice: Methods and Lessons Learned
783,2,Medical Sciences,5,"""surgical"" +3; ""patients"" (generic) +1; ""clinical"" (generic) +1",NBK549205,2019,Canadian Agency for Drugs and Technologies in Health,Sugammadex for the Reversal of Neuromuscular Blockade in Surgical Patients: A Review of Clinical Effectiveness and Cost-Effectiveness
784,2,Medical Sciences,5,"""stroke"" +3; ""patients"" (generic) +1; ""diagnostic"" (generic) +1",NBK549206,2019,Canadian Agency for Drugs and Technologies in Health,Portable Stroke Detection Devices for Patients with Stroke Symptoms: A Review of Diagnostic Accuracy and Cost-Effectiveness
785,2,Medical Sciences,5,"""surgical"" +3; ""patients"" (generic) +1; ""clinical"" (generic) +1",NBK549465,2019,Canadian Agency for Drugs and Technologies in Health,Sugammadex for the Reversal of Rocuronium-Induced Neuromuscular Blockade in Surgical Patients: A Review of Clinical Effectiveness
786,2,Medical Sciences,5,"""cancer"" +3; ""therapy"" (generic) +1; ""clinical"" (generic) +1",NBK549547,2019,Canadian Agency for Drugs and Technologies in Health,Cognitive Behavioural Therapy for Chronic Non-Cancer Pain: A Review of Clinical Effectiveness
787,2,Medical Sciences,5,"""diabetic"" +3; ""treatment"" (generic) +1; ""clinical"" (generic) +1",NBK549580,2019,Canadian Agency for Drugs and Technologies in Health,Sodium-Glucose Cotransporter 2 Inhibitors for the Treatment of Diabetic Nephropathy: A Review of Clinical Effectiveness
788,2,Medical Sciences,5,"""pathology"" +3; ""therapeutic"" (generic) +1; ""clinical"" (generic) +1",NBK549583,2019,Canadian Agency for Drugs and Technologies in Health,"Routine Pathology for Intrauterine Devices and Therapeutic Abortion: A Review of Clinical Effectiveness, Cost-Effectiveness, and Guidelines"
789,2,Medical Sciences,5,"""hypertension"" +3; ""clinical"" (generic) +1; ""patients"" (generic) +1",NBK549676,2019,Canadian Agency for Drugs and Technologies in Health,"Clinical Review Report: Latanoprostene Bunod (Vyzulta) (Bausch Health, Canada Inc.): Indication: For the reduction of intraocular pressure (IOP) in patients with open-angle glaucoma or ocular hypertension"
790,2,Medical Sciences,5,"""lymphoma"" +3; ""health"" (generic) +1; ""clinical"" (generic) +1",NBK550126,2019,Canadian Agency for Drugs and Technologies in Health,Axicabtagene Ciloleucel for Large B-Cell Lymphoma: Health Technology Assessment Introduction and Clinical Review Protocol
791,2,Medical Sciences,5,"""cancer"" +3; ""disease"" (generic) +1; ""diagnostic"" (generic) +1",NBK551358,2019,National Institute for Health and Care Research,Whole-body MRI compared with standard pathways for staging metastatic disease in lung and colorectal cancer: the Streamline diagnostic accuracy studies
792,2,Medical Sciences,5,"""pediatric"" +3; ""medicinal"" (generic) +1; ""patients"" (generic) +1",NBK551866,2019,Canadian Agency for Drugs and Technologies in Health,Medicinal and Synthetic Cannabinoids for Pediatric Patients: A Review of Clinical Effectiveness and Guidelines
793,2,Medical Sciences,5,"""surgery"" +3; ""patients"" (generic) +1; ""clinical"" (generic) +1",NBK551871,2019,Canadian Agency for Drugs and Technologies in Health,Codeine for Acute Pain in Patients Undergoing Orthopedic Surgery: A Review of Clinical Effectiveness
794,2,Medical Sciences,5,"""cancer"" +3; ""diagnosis"" (generic) +1; ""diagnostic"" (generic) +1",NBK551874,2019,Canadian Agency for Drugs and Technologies in Health,"Digital Breast Tomosynthesis for the Screening and Diagnosis of Breast Cancer: A Review of the Diagnostic Accuracy, Cost-Effectiveness and Guidelines"
795,2,Medical Sciences,5,"""diabetic"" +3; ""treatment"" (generic) +1; ""patients"" (generic) +1",NBK551922,2019,Canadian Agency for Drugs and Technologies in Health,Pharmacoeconomic Review Report: Fluocinolone acetonide intravitreal implant (Iluvien) (Knight Therapeutics Inc.): Indication: For the treatment of diabetic macular edema (DME) in patients who have been previously treated with a course of corticosteroids and did not have a clinically significant rise in intraocular pressure
796,2,Medical Sciences,5,"""hiv"" +3; ""healthcare"" (generic) +1; ""treatment"" (generic) +1",NBK551931,2019,Canadian Agency for Drugs and Technologies in Health,Pharmacoeconomic Review Report: Dolutegravir/Lamivudine (Dovato) (ViiV Healthcare ULC): Indication: As a complete regimen for the treatment of human immunodeficiency virus type 1 (HIV-1) infection in adults and adolescents 12 years of age and older and weighing at least 40 kg
797,2,Medical Sciences,5,"""hiv"" +3; ""healthcare"" (generic) +1; ""treatment"" (generic) +1",NBK551937,2019,Canadian Agency for Drugs and Technologies in Health,CADTH Canadian Drug Expert Committee Recommendation: Dolutegravir/Lamivudine (Dovato — ViiV Healthcare ULC): Indication: As a complete regimen for the treatment of human immunodeficiency virus type 1 (HIV-1) infection in adults and adolescents 12 years of age and older and weighing at least 40 kg
798,2,Medical Sciences,5,"""hiv"" +3; ""clinical"" (generic) +1; ""healthcare"" (generic) +1",NBK551944,2019,Canadian Agency for Drugs and Technologies in Health,Clinical Review Report: Dolutegravir/Lamivudine (Dovato) (ViiV Healthcare ULC): Indication: As a complete regimen for the treatment of human immunodeficiency virus type 1 (HIV-1) infection in adults and adolescents 12 years of age and older and weighing at least 40 kg
799,2,Medical Sciences,5,"""diabetic"" +3; ""clinical"" (generic) +1; ""treatment"" (generic) +1",NBK551982,2019,Canadian Agency for Drugs and Technologies in Health,Clinical Review Report: Fluocinolone Acetonide Intravitreal Implant (Iluvien) (Knight Therapeutics Inc.): Indication: For the treatment of diabetic macular edema (DME) in patients who have been previously treated with a course of corticosteroids and did not have a clinically significant rise in intraocular pressure
800,2,Medical Sciences,5,"""clinical practice"" +3; ""therapy"" (generic) +1; ""clinical"" (generic) +1",NBK553797,2020,National Institute for Health and Care Research,Varenicline versus nicotine replacement therapy for long-term smoking cessation: an observational study using the Clinical Practice Research Datalink
801,2,Medical Sciences,5,"""diagnostic imaging"" +3; ""diseases"" (generic) +1; ""diagnostic"" (generic) +1",NBK554343,2020,Springer,"Diseases of the Brain, Head and Neck, Spine 2020–2023: Diagnostic Imaging"
802,2,Medical Sciences,5,"""obstetric"" +3; ""treatment"" (generic) +1; ""clinical"" (generic) +1",NBK554690,2019,Canadian Agency for Drugs and Technologies in Health,"Screening and Treatment of Obstetric Anemia: A Review of Clinical Effectiveness, Cost-Effectiveness, and Guidelines"
803,2,Medical Sciences,5,"""diabetes"" +3; ""clinical"" (generic) +1; ""treatment"" (generic) +1",NBK554832,2019,Canadian Agency for Drugs and Technologies in Health,"Clinical Review Report: Insulin degludec and liraglutide injection (Xultophy) (Novo Nordisk Canada Inc.): Indication: An adjunct to lifestyle modifications, for the once-daily treatment of adults with type 2 diabetes mellitus to improve glycemic control in combination with metformin, with or without sulfonylurea, when these combined with basal insulin (less than 50 U daily) or liraglutide (less than or equal to 1.8 mg daily) do not provide adequate glycemic control"
804,2,Medical Sciences,5,"""asthma"" +3; ""health"" (generic) +1; ""diseases"" (generic) +1",NBK555582,2020,Agency for Healthcare Research and Quality (US),Impact of Community Health Worker Certification on Workforce and Service Delivery for Asthma and Other Selected Chronic Diseases
805,2,Medical Sciences,5,"""clinical guidelines"" +3; ""health"" (generic) +1; ""clinical"" (generic) +1",NBK556473,1997,Johns Hopkins University,New York State Department of Health AIDS Institute Clinical Guidelines
806,2,Medical Sciences,5,"""alzheimer"" +3; ""diagnosis"" (generic) +1; ""treatment"" (generic) +1",NBK556556,2020,Agency for Healthcare Research and Quality (US),Diagnosis and Treatment of Clinical Alzheimer’s-Type Dementia: A Systematic Review
807,2,Medical Sciences,5,"""stroke"" +3; ""therapy"" (generic) +1; ""care"" (generic) +1",NBK556708,2020,National Institute for Health and Care Research,Computerised speech and language therapy or attention control added to usual care for people with long-term post-stroke aphasia: the Big CACTUS three-arm RCT
808,2,Medical Sciences,5,"""clinical trials"" +3; ""clinical"" (generic) +1; ""patient"" (generic) +1",NBK558162,2019,RTI Press,Making Clinical Trials More Patient-Centered Using Digital Interactive E-Consent Tools
809,2,Medical Sciences,5,"""diabetes"" +3; ""treatment"" (generic) +1; ""care"" (generic) +1",NBK559432,2020,American Diabetes Association,"Person-Centered, Outcomes-Driven Treatment: A New Paradigm for Type 2 Diabetes in Primary Care"
810,2,Medical Sciences,5,"""infectious disease"" +3; ""disease"" (generic) +1; ""health"" (generic) +1",NBK559442,1998,American Society for Microbiology,"Climate, Infectious Disease and Health: An Interdisciplinary Perspective: A colloquium was convened by the American Academy of Microbiology to discuss research issues relating to the effects of climate on the incidence and distribution of infectious disease. The colloquium was held in Montego Bay, Jamaica, June 20–22, 1997."
811,2,Medical Sciences,5,"""surgical"" +3; ""therapy"" (generic) +1; ""treatment"" (generic) +1",NBK561148,2020,National Institute for Health and Care Research,Negative-pressure wound therapy compared with standard dressings following surgical treatment of major trauma to the lower limb: the WHiST RCT
812,2,Medical Sciences,5,"""cancer"" +3; ""patients"" (generic) +1; ""clinical"" (generic) +1",NBK562931,2020,Canadian Agency for Drugs and Technologies in Health,"Orthotic Bracing or Splinting of Upper Extremities in Patients with Chronic, Non-Cancer Pain: A Review of Clinical Effectiveness"
813,2,Medical Sciences,5,"""cancer"" +3; ""therapy"" (generic) +1; ""clinical"" (generic) +1",NBK562937,2020,Canadian Agency for Drugs and Technologies in Health,Manual Therapy for Chronic Non-Cancer Back and Neck Pain: A Review of Clinical Effectiveness
814,2,Medical Sciences,5,"""pediatric"" +3; ""therapy"" (generic) +1; ""patients"" (generic) +1",NBK562939,2020,Canadian Agency for Drugs and Technologies in Health,Ondansetron and Oral Rehydration Therapy in Pediatric Patients with Dehydration: A Review of Clinical Effectiveness
815,2,Medical Sciences,5,"""diabetes"" +3; ""treatment"" (generic) +1; ""patients"" (generic) +1",NBK562989,2020,Canadian Agency for Drugs and Technologies in Health,"CADTH Canadian Drug Expert Committee Recommendation: Glucagon Nasal Powder (Baqsimi — Eli Lilly Canada Inc): Indication: For the treatment of severe hypoglycemia (SH) reactions which may occur in the management of insulin treated patients with diabetes mellitus, when impaired consciousness precludes oral carbohydrates"
816,2,Medical Sciences,5,"""diabetes"" +3; ""clinical"" (generic) +1; ""treatment"" (generic) +1",NBK562995,2020,Canadian Agency for Drugs and Technologies in Health,"Clinical Review Report: Glucagon Nasal Powder (Baqsimi) (Eli Lilly Canada Inc): Indication: For the treatment of severe hypoglycemic reactions which may occur in the management of insulin treated patients with diabetes mellitus, when impaired consciousness precludes oral carbohydrates"
817,2,Medical Sciences,5,"""cancer"" +3; ""diagnosis"" (generic) +1; ""patients"" (generic) +1",NBK563003,2020,Canadian Agency for Drugs and Technologies in Health,"Pleuroscopy for the Diagnosis of Cancer in Patients with Pleural Effusion: A Review of the Diagnostic Accuracy, Safety, Cost-Effectiveness and Guidelines"
818,2,Medical Sciences,5,"""diabetes"" +3; ""treatment"" (generic) +1; ""patients"" (generic) +1",NBK563011,2020,Canadian Agency for Drugs and Technologies in Health,"Pharmacoeconomic Review Report: Glucagon Nasal Powder (Baqsimi) (Eli Lilly Canada Inc.): Indication: For the treatment of severe hypoglycemic reactions which may occur in the management of insulin treated patients with diabetes mellitus, when impaired consciousness precludes oral carbohydrates"
819,2,Medical Sciences,5,"""cardiovascular"" +3; ""clinical"" (generic) +1; ""treatment"" (generic) +1",NBK563057,2020,Canadian Agency for Drugs and Technologies in Health,"Clinical Review Report: Tafamidis (Vyndaqel) (Pfizer Canada ULC): Indication: For the treatment of adult patients with cardiomyopathy due to transthyretin-mediated amyloidosis, wild-type or hereditary, to reduce cardiovascular mortality and cardiovascular-related hospitalization"
820,2,Medical Sciences,5,"""diabetes"" +3; ""patients"" (generic) +1; ""clinical"" (generic) +1",NBK563524,2020,Canadian Agency for Drugs and Technologies in Health,"Islet Cell Transplantation for Patients with Unstable or Uncontrollable Diabetes Mellitus: A Review of Clinical Effectiveness, Cost-Effectiveness and Guidelines"
821,2,Medical Sciences,5,"""cancer"" +3; ""patients"" (generic) +1; ""clinical"" (generic) +1",NBK563525,2020,Canadian Agency for Drugs and Technologies in Health,Transanal Total Mesorectal Excision for Adult Patients with Rectal Cancer: A Review of Clinical Effectiveness and Cost-Effectiveness
822,2,Medical Sciences,5,"""infectious disease"" +3; ""health"" (generic) +1; ""disease"" (generic) +1",NBK563539,2001,American Society for Microbiology,"Health, Climate and Infectious Disease: A Global Perspective: This report is based on an American Academy of Microbiology colloquium held October 15-17, 1999, in Tucson, Arizona."
823,2,Medical Sciences,5,"""stroke"" +3; ""therapy"" (generic) +1; ""care"" (generic) +1",NBK563647,2020,National Institute for Health and Care Research,Robot-assisted training compared with an enhanced upper limb therapy programme and with usual care for upper limb functional limitation after stroke: the RATULS three-group RCT
824,2,Medical Sciences,5,"""cardiovascular"" +3; ""treatment"" (generic) +1; ""patients"" (generic) +1",NBK563700,2020,Canadian Agency for Drugs and Technologies in Health,"Pharmacoeconomic Review Report: Tafamidis (Vyndaqel) (Pfizer Canada ULC): Indication: For the treatment of adult patients with cardiomyopathy due to transthyretin-mediated amyloidosis, wild-type or hereditary, to reduce cardiovascular mortality and cardiovascular-related hospitalization"
825,2,Medical Sciences,5,"""diabetes"" +3; ""medical"" (generic) +1; ""therapy"" (generic) +1",NBK564056,2020,National Institute for Health and Care Research,A duodenal sleeve bypass device added to intensive medical therapy for obesity with type 2 diabetes: a RCT
826,2,Medical Sciences,5,"""parkinson"" +3; ""therapy"" (generic) +1; ""treatment"" (generic) +1",NBK564239,2020,Canadian Agency for Drugs and Technologies in Health,Pharmacoeconomic Review Report: Safinamide (Onstryv) (Valeo Pharma Inc.): Indication: For add-on therapy to a regimen that includes levodopa for the treatment of the signs and symptoms of idiopathic Parkinson disease (PD) in patients experiencing “OFF” episodes while on a stable dose of levodopa. Safinamide has not been shown to be effective as monotherapy for the treatment of PD
827,2,Medical Sciences,5,"""parkinson"" +3; ""therapy"" (generic) +1; ""treatment"" (generic) +1",NBK564245,2020,Canadian Agency for Drugs and Technologies in Health,CADTH Canadian Drug Expert Committee Recommendation: Safinamide (Onstryv — Valeo Pharma Inc.): Indication: For add-on therapy to a regimen that includes levodopa for the treatment of the signs and symptoms of idiopathic Parkinson’s disease (PD) in patients experiencing “OFF” episodes while on a stable dose of levodopa. Safinamide has not been shown to be effective as monotherapy for the treatment of PD
828,2,Medical Sciences,5,"""parkinson"" +3; ""clinical"" (generic) +1; ""therapy"" (generic) +1",NBK564257,2020,Canadian Agency for Drugs and Technologies in Health,Clinical Review Report: Safinamide (Onstryv) (Valeo Pharma Inc.): Indication: For add-on therapy to a regimen that includes levodopa for the treatment of the signs and symptoms of idiopathic Parkinson disease (PD) in patients experiencing “off” episodes while on a stable dose of levodopa. Safinamide has not been shown to be effective as monotherapy for the treatment of PD
829,2,Medical Sciences,5,"""paediatric"" +3; ""health"" (generic) +1; ""care"" (generic) +1",NBK564442,2020,National Institute for Health and Care Research,"Understanding the health-care experiences of people with sickle cell disorder transitioning from paediatric to adult services: This Sickle Cell Life, a longitudinal qualitative study"
830,2,Medical Sciences,5,"""pediatric"" +3; ""clinical"" (generic) +1; ""treatment"" (generic) +1",NBK564569,2020,Canadian Agency for Drugs and Technologies in Health,Clinical Review Report: Teduglutide (Revestive) (Shire Pharmaceuticals Ireland Limited): Indication: Treatment of adults and pediatric patients one year of age and above with short bowel syndrome who are dependent on parenteral support
831,2,Medical Sciences,5,"""pediatric"" +3; ""treatment"" (generic) +1; ""patients"" (generic) +1",NBK564582,2020,Canadian Agency for Drugs and Technologies in Health,Pharmacoeconomic Review Report: Teduglutide (Revestive) (Shire Pharmaceuticals Ireland Limited): Indication: Treatment of adults and pediatric patients one year of age and above with short bowel syndrome who are dependent on parenteral support
832,2,Medical Sciences,5,"""pediatric"" +3; ""treatment"" (generic) +1; ""patients"" (generic) +1",NBK564625,2019,Canadian Agency for Drugs and Technologies in Health,CADTH Canadian Drug Expert Committee Recommendation: Teduglutide (Revestive — Shire Pharmaceuticals Ireland Limited): Indication: treatment of adults and pediatric patients 1 year of age and above with Short Bowel Syndrome who are dependent on parenteral support
833,2,Medical Sciences,5,"""cancer"" +3; ""diagnostic"" (generic) +1; ""care"" (generic) +1",NBK564789,2020,National Institute for Health and Care Research,Cancer diagnostic tools to aid decision-making in primary care: mixed-methods systematic reviews and cost-effectiveness analysis
834,2,Medical Sciences,5,"""pediatric"" +3; ""treatment"" (generic) +1; ""patients"" (generic) +1",NBK565319,2020,Canadian Agency for Drugs and Technologies in Health,Pharmacoeconomic Review Report: Burosumab (Crysvita): Kyowa Kirin Limited: Indication: For the treatment of X-linked hypophosphatemia in adult and pediatric patients one year of age and older
835,2,Medical Sciences,5,"""cardiovascular"" +3; ""healthy"" (generic) +1; ""disease"" (generic) +1",NBK565468,2020,Agency for Healthcare Research and Quality (US),Behavioral Counseling Interventions to Promote a Healthy Diet and Physical Activity for Cardiovascular Disease Prevention in Adults With Cardiovascular Risk Factors: Updated Systematic Review for the U.S. Preventive Services Task Force
836,2,Medical Sciences,5,"""pediatric"" +3; ""clinical"" (generic) +1; ""treatment"" (generic) +1",NBK565487,2020,Canadian Agency for Drugs and Technologies in Health,Clinical Review Report: Burosumab (Crysvita) (Kyowa Kirin Limited): Indication: For the treatment of X-linked hypophosphatemia in adult and pediatric patients one year of age and older
837,2,Medical Sciences,5,"""tumor"" +3; ""clinical"" (generic) +1; ""treatment"" (generic) +1",NBK565500,2020,Canadian Agency for Drugs and Technologies in Health,"Clinical Review Report: Vedolizumab (Entyvio SC): Takeda Canada Inc. Indication: For the treatment of adult patients with moderately to severely active ulcerative colitis who have had an inadequate response, loss of response to, or were intolerant to either conventional therapy or infliximab, a tumor necrosis factor-alpha antagonist"
838,2,Medical Sciences,5,"""tumor"" +3; ""treatment"" (generic) +1; ""patients"" (generic) +1",NBK565523,2020,Canadian Agency for Drugs and Technologies in Health,"Pharmacoeconomic Report: Vedolizumab (Entyvio SC): Takeda Canada Inc. Indication: For the treatment of adult patients with moderately to severely active ulcerative colitis who have had an inadequate response, loss of response to, or were intolerant to either conventional therapy or infliximab, a tumor necrosis factor-alpha antagonist"
839,2,Medical Sciences,5,"""cardiovascular"" +3; ""clinical"" (generic) +1; ""patients"" (generic) +1",NBK565997,2020,Canadian Agency for Drugs and Technologies in Health,Clinical Review Report: Icosapent Ethyl (Vascepa) (HLS Therapeutics Inc.): Indication: Prevention of cardiovascular events in statin-treated patients
840,2,Medical Sciences,5,"""hiv"" +3; ""clinical"" (generic) +1; ""healthcare"" (generic) +1",NBK566697,2020,Canadian Agency for Drugs and Technologies in Health,"Clinical Review Report: Cabotegravir Tablets, Cabotegravir Extended-Release Injectable Suspension, and Rilpivirine Extended-Release Injectable Suspension (Vocabria, Cabenuva) (ViiV Healthcare ULC): Indication: HIV-1 infection"
841,2,Medical Sciences,5,"""tuberculosis"" +3; ""therapy"" (generic) +1; ""diagnostic"" (generic) +1",NBK567073,2020,Canadian Agency for Drugs and Technologies in Health,"Latent Tuberculosis Infection Testing in People with Compromised Immunity Prior to Biologic Therapy: A Review of Diagnostic Accuracy, Clinical Utility, and Guidelines"
842,2,Medical Sciences,5,"""tuberculosis"" +3; ""therapy"" (generic) +1; ""treatment"" (generic) +1",NBK567074,2020,Canadian Agency for Drugs and Technologies in Health,Direct Observational Therapy for the Treatment of Tuberculosis: A Review of Clinical Evidence and Guidelines
843,2,Medical Sciences,5,"""tuberculosis"" +3; ""diagnosis"" (generic) +1; ""diagnostic"" (generic) +1",NBK567199,2020,Canadian Agency for Drugs and Technologies in Health,Rapid and Simultaneous Tuberculosis and Antibiotic Susceptibility Testing for the Diagnosis of Pulmonary Tuberculosis and Rifampicin Resistance: A Review of Diagnostic Accuracy
844,2,Medical Sciences,5,"""asthma"" +3; ""treatment"" (generic) +1; ""disease"" (generic) +1",NBK568896,2021,Canadian Agency for Drugs and Technologies in Health,Pharmacoeconomic Review Report: Indacaterol/Mometasone Furoate (Atectura Breezhaler) (Novartis Pharmaceuticals Canada Inc.): Indication: Once-daily maintenance treatment of asthma in adults and adolescents 12 years of age and older with reversible obstructive airway disease
845,2,Medical Sciences,5,"""stroke"" +3; ""health"" (generic) +1; ""care"" (generic) +1",NBK569202,2021,National Institute for Health and Care Research,Longer-term health and social care strategies for stroke survivors and their carers: the LoTS2Care research programme including cluster feasibility RCT
846,2,Medical Sciences,5,"""diagnostic imaging"" +3; ""diseases"" (generic) +1; ""diagnostic"" (generic) +1",NBK570158,2021,Springer,Musculoskeletal Diseases 2021-2024: Diagnostic Imaging
847,2,Medical Sciences,5,"""hiv"" +3; ""treatment"" (generic) +1; ""care"" (generic) +1",NBK570385,2021,World Health Organization,Updated Recommendations on Service Delivery for the Treatment and Care of People Living with HIV
848,2,Medical Sciences,5,"""tuberculosis"" +3; ""diagnosis"" (generic) +1; ""diagnostics"" (generic) +1",NBK570420,2020,World Health Organization,WHO consolidated guidelines on tuberculosis: Module 3: diagnosis – rapid diagnostics for tuberculosis detection
849,2,Medical Sciences,5,"""psychiatric"" +3; ""care"" (generic) +1; ""medical"" (generic) +1",NBK570472,2018,Swedish Agency for Health Technology Assessment and Assessment of Social Services (SBU),"Psychological and psychosocial interventions in forensic psychiatric care: A systematic review and assessment of medical, economic, social and ethical aspects"
850,2,Medical Sciences,5,"""epilepsy"" +3; ""diagnosis"" (generic) +1; ""medical"" (generic) +1",NBK570474,2018,Swedish Agency for Health Technology Assessment and Assessment of Social Services (SBU),"Diagnosis and treatments for epilepsy: A systematic review and assessment of the medical, health economic, social and ethical aspects"
851,2,Medical Sciences,5,"""diabetic"" +3; ""disease"" (generic) +1; ""patients"" (generic) +1",NBK570781,2021,National Institute for Health and Care Research,Multimodal imaging interpreted by graders to detect re-activation of diabetic eye disease in previously treated patients: the EMERALD diagnostic accuracy study
852,2,Medical Sciences,5,"""psychiatric"" +3; ""treatment"" (generic) +1; ""care"" (generic) +1",NBK570858,2018,Swedish Agency for Health Technology Assessment and Assessment of Social Services (SBU),"Pharmaceutical treatment in forensic psychiatric care: A systematic review and assessment of the medical, economic, social and ethical aspects"
853,2,Medical Sciences,5,"""epileptic"" +3; ""therapy"" (generic) +1; ""medical"" (generic) +1",NBK571623,2021,National Institute for Health and Care Research,Cognitive–behavioural therapy compared with standardised medical care for adults with dissociative non-epileptic seizures: the CODES RCT
854,2,Medical Sciences,5,"""cardiovascular"" +3; ""care"" (generic) +1; ""therapy"" (generic) +1",NBK572048,2021,Canadian Agency for Drugs and Technologies in Health,"CADTH Canadian Drug Expert Committee Recommendation: Dapagliflozin (Forxiga — AstraZeneca Canada Inc.): Indication: in adults, as an adjunct to standard of care therapy, for the treatment of heart failure with reduced ejection fraction (HFrEF) to reduce the risk of cardiovascular death, hospitalization for heart failure (HF) and urgent HF visit"
855,2,Medical Sciences,5,"""tumor"" +3; ""treatment"" (generic) +1; ""patients"" (generic) +1",NBK572050,2019,Canadian Agency for Drugs and Technologies in Health,"CADTH Canadian Drug Expert Committee Recommendation: Tofacinitib (Xeljanz): Indication: For the treatment of adult patients with moderately to severely active ulcerative colitis (UC) with an inadequate response, loss of response or intolerance to either conventional UC therapy or a tumor necrosis factor-alpha inhibitor (TNFi)"
856,2,Medical Sciences,5,"""neurological"" +3; ""treatment"" (generic) +1; ""patients"" (generic) +1",NBK572180,2021,National Institute for Health and Care Research,Emergent aneurysm treatment compared with treatment on neurological improvement in patients with ruptured poor-grade aneurysmal subarachnoid haemorrhage: the TOPSAT2 RCT
857,2,Medical Sciences,5,"""tumour"" +3; ""treatment"" (generic) +1; ""patients"" (generic) +1",NBK572213,2019,Canadian Agency for Drugs and Technologies in Health,"Pharmacoeconomic Review Report: Tofacitinib (Xeljanz) (Pfizer Canada Inc.): Indication: For the treatment of adult patients with moderately to severely active ulcerative colitis (UC) with an inadequate response, loss of response, or intolerance to either conventional UC therapy or a tumour necrosis factor alpha inhibitor"
858,2,Medical Sciences,5,"""tumour"" +3; ""clinical"" (generic) +1; ""treatment"" (generic) +1",NBK572261,2019,Canadian Agency for Drugs and Technologies in Health,"Clinical Review Report: Tofacinitib (Xeljanz) (Pfizer Canada Inc.): Indication: For the treatment of adult patients with moderately to severely active ulcerative colitis (UC) with an inadequate response, loss of response, or intolerance to either conventional UC therapy or a tumour necrosis factor alpha inhibitor"
859,2,Medical Sciences,5,"""parkinson"" +3; ""treatment"" (generic) +1; ""patients"" (generic) +1",NBK572298,2021,Canadian Agency for Drugs and Technologies in Health,"CADTH Canadian Drug Expert Committee Recommendation: Apomorphine hydrochloride (Kynmobi — Sunovion Pharmaceuticals Canada Inc.): Indication: The acute, intermittent treatment of “OFF” episodes in patients with Parkinson disease (PD)"
860,2,Medical Sciences,5,"""tuberculosis"" +3; ""diagnosis"" (generic) +1; ""diagnostics"" (generic) +1",NBK572344,2021,World Health Organization,WHO consolidated guidelines on tuberculosis: Module 3: diagnosis – rapid diagnostics for tuberculosis detection
861,2,Medical Sciences,5,"""parkinson"" +3; ""clinical"" (generic) +1; ""treatment"" (generic) +1",NBK572496,2021,Canadian Agency for Drugs and Technologies in Health,"Clinical Review Report: Apomorphine hydrochloride (Kynmobi) (Sunovion Pharmaceuticals Canada Inc.): Indication: the acute, intermittent treatment of “OFF” episodes in patients with Parkinson disease"
862,2,Medical Sciences,5,"""parkinson"" +3; ""treatment"" (generic) +1; ""patients"" (generic) +1",NBK572562,2021,Canadian Agency for Drugs and Technologies in Health,"Pharmacoeconomic Report: Apomorphine Hydrochloride (Kynmobi) (Sunovion Pharmaceuticals Canada Inc.): Indication: The acute, intermittent treatment of “OFF” episodes in patients with Parkinson disease"
863,2,Medical Sciences,5,"""sepsis"" +3; ""treatment"" (generic) +1; ""syndrome"" (generic) +1",NBK572598,2021,National Institute for Health and Care Research,Defining phenotypes and treatment effect heterogeneity to inform acute respiratory distress syndrome and sepsis trials: secondary analyses of three RCTs
864,2,Medical Sciences,5,"""hiv"" +3; ""treatment"" (generic) +1; ""public health"" (generic) +1",NBK572729,2021,World Health Organization,"Consolidated Guidelines on HIV Prevention, Testing, Treatment, Service Delivery and Monitoring: Recommendations for a Public Health Approach"
865,2,Medical Sciences,5,"""cardiovascular"" +3; ""disease"" (generic) +1; ""health"" (generic) +1",NBK573196,2021,National Institute for Health and Care Research,Cardiovascular disease risk communication in NHS Health Checks using QRISK®2 and JBS3 risk calculators: the RICO qualitative and quantitative study
866,2,Medical Sciences,5,"""cancer"" +3; ""patients"" (generic) +1; ""treatment"" (generic) +1",NBK577715,2022,National Institute for Health and Care Research,Electronic self-reporting of adverse events for patients undergoing cancer treatment: the eRAPID research programme including two RCTs
867,2,Medical Sciences,5,"""intensive care"" +3; ""therapy"" (generic) +1; ""care"" (generic) +1",NBK578263,2022,National Institute for Health and Care Research,Heparin versus citrate anticoagulation for continuous renal replacement therapy in intensive care: the RRAM observational study
868,2,Medical Sciences,5,"""surgery"" +3; ""therapy"" (generic) +1; ""syndrome"" (generic) +1",NBK578366,2022,National Institute for Health and Care Research,Arthroscopic hip surgery compared with personalised hip therapy in people over 16 years old with femoroacetabular impingement syndrome: UK FASHIoN RCT
869,2,Medical Sciences,5,"""diabetic"" +3; ""diagnosis"" (generic) +1; ""treatment"" (generic) +1",NBK580224,2022,American Diabetes Association,Diagnosis and Treatment of Painful Diabetic Peripheral Neuropathy
870,2,Medical Sciences,5,"""stroke"" +3; ""treatment"" (generic) +1; ""patients"" (generic) +1",NBK580761,2022,National Institute for Health and Care Research,"Improving emergency treatment for patients with acute stroke: the PEARS research programme, including the PASTA cluster RCT"
871,2,Medical Sciences,5,"""asthma"" +3; ""treatment"" (generic) +1; ""care"" (generic) +1",NBK581020,2022,National Institute for Health and Care Research,Treatment guided by fractional exhaled nitric oxide in addition to standard care in 6- to 15-year-olds with asthma: the RAACENO RCT
872,2,Medical Sciences,5,"""hiv"" +3; ""treatment"" (generic) +1; ""patients"" (generic) +1",NBK581531,2022,World Health Organization,WHO guideline for the treatment of visceral leishmaniasis in HIV co-infected patients in East Africa and South-East Asia
873,2,Medical Sciences,5,"""hiv"" +3; ""diagnosing"" (generic) +1; ""disease"" (generic) +1",NBK581832,2022,World Health Organization,"Guidelines for Diagnosing, Preventing and Managing Cryptococcal Disease Among Adults, Adolescents and Children Living with HIV"
874,2,Medical Sciences,5,"""cardiovascular"" +3; ""healthy"" (generic) +1; ""disease"" (generic) +1",NBK583091,2022,Agency for Healthcare Research and Quality (US),Behavioral Counseling Interventions to Promote a Healthy Diet and Physical Activity for Cardiovascular Disease Prevention in Adults Without Known Cardiovascular Disease Risk Factors: Updated Systematic Review for the U.S. Preventive Services Task Force
875,2,Medical Sciences,5,"""cancer"" +3; ""therapy"" (generic) +1; ""treatment"" (generic) +1",NBK583217,2022,Department of Veterans Affairs (US),Evidence Brief: Proton Beam Therapy for Treatment of Localized Prostate Cancer
876,2,Medical Sciences,5,"""cancer"" +3; ""patients"" (generic) +1; ""care"" (generic) +1",NBK583415,2022,National Cancer Institute (US),Treating Smoking in Cancer Patients: An Essential Component of Cancer Care
877,2,Medical Sciences,5,"""pediatric"" +3; ""treatment"" (generic) +1; ""patients"" (generic) +1",NBK584026,2021,Canadian Agency for Drugs and Technologies in Health,"Pharmacoeconomic Report: Onasemnogene Abeparvovec (Zolgensma) (Novartis Pharmaceuticals Canada Inc.): Indication: For the treatment of pediatric patients with 5q spinal muscular atrophy (SMA) with bi-allelic mutations in the survival motor neuron 1 (SMN1) gene and 3 or fewer copies of SMN2 gene; or, infantile-onset SMA"
878,2,Medical Sciences,5,"""pediatric"" +3; ""clinical"" (generic) +1; ""treatment"" (generic) +1",NBK584036,2021,Canadian Agency for Drugs and Technologies in Health,Clinical Review Report: Onasemnogene Abeparvovec (Zolgensma) (Novartis Pharmaceuticals Canada Inc.): Indication: For the treatment of pediatric patients with 5q spinal muscular atrophy (SMA) with bi-allelic mutations in the survival motor neuron 1 (SMN1) gene and: 3 or fewer copies of SMN2 gene; or infantile-onset SMA
879,2,Medical Sciences,5,"""textbook of"" +3; ""patient"" (generic) +1; ""clinical"" (generic) +1",NBK585609,2021,Springer,Textbook of Patient Safety and Clinical Risk Management
880,2,Medical Sciences,5,"""tuberculosis"" +3; ""treatment"" (generic) +1; ""care"" (generic) +1",NBK586527,2022,World Health Organization,WHO consolidated guidelines on tuberculosis: Module 4: treatment – Tuberculosis care and support
881,2,Medical Sciences,5,"""cancer"" +3; ""care"" (generic) +1; ""health"" (generic) +1",NBK586639,2013,The Dartmouth Institute for Health Policy and Clinical Practice,Trends in Cancer Care Near the End of Life: A Dartmouth Atlas of Health Care Brief
882,2,Medical Sciences,5,"""surgical"" +3; ""care"" (generic) +1; ""health"" (generic) +1",NBK586643,2014,The Dartmouth Institute for Health Policy and Clinical Practice,Variation in the Care of Surgical Conditions: Obesity: A Dartmouth Atlas of Health Care Series
883,2,Medical Sciences,5,"""surgical"" +3; ""care"" (generic) +1; ""health"" (generic) +1",NBK586758,2014,The Dartmouth Institute for Health Policy and Clinical Practice,Variation in the Care of Surgical Conditions: Cerebral Aneurysms: A Dartmouth Atlas of Health Care Series
884,2,Medical Sciences,5,"""surgical"" +3; ""care"" (generic) +1; ""health"" (generic) +1",NBK586767,2014,The Dartmouth Institute for Health Policy and Clinical Practice,Variation in the Care of Surgical Conditions: Spinal Stenosis: A Dartmouth Atlas of Health Care Series
885,2,Medical Sciences,5,"""surgical"" +3; ""care"" (generic) +1; ""disease"" (generic) +1",NBK587511,2014,The Dartmouth Institute for Health Policy and Clinical Practice,Variation in the Care of Surgical Conditions: End-Stage Renal Disease: A Dartmouth Atlas of Health Care Series
886,2,Medical Sciences,5,"""cancer"" +3; ""care"" (generic) +1; ""medicare"" (generic) +1",NBK587549,2010,The Dartmouth Institute for Health Policy and Clinical Practice,Quality of End-of-Life Cancer Care for Medicare Beneficiaries: Regional and Hospital-Specific Analyses
887,2,Medical Sciences,5,"""surgical"" +3; ""care"" (generic) +1; ""health"" (generic) +1",NBK587562,2015,The Dartmouth Institute for Health Policy and Clinical Practice,Variation in the Care of Surgical Conditions: A Dartmouth Atlas of Health Care Series
888,2,Medical Sciences,5,"""cardiovascular"" +3; ""health"" (generic) +1; ""care"" (generic) +1",NBK588937,2000,The Dartmouth Institute for Health Policy and Clinical Practice,The Dartmouth Atlas of Cardiovascular Health Care: The Center for the Evaluative Clinical Sciences and The Center for Outcomes Research and Evaluation
889,2,Medical Sciences,5,"""cancer"" +3; ""treatment"" (generic) +1; ""patients"" (generic) +1",NBK589556,2020,Patient-Centered Outcomes Research Institute (PCORI),How Do Preferences for Treatment Change After Patients With Lung Cancer Start Chemotherapy?
890,2,Medical Sciences,5,"""surgery"" +3; ""health"" (generic) +1; ""care"" (generic) +1",NBK589608,2023,National Institute for Health and Care Research,"Views of female genital mutilation survivors, men and health-care professionals on timing of deinfibulation surgery and NHS service provision: qualitative FGM Sister Study"
891,2,Medical Sciences,5,"""parkinson"" +3; ""care"" (generic) +1; ""disease"" (generic) +1",NBK589893,2018,Patient-Centered Outcomes Research Institute (PCORI),Do Video House Calls With a Specialist Help Get Care to People With Parkinson's Disease?
892,2,Medical Sciences,5,"""parkinson"" +3; ""treatment"" (generic) +1; ""disease"" (generic) +1",NBK591048,2021,Canadian Agency for Drugs and Technologies in Health,Adaptive Deep Brain Stimulation for the Treatment of Parkinson Disease and Essential Tremor: CADTH Horizon Scan
893,2,Medical Sciences,5,"""pediatric"" +3; ""care"" (generic) +1; ""healthcare"" (generic) +1",NBK591524,2022,Agency for Healthcare Research and Quality (US),Transitions of Care From Pediatric to Adult Services for Children With Special Healthcare Needs
894,2,Medical Sciences,5,"""diabetes"" +3; ""patient"" (generic) +1; ""care"" (generic) +1",NBK592769,2019,Patient-Centered Outcomes Research Institute (PCORI),Using Patient-Reported Outcome Measures during Routine Care of Patients with Type 2 Diabetes
895,2,Medical Sciences,5,"""stroke"" +3; ""therapies"" (generic) +1; ""patients"" (generic) +1",NBK592989,2023,Patient-Centered Outcomes Research Institute (PCORI),Evaluating Therapies to Prevent Future Stroke in Patients with Patent Foramen Ovale-Related Strokes — The SCOPE Study
896,2,Medical Sciences,5,"""diabetes"" +3; ""treatment"" (generic) +1; ""patients"" (generic) +1",NBK593551,2019,Patient-Centered Outcomes Research Institute (PCORI),Automated Tracking of Symptoms and Treatment Side Effects to Help Patients Starting New Medicines for Diabetes-Related Nerve Pain
897,2,Medical Sciences,5,"""clinical practice"" +3; ""patient"" (generic) +1; ""clinical"" (generic) +1",NBK593656,2020,Patient-Centered Outcomes Research Institute (PCORI),Developing a Process for Getting Patient and Caregiver Input on Clinical Practice Guidelines
898,2,Medical Sciences,5,"""lymphoma"" +3; ""treatment"" (generic) +1; ""patients"" (generic) +1",NBK594332,2021,Canadian Agency for Drugs and Technologies in Health,Chlormethine Gel (Ledaga): CADTH Reimbursement Recommendation: Indication: The topical treatment of stage IA and IB mycosis fungoides-type cutaneous T-cell lymphoma in adult patients who have received prior skin-directed therapy
899,2,Medical Sciences,5,"""cancer"" +3; ""patients"" (generic) +1; ""health"" (generic) +1",NBK594335,2021,Canadian Agency for Drugs and Technologies in Health,Lung-RADS Versus Pan-Canadian Early Detection of Lung Cancer Study Screening for Patients at High Risk of Lung Cancer: CADTH Health Technology Review
900,2,Medical Sciences,5,"""pediatric"" +3; ""treatment"" (generic) +1; ""patients"" (generic) +1",NBK594382,2023,Canadian Agency for Drugs and Technologies in Health,"Selumetinib (Koselugo): CADTH Reimbursement Recommendation: Indication: For the treatment of pediatric patients aged 2 years and above, with neurofibromatosis type 1 who have symptomatic, inoperable plexiform neurofibromas"
901,2,Medical Sciences,5,"""cancer"" +3; ""healthcare"" (generic) +1; ""care"" (generic) +1",NBK594586,2023,Agency for Healthcare Research and Quality (US),Measuring Healthcare Organization Characteristics in Cancer Care Delivery Research
902,2,Medical Sciences,5,"""cancers"" +3; ""therapy"" (generic) +1; ""treatment"" (generic) +1",NBK595072,2023,Department of Veterans Affairs (US),Hypofractionation Radiation Therapy for Definitive Treatment of Selected Cancers: A Systematic Review
903,2,Medical Sciences,5,"""hiv"" +3; ""care"" (generic) +1; ""health"" (generic) +1",NBK595137,2023,Canadian Agency for Drugs and Technologies in Health,Point-of-Care HIV and Syphilis Screening: CADTH Health Technology Review
904,2,Medical Sciences,5,"""parkinson"" +3; ""treatment"" (generic) +1; ""patients"" (generic) +1",NBK595155,2023,Canadian Agency for Drugs and Technologies in Health,"Foslevodopa-Foscarbidopa (Vyalev): CADTH Reimbursement Recommendation: Indication: For the treatment of motor fluctuations in patients with advanced levodopa-responsive Parkinson's disease who do not have satisfactory control of severe, debilitating motor fluctuations and hyper-/dyskinesia despite optimized treatment with available combinations of Parkinson's medicinal products"
905,2,Medical Sciences,5,"""pediatric"" +3; ""treatment"" (generic) +1; ""health"" (generic) +1",NBK595368,2022,Canadian Agency for Drugs and Technologies in Health,Cost-Effectiveness of Treatment for Pediatric Immune Thrombocytopenia: CADTH Health Technology Review
906,2,Medical Sciences,5,"""cancer"" +3; ""treatment"" (generic) +1; ""patients"" (generic) +1",NBK595376,2022,Canadian Agency for Drugs and Technologies in Health,"Enfortumab Vedotin (Padcev): CADTH Reimbursement Recommendation: Indication: For the treatment of adult patients with unresectable, locally advanced or metastatic urothelial cancer who have previously received a platinum-containing chemotherapy and programmed death receptor-1 or programmed death-ligand 1 inhibitor therapy"
907,2,Medical Sciences,5,"""hypertension"" +3; ""treatment"" (generic) +1; ""patients"" (generic) +1",NBK595383,2022,Canadian Agency for Drugs and Technologies in Health,"Macitentan and Tadalafil (Opsynvi): CADTH Reimbursement Recommendation: Indication: For the long-term treatment of pulmonary arterial hypertension (PAH; WHO Group 1) to reduce morbidity in patients of WHO functional class II or III whose PAH is idiopathic, heritable, or associated with connective tissue disease or congenital heart disease. Opsynvi should be used in patients who are currently treated concomitantly with stable doses of macitentan 10 mg and tadalafil 40 mg (20 mg × 2) as separate tablets"
908,2,Medical Sciences,5,"""cardiac"" +3; ""patients"" (generic) +1; ""health"" (generic) +1",NBK595387,2022,Canadian Agency for Drugs and Technologies in Health,Temperature Management in Patients After Cardiac Arrest: CADTH Health Technology Review
909,2,Medical Sciences,5,"""cancer"" +3; ""treatment"" (generic) +1; ""patients"" (generic) +1",NBK595391,2022,Canadian Agency for Drugs and Technologies in Health,"Pertuzumab (Perjeta): CADTH Reimbursement Recommendation: Indication: In combination with trastuzumab and chemotherapy for the neoadjuvant treatment of patients with human epidermal growth factor receptor 2 (HER2)-positive, locally advanced, inflammatory, or early-stage breast cancer (either 2 cm in diameter or node positive)"
910,2,Medical Sciences,5,"""cancer"" +3; ""treatment"" (generic) +1; ""patients"" (generic) +1",NBK595399,2022,Canadian Agency for Drugs and Technologies in Health,Nivolumab (Opdivo): CADTH Reimbursement Recommendation: Indication: For the adjuvant treatment of completely resected esophageal or gastroesophageal junction cancer in patients who have residual pathologic disease following prior neoadjuvant chemoradiotherapy
911,2,Medical Sciences,5,"""cancer"" +3; ""treatment"" (generic) +1; ""patients"" (generic) +1",NBK595400,2022,Canadian Agency for Drugs and Technologies in Health,"Sacituzumab Govitecan (Trodelvy): CADTH Reimbursement Recommendation: Indication: For the treatment of adult patients with unresectable locally advanced or metastatic triple-negative breast cancer who have received 2 or more prior therapies, with at least 1 of them for metastatic disease"
912,2,Medical Sciences,5,"""cardiovascular"" +3; ""therapies"" (generic) +1; ""disease"" (generic) +1",NBK595412,2022,Canadian Agency for Drugs and Technologies in Health,"Inclisiran (Leqvio): CADTH Reimbursement Recommendation: Indication: As an adjunct to lifestyle changes, including diet, to further reduce low-density lipoprotein cholesterol (LDL-C) level in adults with the following conditions who are on maximally tolerated dose of a statin, with or without other LDL-C -lowering therapies: heterozygous familial hypercholesterolemia (HeFH), or non-familial hypercholesterolemia with atherosclerotic cardiovascular disease"
913,2,Medical Sciences,5,"""pediatric"" +3; ""treatment"" (generic) +1; ""patients"" (generic) +1",NBK595413,2022,Canadian Agency for Drugs and Technologies in Health,Triheptanoin (Dojolvi): CADTH Reimbursement Recommendation: Indication: As a source of calories and fatty acids for the treatment of adult and pediatric patients with long-chain fatty acid oxidation disorders (LC-FAOD)
914,2,Medical Sciences,5,"""clinical practice"" +3; ""patients"" (generic) +1; ""clinical"" (generic) +1",NBK596277,2021,Patient-Centered Outcomes Research Institute (PCORI),Methods to Apply Results from Randomized Trials to Patients in Clinical Practice
915,2,Medical Sciences,5,"""cancer"" +3; ""treatment"" (generic) +1; ""patients"" (generic) +1",NBK596310,2023,Canadian Agency for Drugs and Technologies in Health,"Amivantamab (Rybrevant): CADTH Reimbursement Recommendation: Indication: For the treatment of adult patients with locally advanced or metastatic non–small cell lung cancer with activating epidermal growth factor receptor exon 20 insertion mutations whose disease has progressed on, or after platinum-based chemotherapy"
916,2,Medical Sciences,5,"""pediatric"" +3; ""treatment"" (generic) +1; ""patients"" (generic) +1",NBK596314,2023,Canadian Agency for Drugs and Technologies in Health,Ravulizumab (Ultomiris): CADTH Reimbursement Recommendation: Indication: For the treatment of adult and pediatric patients 1 month of age and older with atypical hemolytic uremic syndrome to inhibit complement-mediated thrombotic microangiopathy
917,2,Medical Sciences,5,"""cancer"" +3; ""treatment"" (generic) +1; ""patients"" (generic) +1",NBK596340,2023,Canadian Agency for Drugs and Technologies in Health,"Olaparib (Lynparza): CADTH Reimbursement Recommendation: Indication: For the adjuvant treatment of adult patients with deleterious or suspected deleterious germline BRCA-mutated, human epidermal growth factor receptor 2-negative high risk early breast cancer who have been treated with neoadjuvant or adjuvant chemotherapy. Patients must have confirmation of germline BRCA mutation before Lynparza treatment is initiated"
918,2,Medical Sciences,5,"""asthma"" +3; ""health"" (generic) +1; ""patients"" (generic) +1",NBK596474,2021,Patient-Centered Outcomes Research Institute (PCORI),Examining Home Visits from Community Health Workers to Help Patients Manage Asthma Symptoms
919,2,Medical Sciences,5,"""leukemia"" +3; ""treatment"" (generic) +1; ""patients"" (generic) +1",NBK596615,2023,Canadian Agency for Drugs and Technologies in Health,Brexucabtagene Autoleucel (Tecartus): CADTH Reimbursement Recommendation: Indication: For the treatment of adult patients with relapsed or refractory B-cell precursor acute lymphoblastic leukemia
920,2,Medical Sciences,5,"""hiv"" +3; ""therapy"" (generic) +1; ""health"" (generic) +1",NBK596640,2023,Canadian Agency for Drugs and Technologies in Health,Risk of Sexual Transmission of HIV With Antiretroviral Therapy and Variable or Suppressed Viral Load: CADTH Health Technology Review
921,2,Medical Sciences,5,"""carcinoma"" +3; ""treatment"" (generic) +1; ""patients"" (generic) +1",NBK596646,2022,Canadian Agency for Drugs and Technologies in Health,Cemiplimab (Libtayo): CADTH Reimbursement Recommendation: Indication: For the treatment of patients with locally advanced basal cell carcinoma (BCC) previously treated with a hedgehog pathway inhibitor
922,2,Medical Sciences,5,"""pediatric"" +3; ""treatment"" (generic) +1; ""health"" (generic) +1",NBK596668,2022,Canadian Agency for Drugs and Technologies in Health,Adalimumab for the Treatment of Pediatric Populations With Non-Infectious Uveitis: CADTH Health Technology Review
923,2,Medical Sciences,5,"""pediatric"" +3; ""care"" (generic) +1; ""medical"" (generic) +1",NBK596745,2023,Canadian Agency for Drugs and Technologies in Health,Shortages of Care and Medical Devices Affecting the Pediatric Patient Population: CADTH Horizon Scan
924,2,Medical Sciences,5,"""surgical"" +3; ""medical"" (generic) +1; ""treatment"" (generic) +1",NBK596976,2023,National Institute for Health and Care Research,Rates of medical or surgical treatment for women with heavy menstrual bleeding: the ECLIPSE trial 10-year observational follow-up study
925,2,Medical Sciences,5,"""alzheimer"" +3; ""clinical"" (generic) +1; ""disease"" (generic) +1",NBK597046,2023,National Institute for Health and Care Research,"A pragmatic, multicentre, double-blind, placebo-controlled randomised trial to assess the safety, clinical and cost-effectiveness of mirtazapine and carbamazepine in people with Alzheimer’s disease and agitated behaviours: the HTA-SYMBAD trial"
926,2,Medical Sciences,5,"""neurological"" +3; ""health"" (generic) +1; ""disorders"" (generic) +1",NBK598414,2023,World Health Organization,"Mental Health Gap Action Programme (mhGAP) guideline for mental, neurological and substance use disorders"
927,2,Medical Sciences,5,"""stroke"" +3; ""therapy"" (generic) +1; ""health"" (generic) +1",NBK599025,2022,Canadian Agency for Drugs and Technologies in Health,Systemic Thrombolysis and Endovascular Therapy for Large Vessel Occlusion Acute Ischemic Stroke: CADTH Health Technology Review
928,2,Medical Sciences,5,"""cancer"" +3; ""treatment"" (generic) +1; ""patients"" (generic) +1",NBK599379,2023,Canadian Agency for Drugs and Technologies in Health,"Durvalumab (Imfinzi): CADTH Reimbursement Recommendation: Indication: In combination with gemcitabine-based chemotherapy, for the treatment of patients with locally advanced or metastatic biliary tract cancer"
929,2,Medical Sciences,5,"""lymphoma"" +3; ""treatment"" (generic) +1; ""patients"" (generic) +1",NBK599771,2023,Canadian Agency for Drugs and Technologies in Health,"Tisagenlecleucel (Kymriah): CADTH Reimbursement Recommendation: Indication: For the treatment of adult patients with relapsed or refractory grade 1, 2, or 3a follicular lymphoma after 2 or more lines of systemic therapy"
930,2,Medical Sciences,5,"""leukemia"" +3; ""treatment"" (generic) +1; ""patients"" (generic) +1",NBK599773,2023,Canadian Agency for Drugs and Technologies in Health,Zanubrutinib (Brukinsa): CADTH Reimbursement Recommendation: Indication: For the treatment of adult patients with chronic lymphocytic leukemia
931,2,Medical Sciences,5,"""parkinson"" +3; ""therapeutic"" (generic) +1; ""disease"" (generic) +1",NBK599787,2023,Canadian Agency for Drugs and Technologies in Health,Foslevodopa-Foscarbidopa (Vyalev): CADTH Reimbursement Review: Therapeutic area: Parkinson disease
932,2,Medical Sciences,5,"""pediatric"" +3; ""treatment"" (generic) +1; ""patients"" (generic) +1",NBK599837,2023,Canadian Agency for Drugs and Technologies in Health,Somapacitan (Sogroya): CADTH Reimbursement Recommendation: Indication: For the long-term treatment of pediatric patients who have growth failure due to an inadequate secretion of endogenous growth hormone (growth hormone deficiency)
933,2,Medical Sciences,5,"""lymphoma"" +3; ""treatment"" (generic) +1; ""patients"" (generic) +1",NBK599982,2023,Canadian Agency for Drugs and Technologies in Health,"Axicabtagene ciloleucel (Yescarta): CADTH Reimbursement Recommendation: Indication: For the treatment of adult patients with relapsed or refractory grade 1, 2, or 3a follicular lymphoma after 2 or more lines of systemic therapy"
934,2,Medical Sciences,5,"""carcinoma"" +3; ""treatment"" (generic) +1; ""patients"" (generic) +1",NBK599983,2023,Canadian Agency for Drugs and Technologies in Health,Tremelimumab (Imjudo) in Combination With Durvalumab (Imfinzi): CADTH Reimbursement Recommendation: Indication: For the first-line treatment of adult patients with unresectable hepatocellular carcinoma who require systemic therapy
935,2,Medical Sciences,5,"""leukemia"" +3; ""treatment"" (generic) +1; ""patients"" (generic) +1",NBK599985,2023,Canadian Agency for Drugs and Technologies in Health,"Ibrutinib (Imbruvica): CADTH Reimbursement Recommendation: Indication: Ibrutinib in combination with venetoclax for the treatment of adult patients with previously untreated chronic lymphocytic leukemia, including those with 17p deletion"
936,2,Medical Sciences,5,"""pediatric"" +3; ""patients"" (generic) +1; ""syndrome"" (generic) +1",NBK599986,2023,Canadian Agency for Drugs and Technologies in Health,Setmelanotide (Imcivree): CADTH Reimbursement Recommendation: Indication: For weight management in adult and pediatric patients 6 years of age and older with obesity due to Bardet-Biedl syndrome
937,2,Medical Sciences,5,"""tumours"" +3; ""therapeutic"" (generic) +1; ""disease"" (generic) +1",NBK600000,2023,Canadian Agency for Drugs and Technologies in Health,Belzutifan (Welireg): CADTH Reimbursement Review: Therapeutic area: von Hippel-Lindau disease–associated tumours
938,2,Medical Sciences,5,"""cardiovascular"" +3; ""treatment"" (generic) +1; ""disease"" (generic) +1",NBK601060,2024,National Institute for Health and Care Research,The implications of competing risks and direct treatment disutility in cardiovascular disease and osteoporotic fracture: risk prediction and cost effectiveness analysis
939,2,Medical Sciences,5,"""diabetes"" +3; ""treatment"" (generic) +1; ""health"" (generic) +1",NBK601514,2021,Patient-Centered Outcomes Research Institute (PCORI),Comparing Preferences for Depression and Diabetes Treatment among Adults of Different Racial and Ethnic Groups Who Reported Discrimination in Health Care
940,2,Medical Sciences,5,"""cancer"" +3; ""therapeutic"" (generic) +1; ""treatment"" (generic) +1",NBK601723,2022,Canadian Agency for Drugs and Technologies in Health,"Abemaciclib (Verzenio): CADTH Reimbursement Review: Therapeutic area: Adjuvant treatment of hormone receptor–positive, human epidermal growth factor receptor 2–negative early breast cancer"
941,2,Medical Sciences,5,"""carcinoma"" +3; ""therapeutic"" (generic) +1; ""treatment"" (generic) +1",NBK601748,2023,Canadian Agency for Drugs and Technologies in Health,"Pembrolizumab (Keytruda): CADTH Reimbursement Review: Therapeutic area: Renal cell carcinoma, adjuvant treatment"
942,2,Medical Sciences,5,"""diabetic"" +3; ""treatment"" (generic) +1; ""patients"" (generic) +1",NBK601799,2023,Canadian Agency for Drugs and Technologies in Health,Dexamethasone Intravitreal Implant (Ozurdex): CADTH Reimbursement Recommendation: Indication: For the treatment of adult patients with diabetic macular edema who are pseudophakic and have had an inadequate response to prior anti–vascular endothelial growth factor therapy
943,2,Medical Sciences,5,"""cancer"" +3; ""treatment"" (generic) +1; ""patients"" (generic) +1",NBK601811,2023,Canadian Agency for Drugs and Technologies in Health,Lurbinectedin (Zepzelca): CADTH Reimbursement Recommendation: Indication: For the treatment of adult patients with stage III or metastatic small cell lung cancer who have progressed on or after platinum-containing therapy
944,2,Medical Sciences,5,"""asthma"" +3; ""treatment"" (generic) +1; ""patients"" (generic) +1",NBK601813,2023,Canadian Agency for Drugs and Technologies in Health,Dupilumab (Dupixent): CADTH Reimbursement Recommendation: Indication: As an add-on maintenance treatment in patients aged 6 years and older with severe asthma with a type 2/eosinophilic phenotype or oral corticosteroid-dependent asthma
945,2,Medical Sciences,5,"""pediatric"" +3; ""treatment"" (generic) +1; ""patients"" (generic) +1",NBK601815,2023,Canadian Agency for Drugs and Technologies in Health,Lumasiran (Oxlumo): CADTH Reimbursement Recommendation: Indication: For the treatment of primary hyperoxaluria type 1 to lower urinary oxalate levels in pediatric and adult patients
946,2,Medical Sciences,5,"""lymphoma"" +3; ""treatment"" (generic) +1; ""patients"" (generic) +1",NBK601820,2023,Canadian Agency for Drugs and Technologies in Health,Axicabtagene Ciloleucel (Yescarta): CADTH Reimbursement Recommendation: Indication: For the treatment of adult patients with diffuse large B-cell lymphoma or high-grade B-cell lymphoma that is refractory to first-line chemoimmunotherapy or that relapses within 12 months of first-line chemoimmunotherapy
947,2,Medical Sciences,5,"""cancer"" +3; ""treatment"" (generic) +1; ""patients"" (generic) +1",NBK601835,2023,Canadian Agency for Drugs and Technologies in Health,Darolutamide (Nubeqa): CADTH Reimbursement Recommendation: Indication: For the treatment of patients with metastatic castration-sensitive prostate cancer in combination with docetaxel
948,2,Medical Sciences,5,"""tuberculosis"" +3; ""diagnosis"" (generic) +1; ""diagnostics"" (generic) +1",NBK602005,2024,World Health Organization,WHO consolidated guidelines on tuberculosis: Module 3: Diagnosis – Rapid diagnostics for tuberculosis detection
949,2,Medical Sciences,5,"""cardiovascular"" +3; ""patients"" (generic) +1; ""disease"" (generic) +1",NBK602245,2024,National Institute for Health and Care Research,Allopurinol and cardiovascular outcomes in patients with ischaemic heart disease: the ALL-HEART RCT and economic evaluation
950,2,Medical Sciences,5,"""pediatric"" +3; ""therapies"" (generic) +1; ""treatment"" (generic) +1",NBK602392,2024,Canadian Agency for Drugs and Technologies in Health,Evinacumab (Evkeeza): CADTH Reimbursement Recommendation: Indication: As an adjunct to diet and other low-density lipoprotein cholesterol (LDL-C) lowering therapies for the treatment of adult and pediatric patients aged 5 years and older with homozygous familial hypercholesterolemia (HoFH)
951,2,Medical Sciences,5,"""pediatric"" +3; ""treatment"" (generic) +1; ""patients"" (generic) +1",NBK602507,2024,Canadian Agency for Drugs and Technologies in Health,Nivolumab and Relatlimab (Opdualag): CADTH Reimbursement Recommendation: Indication: For the treatment of adult and pediatric patients 12 years of age or older with unresectable or metastatic melanoma who have not received prior systemic therapy for unresectable or metastatic melanoma
952,2,Medical Sciences,5,"""cancer"" +3; ""treatment"" (generic) +1; ""patients"" (generic) +1",NBK602511,2024,Canadian Agency for Drugs and Technologies in Health,Olaparib (Lynparza): CADTH Reimbursement Recommendation: Indication: In combination with abiraterone and prednisone or prednisolone for the treatment of adult patients with deleterious or suspected deleterious germline and/or somatic BRCA-mutated metastatic castration-resistant prostate cancer (mCRPC) in whom chemotherapy is not clinically indicated. BRCA mutation must be confirmed before olaparib treatment is initiated
953,2,Medical Sciences,5,"""cancer"" +3; ""therapy"" (generic) +1; ""health"" (generic) +1",NBK602613,2022,Canadian Agency for Drugs and Technologies in Health,Internet-Delivered Cognitive Behavioural Therapy for the Management of Chronic Non-Cancer Pain: Health Technology Assessment
954,2,Medical Sciences,5,"""lymphoma"" +3; ""treatment"" (generic) +1; ""patients"" (generic) +1",NBK602619,2022,Canadian Agency for Drugs and Technologies in Health,"Tafasitamab (Minjuvi): CADTH Reimbursement Recommendation: Indication: In combination with lenalidomide for the treatment of adult patients with relapsed or refractory diffuse large B-cell lymphoma not otherwise specified, including diffuse large B-cell lymphoma arising from low grade lymphoma, who are not eligible for autologous stem cell transplant"
955,2,Medical Sciences,5,"""carcinoma"" +3; ""treatment"" (generic) +1; ""patients"" (generic) +1",NBK602620,2022,Canadian Agency for Drugs and Technologies in Health,Nivolumab (Opdivo): CADTH Reimbursement Recommendation: Indication: As a monotherapy for the adjuvant treatment of adult patients with urothelial carcinoma (UC) who are at high risk of recurrence after undergoing radical resection of UC
956,2,Medical Sciences,5,"""cancer"" +3; ""treatment"" (generic) +1; ""patients"" (generic) +1",NBK602623,2022,Canadian Agency for Drugs and Technologies in Health,Pralsetinib (Gavreto): CADTH Reimbursement Recommendation: Indication: For the treatment of adult patients with rearranged during transfection (RET) fusion–positive locally advanced unresectable or metastatic non–small cell lung cancer (NSCLC)
957,2,Medical Sciences,5,"""tumours"" +3; ""treatment"" (generic) +1; ""disease"" (generic) +1",NBK602624,2022,Canadian Agency for Drugs and Technologies in Health,"Lutetium (177Lu) Oxodotreotide (Lutathera): CADTH Reimbursement Recommendation: Indication: For the treatment of unresectable or metastatic, well-differentiated, somatostatin receptor (SSR)–positive pancreatic neuroendocrine tumours (pNETs) in adults whose disease has progressed after treatment with a somatostatin analogue (SSA), unless there is a contraindication or intolerance"
958,2,Medical Sciences,5,"""cancer"" +3; ""treatment"" (generic) +1; ""patients"" (generic) +1",NBK602625,2022,Canadian Agency for Drugs and Technologies in Health,Trastuzumab Deruxtecan (Enhertu): CADTH Reimbursement Recommendation: Indication: For the treatment of adult patients with unresectable or metastatic HER2-positive breast cancer who have received a prior treatment with an anti-HER2-based regimen in the metastatic setting or developed disease recurrence during or within 6 months of completing neoadjuvant or adjuvant therapy
959,2,Medical Sciences,5,"""pediatric"" +3; ""treatment"" (generic) +1; ""patients"" (generic) +1",NBK602677,2022,Canadian Agency for Drugs and Technologies in Health,Pembrolizumab (Keytruda): CADTH Reimbursement Recommendation: Indication: Adjuvant treatment of adult and pediatric (12 years and older) patients with stage IIB or IIC melanoma following complete resection
960,2,Medical Sciences,5,"""carcinoma"" +3; ""treatment"" (generic) +1; ""patients"" (generic) +1",NBK602678,2022,Canadian Agency for Drugs and Technologies in Health,Cabozantinib (Cabometyx): CADTH Reimbursement Recommendation: Indication: For the treatment of adult patients with locally advanced or metastatic differentiated thyroid carcinoma that has progressed following prior VEGFR-targeted therapy and who are radioactive iodine-refractory or ineligible
961,2,Medical Sciences,5,"""pediatric"" +3; ""treatment"" (generic) +1; ""patients"" (generic) +1",NBK602906,2024,Canadian Agency for Drugs and Technologies in Health,Belumosudil (Rezurock): CADTH Reimbursement Recommendation: Indication: For the treatment of adult and pediatric patients 12 years and older with chronic graft-versus-host disease after failure of at least 2 prior lines of systemic therapy
962,2,Medical Sciences,5,"""cancer"" +3; ""treatment"" (generic) +1; ""patients"" (generic) +1",NBK602916,2024,Canadian Agency for Drugs and Technologies in Health,"Trifluridine-Tipiracil (Lonsurf): CADTH Reimbursement Recommendation: Indication: In combination with bevacizumab, for the treatment of adult patients with metastatic colorectal cancer who have previously been treated with, or are not candidates for, available therapies including fluoropyrimidine-, oxaliplatin- and irinotecan-based chemotherapies, anti-VEGF biological agents, and, if RAS wild-type, anti-EGFR agents"
963,2,Medical Sciences,5,"""leukemia"" +3; ""treatment"" (generic) +1; ""patients"" (generic) +1",NBK602917,2024,Canadian Agency for Drugs and Technologies in Health,Treosulfan (Trecondyv): CADTH Reimbursement Recommendation: Indication: Treosulfan in combination with fludarabine as part of conditioning treatment prior to allogeneic hematopoietic stem cell transplantation in adult patients with acute myeloid leukemia or myelodysplastic syndromes at increased risk for standard conditioning therapies
964,2,Medical Sciences,5,"""cancer"" +3; ""treatment"" (generic) +1; ""patients"" (generic) +1",NBK602922,2024,Canadian Agency for Drugs and Technologies in Health,Sotorasib (Lumakras): CADTH Reimbursement Recommendation: Indication: For the treatment of adult patients with Kirsten rat sarcoma viral oncogene homologue (KRAS) G12C-mutated locally advanced (not amenable to curative therapy) or metastatic non–small cell lung cancer (NSCLC) who have received at least one prior systemic therapy
965,2,Medical Sciences,5,"""cancer"" +3; ""treatment"" (generic) +1; ""patients"" (generic) +1",NBK603316,2022,Canadian Agency for Drugs and Technologies in Health,Tepotinib (Tepmetko): CADTH Reimbursement Recommendation: Indication: For the treatment of adult patients with locally advanced unresectable metastatic non–small cell lung cancer (NSCLC) harbouring mesenchymal-epithelial transition (MET) tyrosine kinase receptor exon 14 skipping alterations
966,2,Medical Sciences,5,"""cancer"" +3; ""treatment"" (generic) +1; ""patients"" (generic) +1",NBK603317,2022,Canadian Agency for Drugs and Technologies in Health,Dostarlimab (Jemperli): CADTH Reimbursement Recommendation: Indication: Monotherapy for the treatment of adult patients with mismatch repair deficient or microsatellite instability-high recurrent or advanced endometrial cancer that has progressed on or following prior treatment with a platinum-containing regimen
967,2,Medical Sciences,5,"""cancer"" +3; ""treatment"" (generic) +1; ""patients"" (generic) +1",NBK603319,2022,Canadian Agency for Drugs and Technologies in Health,Atezolizumab (Tecentriq): CADTH Reimbursement Recommendation: Indication: In combination with carboplatin and etoposide for the first-line treatment of adult patients with extensive-stage small cell lung cancer
968,2,Medical Sciences,5,"""cancer"" +3; ""care"" (generic) +1; ""health"" (generic) +1",NBK603368,2022,Canadian Agency for Drugs and Technologies in Health,An Overview of Comprehensive Genomic Profiling Technologies to Inform Cancer Care: Emerging Health Technologies
969,2,Medical Sciences,5,"""pediatric"" +3; ""treatment"" (generic) +1; ""disease"" (generic) +1",NBK603372,2022,Canadian Agency for Drugs and Technologies in Health,Ruxolitinib (Jakavi): CADTH Reimbursement Recommendation: Indication: For the treatment of chronic graft-versus-host disease in adults and pediatric patients aged 12 years and older who have inadequate response to corticosteroids or other systemic therapies
970,2,Medical Sciences,5,"""lymphoma"" +3; ""treatment"" (generic) +1; ""patients"" (generic) +1",NBK603402,2022,Canadian Agency for Drugs and Technologies in Health,Zanubrutinib (Brukinsa): CADTH Reimbursement Recommendation: Indication: For the treatment of adult patients with mantle cell lymphoma (MCL) who have received at least 1 prior therapy
971,2,Medical Sciences,5,"""leukemia"" +3; ""treatment"" (generic) +1; ""patients"" (generic) +1",NBK603403,2022,Canadian Agency for Drugs and Technologies in Health,Asciminib (Scemblix): CADTH Reimbursement Recommendation: Indication: For the treatment of adult patients with Philadelphia chromosome–positive chronic myeloid leukemia (Ph+ CML) in chronic phase (CP) previously treated with 2 or more tyrosine kinase inhibitors
972,2,Medical Sciences,5,"""lymphoma"" +3; ""treatment"" (generic) +1; ""patients"" (generic) +1",NBK603593,2022,Canadian Agency for Drugs and Technologies in Health,"Lisocabtagene Maraleucel (Breyanzi): CADTH Reimbursement Recommendation: Indication: For the treatment of adult patients with relapsed or refractory large B-cell lymphoma after 2 or more lines of systemic therapy, including diffuse large B-cell lymphoma (DLBCL) not otherwise specified, primary mediastinal large B-cell lymphoma, high-grade B-cell lymphoma, and DLBCL arising from follicular lymphoma"
973,2,Medical Sciences,5,"""cardiovascular"" +3; ""treatment"" (generic) +1; ""patients"" (generic) +1",NBK603594,2022,Canadian Agency for Drugs and Technologies in Health,"Tafamidis Meglumine (Vyndaqel): CADTH Reimbursement Recommendation: Indication: For the treatment of adult patients with cardiomyopathy due to transthyretin-mediated amyloidosis, wild type or hereditary, to reduce cardiovascular mortality and cardiovascular-related hospitalization"
974,2,Medical Sciences,5,"""cancer"" +3; ""treatment"" (generic) +1; ""clinical"" (generic) +1",NBK603676,2022,Canadian Agency for Drugs and Technologies in Health,"Stereotactic Ablative Radiotherapy for the Treatment of Oligometastatic Cancer: A Clinical Review as Part of a Health Technology Assessment, Version 2.0: Clinical Review"
975,2,Medical Sciences,5,"""cardiovascular"" +3; ""disease"" (generic) +1; ""therapies"" (generic) +1",NBK604817,2024,Canadian Agency for Drugs and Technologies in Health,"Inclisiran (Leqvio): CADTH Reimbursement Recommendation: Indication: For use as an adjunct to lifestyle changes, including diet, to further reduce low-density lipoprotein cholesterol (LDL-C) level in adults with non-familial hypercholesterolemia with atherosclerotic cardiovascular disease who are on maximally tolerated dose of a statin, with or without other LDL-C-lowering therapies"
976,2,Medical Sciences,5,"""cancer"" +3; ""treatment"" (generic) +1; ""patients"" (generic) +1",NBK604823,2024,Canadian Agency for Drugs and Technologies in Health,Dostarlimab (Jemperli): CADTH Reimbursement Recommendation: Indication: Dostarlimab in combination with carboplatin and paclitaxel for the treatment of adult patients with primary advanced or recurrent mismatch repair deficient (dMMR)/microsatellite instability-high (MSI-H) endometrial cancer who are candidates for systemic therapy
977,2,Medical Sciences,5,"""carcinoma"" +3; ""treatment"" (generic) +1; ""patients"" (generic) +1",NBK605031,2020,Patient-Centered Outcomes Research Institute (PCORI),Predicting the Impact of Treatment Options on Survival and Breast Conservation in Patients with Ductal Carcinoma in Situ (DCIS)
978,2,Medical Sciences,5,"""alzheimer"" +3; ""diagnosis"" (generic) +1; ""disease"" (generic) +1",NBK605104,2022,Canadian Agency for Drugs and Technologies in Health,An Overview of New and Emerging Technologies for Early Diagnosis of Alzheimer Disease: Emerging Health Technologies
979,2,Medical Sciences,5,"""tumour"" +3; ""treatment"" (generic) +1; ""patients"" (generic) +1",NBK605108,2022,Canadian Agency for Drugs and Technologies in Health,"Ripretinib (Qinlock): CADTH Reimbursement Recommendation: Indication: For the treatment of adult patients with advanced gastrointestinal stromal tumour who have received prior treatment with imatinib, sunitinib, and regorafenib"
980,2,Medical Sciences,5,"""cancer"" +3; ""treatment"" (generic) +1; ""patients"" (generic) +1",NBK605109,2022,Canadian Agency for Drugs and Technologies in Health,Selpercatinib (Retevmo): CADTH Reimbursement Recommendation: Indication: As monotherapy for the treatment of metastatic RET fusion-positive non-small cell lung cancer in adult patients
981,2,Medical Sciences,5,"""cardiac"" +3; ""medical"" (generic) +1; ""disease"" (generic) +1",NBK605320,2024,National Institute for Health and Care Research,A cloud-based medical device for predicting cardiac risk in suspected coronary artery disease: a rapid review and conceptual economic model
982,2,Medical Sciences,5,"""lymphoma"" +3; ""patients"" (generic) +1; ""therapy"" (generic) +1",NBK605546,2024,Canadian Agency for Drugs and Technologies in Health,"Epcoritamab (Epkinly): CADTH Reimbursement Recommendation: Indication: Adult patients with relapsed or refractory diffuse large B-cell lymphoma (DLBCL), not otherwise specified, DLBCL transformed from indolent lymphoma, high grade B-cell lymphoma, primary mediastinal B-cell lymphoma or follicular lymphoma Grade 3B after two or more lines of systemic therapy and who have previously received or are unable to receive CAR-T cell therapy"
983,2,Medical Sciences,5,"""leukemia"" +3; ""therapeutic"" (generic) +1; ""treatment"" (generic) +1",NBK605552,2024,Canadian Agency for Drugs and Technologies in Health,Treosulfan (Trecondyv): CADTH Reimbursement Review: Therapeutic area: Conditioning treatment prior to stem cell transplant for acute myeloid leukemia or myelodysplastic syndromes
984,2,Medical Sciences,5,"""clinical trials"" +3; ""clinical"" (generic) +1; ""medical"" (generic) +1",NBK605643,2019,Patient-Centered Outcomes Research Institute (PCORI),New Methods and Software for Designing Adaptive Clinical Trials of New Medical Treatments
985,2,Medical Sciences,5,"""tumours"" +3; ""treatment"" (generic) +1; ""patients"" (generic) +1",NBK606533,2024,Canadian Agency for Drugs and Technologies in Health,"Pembrolizumab (Keytruda): Indication: In combination with trastuzumab, fluoropyrimidine- and platinum-containing chemotherapy for the first-line treatment of adult patients with locally advanced unresectable or metastatic HER2-positive gastric or GEJ adenocarcinoma, whose tumours express PD-L1 (CPS ≥ 1) as determined by a validated test: CADTH Reimbursement Recommendation"
986,2,Medical Sciences,5,"""carcinoma"" +3; ""treatment"" (generic) +1; ""patients"" (generic) +1",NBK606534,2024,Canadian Agency for Drugs and Technologies in Health,Pembrolizumab (Keytruda): Indication: In combination with gemcitabine-based chemotherapy for the treatment of adult patients with locally advanced unresectable or metastatic biliary tract carcinoma: CADTH Reimbursement Recommendation
987,2,Medical Sciences,5,"""cancer"" +3; ""patient"" (generic) +1; ""treatment"" (generic) +1",NBK606827,2021,Patient-Centered Outcomes Research Institute (PCORI),Developing Patient-Reported Outcome Measures to Assess Side Effects of Cancer Treatment
988,2,Medical Sciences,5,"""cardiac"" +3; ""therapy"" (generic) +1; ""care"" (generic) +1",NBK606874,2024,National Institute for Health and Care Research,High-sensitivity cardiac troponin I-guided combination angiotensin receptor blockade and beta blocker therapy to prevent anthracycline cardiotoxicity: the Cardiac CARE RCT
989,2,Medical Sciences,5,"""cancer"" +3; ""treatment"" (generic) +1; ""patients"" (generic) +1",NBK607352,2024,Canadian Agency for Drugs and Technologies in Health,Relugolix (Orgovyx): Indication: For the treatment of adult patients with advanced prostate cancer: CADTH Reimbursement Recommendation
990,2,Medical Sciences,5,"""cardiovascular"" +3; ""patients"" (generic) +1; ""disease"" (generic) +1",NBK607361,2024,Canadian Agency for Drugs and Technologies in Health,"Evolocumab (Repatha): Indication: Repatha is indicated for the reduction of elevated low-density lipoprotein cholesterol in adult patients with primary hyperlipidemia (including heterozygous familial hypercholesterolemia and atherosclerotic cardiovascular disease): as an adjunct to diet and statin therapy, with or without other lipid-lowering therapies, in patients who require additional lowering of low-density lipoprotein cholesterol as an adjunct to diet, alone or in combination with non-statin lipid-lowering therapies, in patients for whom a statin is contraindicated: CADTH Reimbursement Recommendation"
991,2,Medical Sciences,5,"""cancer"" +3; ""patients"" (generic) +1; ""diagnostic"" (generic) +1",NBK608149,2024,National Institute for Health and Care Research,Development and evaluation of machine-learning methods in whole-body magnetic resonance imaging with diffusion weighted imaging for staging of patients with cancer: the MALIBO diagnostic test accuracy study
992,2,Medical Sciences,5,"""pediatric"" +3; ""treatment"" (generic) +1; ""disease"" (generic) +1",NBK608436,2024,Canadian Agency for Drugs and Technologies in Health,Remdesivir (Veklury): Indication: For the treatment of coronavirus disease 2019 (COVID-19) in hospitalized adults and pediatric patients (at least 4 weeks of age and weighing at least 3 kg) with pneumonia requiring supplemental oxygen: CADTH Reimbursement Recommendation
993,2,Medical Sciences,5,"""pediatric"" +3; ""treatment"" (generic) +1; ""disease"" (generic) +1",NBK608437,2024,Canadian Agency for Drugs and Technologies in Health,"Remdesivir (Veklury): Indication: For the treatment of coronavirus disease 2019 in nonhospitalized adults and pediatric patients (weighing at least 40 kg) with positive results of direct severe acute respiratory syndrome coronavirus 2 viral testing, and who are at high-risk for progression to severe COVID-19, including hospitalization and death: CADTH Reimbursement Recommendation"
994,2,Medical Sciences,5,"""cancer"" +3; ""diagnosis"" (generic) +1; ""health"" (generic) +1",NBK608438,2024,Canadian Agency for Drugs and Technologies in Health,The Paige Prostate Suite: Assistive Artificial Intelligence for Prostate Cancer Diagnosis: Emerging Health Technologies
995,2,Medical Sciences,5,"""cancer"" +3; ""care"" (generic) +1; ""patients"" (generic) +1",NBK608485,2020,Patient-Centered Outcomes Research Institute (PCORI),"The Role of Multidisciplinary Care Planning on Survival, Care Quality, and Satisfaction for Patients with Lung Cancer"
996,2,Medical Sciences,5,"""diagnostic imaging"" +3; ""diseases"" (generic) +1; ""diagnostic"" (generic) +1",NBK608595,2024,Springer,"Diseases of the Brain, Head and Neck, Spine 2024-2027: Diagnostic Imaging"
997,2,Medical Sciences,5,"""paediatric"" +3; ""therapy"" (generic) +1; ""syndrome"" (generic) +1",NBK608638,2024,National Institute for Health and Care Research,"Comparison of cognitive behaviour therapy versus activity management, both delivered remotely, to treat paediatric chronic fatigue syndrome/myalgic encephalomyelitis: the UK FITNET-NHS RCT"
998,2,Medical Sciences,5,"""cardiovascular"" +3; ""patients"" (generic) +1; ""disease"" (generic) +1",NBK609104,2022,Patient-Centered Outcomes Research Institute (PCORI),Comparing Three Ways to Increase Physical Activity in Patients with Depression and Cardiovascular Disease—The Healthy Hearts Healthy Minds Study
999,2,Medical Sciences,5,"""clinical trials"" +3; ""clinical"" (generic) +1; ""patients"" (generic) +1",NBK609276,2024,Office of the Assistant Secretary for Planning and Evaluation (ASPE),Impact of COVID-19 on Clinical Trials Costs to Patients: Environmental Scan
1000,2,Medical Sciences,5,"""leukemia"" +3; ""treatment"" (generic) +1; ""patients"" (generic) +1",NBK609560,2024,Canadian Agency for Drugs and Technologies in Health,Ivosidenib (Tibsovo): Indication: Ivosidenib in combination with azacitidine for the treatment of adult patients with newly diagnosed acute myeloid leukemia (AML) with an isocitrate dehydrogenase-1 (IDH1) R132 mutation who are not eligible to receive intensive induction chemotherapy: Reimbursement Recommendation
1001,2,Medical Sciences,5,"""pediatric"" +3; ""treatment"" (generic) +1; ""patients"" (generic) +1",NBK609563,2024,Canadian Agency for Drugs and Technologies in Health,Burosumab (Crysvita): Indication: For the treatment of X-linked hypophosphatemia (XLH) in adult and pediatric patients 6 months of age and older: Reimbursement Recommendation
1002,2,Medical Sciences,5,"""hypertension"" +3; ""therapy"" (generic) +1; ""treatment"" (generic) +1",NBK610229,2024,Canadian Agency for Drugs and Technologies in Health,"Sotatercept (Winrevair): Indication: In combination with standard pulmonary arterial hypertension (PAH) therapy, for the treatment of adults with World Health Organization Group 1 PAH and Functional Class II or III: Reimbursement Recommendation"
1003,2,Medical Sciences,5,"""leukemia"" +3; ""treatment"" (generic) +1; ""patients"" (generic) +1",NBK610235,2024,Canadian Agency for Drugs and Technologies in Health,"Avapritinib (Ayvakyt): Indication: For the treatment of adult patients with advanced systemic mastocytosis (AdvSM). AdvSM includes patients with aggressive systemic mastocytosis (ASM), systemic mastocytosis with an associated hematological neoplasm (SM-AHN), and mast cell leukemia (MCL): Reimbursement Recommendation"
1004,2,Medical Sciences,5,"""stroke"" +3; ""care"" (generic) +1; ""patients"" (generic) +1",NBK610535,2022,Patient-Centered Outcomes Research Institute (PCORI),Comparing a Care Program and Usual Care to Help Patients Transition Home from the Hospital after a Stroke -- The COMPASS Study
1005,2,Medical Sciences,5,"""cancer"" +3; ""care"" (generic) +1; ""treatment"" (generic) +1",NBK610968,2020,Patient-Centered Outcomes Research Institute (PCORI),Follow-Up Care Strategies after Treatment for Breast Cancer
1006,2,Medical Sciences,5,"""cancer"" +3; ""treatment"" (generic) +1; ""patients"" (generic) +1",NBK611305,2024,Canadian Agency for Drugs and Technologies in Health,"Fruquintinib (Fruzaqla): Indication: For the treatment of adult patients with metastatic colorectal cancer who have been previously treated with or are not considered candidates for available standard therapies, including fluoropyrimidine-, oxaliplatin-, and irinotecan-based chemotherapy; an anti-VEGF agent; an anti-EGFR agent (if RAS wild-type); and either trifluridine-tipiracil or regorafenib: Reimbursement Recommendation"
1007,2,Medical Sciences,5,"""cancer"" +3; ""treatment"" (generic) +1; ""patients"" (generic) +1",NBK611306,2024,Canadian Agency for Drugs and Technologies in Health,"Enfortumab Vedotin (Padcev): Indication: In combination with pembrolizumab, for the treatment of adult patients with unresectable locally advanced or metastatic urothelial cancer (mUC) with no prior systemic therapy for mUC: Reimbursement Recommendation"
1008,2,Medical Sciences,5,"""leukemia"" +3; ""treatment"" (generic) +1; ""patients"" (generic) +1",NBK611307,2024,Canadian Agency for Drugs and Technologies in Health,"Venetoclax (Venclexta): Indication: Venetoclax (Venclexta), in combination with obinutuzumab, is indicated for the treatment of patients with previously untreated chronic lymphocytic leukemia: Reimbursement Recommendation"
1009,2,Medical Sciences,5,"""lymphoma"" +3; ""treatment"" (generic) +1; ""patients"" (generic) +1",NBK611308,2024,Canadian Agency for Drugs and Technologies in Health,"Lisocabtagene Maraleucel (Breyanzi): Indication: For the treatment of adult patients with diffuse large B-cell lymphoma (DLBCL) not otherwise specified (NOS), primary mediastinal large B-cell lymphoma (PMBCL), high-grade B-cell lymphoma (HGBCL), and DLBCL arising from follicular lymphoma, who have refractory disease to first-line chemoimmunotherapy or relapse within 12 months of first-line chemoimmunotherapy, and who are candidates for autologous hematopoietic stem cell transplant (HSCT): Reimbursement Recommendation"
1010,2,Medical Sciences,5,"""alzheimer"" +3; ""health"" (generic) +1; ""disease"" (generic) +1",NBK611328,2024,Canadian Agency for Drugs and Technologies in Health,Health System Readiness for Disease-Modifying Therapies for Alzheimer Disease: Health Systems
1011,2,Medical Sciences,5,"""diabetes"" +3; ""therapy"" (generic) +1; ""patients"" (generic) +1",NBK611654,2022,Patient-Centered Outcomes Research Institute (PCORI),Assessing the Effects of Intensive Behavioral Therapy on Weight Loss among Patients with or at Risk for Type 2 Diabetes
1012,2,Medical Sciences,5,"""carcinoma"" +3; ""treatment"" (generic) +1; ""patients"" (generic) +1",NBK612157,2025,Canadian Agency for Drugs and Technologies in Health,Erdafitinib (Balversa): Indication: For the treatment of adult patients with locally advanced unresectable or metastatic urothelial carcinoma harbouring susceptible FGFR3 genetic alterations who have disease progression during at least 1 line of prior therapy: Reimbursement Recommendation
1013,2,Medical Sciences,5,"""cancer"" +3; ""treatment"" (generic) +1; ""patients"" (generic) +1",NBK612158,2025,Canadian Agency for Drugs and Technologies in Health,Amivantamab (Rybrevant): Indication: In combination with carboplatin and pemetrexed for the first-line treatment of adult patients with locally advanced (not amenable to curative therapy) or metastatic non-small cell lung cancer (NSCLC) with activating epidermal-growth factor receptor (EGFR) Exon 20 insertion mutations: Reimbursement Recommendation
1014,2,Medical Sciences,5,"""pediatric"" +3; ""treatment"" (generic) +1; ""patients"" (generic) +1",NBK612161,2025,Canadian Agency for Drugs and Technologies in Health,Ferric Carboxymaltose (Ferinject): Indication: For the treatment of iron deficiency anemia (IDA) in adult and pediatric patients 1 year of age and older when oral iron preparations are not tolerated or are ineffective: Reimbursement Recommendation
1015,2,Medical Sciences,5,"""pediatric"" +3; ""treatment"" (generic) +1; ""patients"" (generic) +1",NBK612162,2025,Canadian Agency for Drugs and Technologies in Health,Spesolimab (Spevigo): Indication: For the treatment of generalized pustular psoriasis (GPP) in adults and pediatric patients 12 years of age and older and weighing at least 40 kg: Reimbursement Recommendation
1016,2,Medical Sciences,5,"""cancer"" +3; ""diagnosis"" (generic) +1; ""treatment"" (generic) +1",NBK612288,2025,National Institute for Health and Care Research,"Cancer in English prisons: a mixed-methods study of diagnosis, treatment, care costs and patient and staff experiences"
1017,2,Medical Sciences,5,"""cancer"" +3; ""care"" (generic) +1; ""patients"" (generic) +1",NBK612381,2020,Patient-Centered Outcomes Research Institute (PCORI),Assessing Personalized Care Plans for Patients Who Received Hematopoietic Cell Transplant for Cancer Treatment
1018,2,Medical Sciences,5,"""psychiatric"" +3; ""disorders"" (generic) +1; ""care"" (generic) +1",NBK612516,2022,Patient-Centered Outcomes Research Institute (PCORI),Comparing Two Telehealth Approaches for Treating Complex Psychiatric Disorders in Primary Care -- The SPIRIT Study
1019,2,Medical Sciences,5,"""tumours"" +3; ""treatment"" (generic) +1; ""patients"" (generic) +1",NBK612725,2025,Canadian Agency for Drugs and Technologies in Health,"Zolbetuximab for Injection (Vyloy): Indication: In combination with fluoropyrimidine- and platinum-containing chemotherapy, is indicated for the first-line treatment of adult patients with locally advanced unresectable or metastatic human epidermal growth factor receptor 2-negative gastric or gastroesophageal junction adenocarcinoma whose tumours are Claudin 18.2 positive: Reimbursement Recommendation"
1020,2,Medical Sciences,5,"""cancer"" +3; ""treatment"" (generic) +1; ""patients"" (generic) +1",NBK612727,2025,Canadian Agency for Drugs and Technologies in Health,"Pembrolizumab (Keytruda): Indication: For the adjuvant treatment of adult patients with stage IB (T2a ≥ 4 cm), II, or IIIA non-small cell lung cancer who have undergone complete resection and platinum-based chemotherapy: Reimbursement Recommendation"
1021,2,Medical Sciences,5,"""cancer"" +3; ""therapeutic"" (generic) +1; ""treatment"" (generic) +1",NBK612736,2025,Canadian Agency for Drugs and Technologies in Health,"Abemaciclib (Verzenio): Therapeutic area: Adjuvant treatment of hormone receptor–positive, HER2-negative early breast cancer: Reimbursement Review"
1022,2,Medical Sciences,5,"""stroke"" +3; ""medicine"" (generic) +1; ""disease"" (generic) +1",NBK613013,2020,Patient-Centered Outcomes Research Institute (PCORI),Comparing the Effects of a Stroke Medicine in Older Adults With and Without Chronic Kidney Disease
1023,2,Medical Sciences,5,"""tuberculosis"" +3; ""treatment"" (generic) +1; ""care"" (generic) +1",NBK613092,2025,World Health Organization,WHO consolidated guidelines on tuberculosis: module 4: treatment and care
1024,2,Medical Sciences,5,"""cancer"" +3; ""patients"" (generic) +1; ""treatment"" (generic) +1",NBK613602,2025,National Institute for Health and Care Research,Evaluation of prognostic models to improve prediction of metastasis in patients following potentially curative treatment for primary colorectal cancer: the PROSPECT trial
1025,2,Medical Sciences,5,"""cancer"" +3; ""treatment"" (generic) +1; ""patients"" (generic) +1",NBK613789,2025,Canadian Agency for Drugs and Technologies in Health,Tarlatamab (Imdelltra): Indication: The treatment of adult patients with extensive-stage small cell lung cancer with disease progression on or after at least 2 prior lines of therapy including platinum-based chemotherapy: Reimbursement Recommendation
1026,2,Medical Sciences,5,"""cancer"" +3; ""care"" (generic) +1; ""health"" (generic) +1",NBK613812,2025,Canadian Agency for Drugs and Technologies in Health,"Environmental Scan of Genetic and Genomic Biomarker Testing Assessment Frameworks, Processes, and Inventories in Cancer Care: Health Technologies"
1027,2,Medical Sciences,5,"""hepatitis"" +3; ""diagnosis"" (generic) +1; ""care"" (generic) +1",NBK614989,2024,World Health Organization,"Guidelines for the prevention, diagnosis, care and treatment for people with chronic hepatitis B infection"
1028,2,Medical Sciences,5,"""pediatric"" +3; ""treatment"" (generic) +1; ""patients"" (generic) +1",NBK616193,2025,Canadian Agency for Drugs and Technologies in Health,"Ruxolitinib (Opzelura): Indication: For the topical treatment of mild to moderate atopic dermatitis in adult and pediatric patients 12 years of age and older whose disease is not adequately controlled with conventional topical prescription therapies (topical corticosteroids, topical calcineurin inhibitors) or when those therapies are not advisable: Reimbursement Recommendation"
1029,2,Medical Sciences,5,"""cancer"" +3; ""treatment"" (generic) +1; ""patients"" (generic) +1",NBK616205,2025,Canadian Agency for Drugs and Technologies in Health,Durvalumab (Imfinzi): Indication: In combination with carboplatin and paclitaxel for first-line treatment of adult patients with primary advanced or recurrent mismatch repair deficient endometrial cancer who are candidates for systemic therapy followed by maintenance treatment with Imfinzi as monotherapy: Reimbursement Recommendation
1030,2,Medical Sciences,5,"""leukemia"" +3; ""treatment"" (generic) +1; ""patients"" (generic) +1",NBK616209,2025,Canadian Agency for Drugs and Technologies in Health,"Blinatumomab (Blincyto): Indication: For the treatment of patients with Philadelphia chromosome–negative, CD19-positive B-cell precursor acute lymphoblastic leukemia in the consolidation phase of multiphase chemotherapy: Reimbursement Recommendation"
1031,2,Medical Sciences,5,"""tumor"" +3; ""therapies"" (generic) +1; ""treatment"" (generic) +1",NBK616537,2024,Patient-Centered Outcomes Research Institute (PCORI),Comparative Effectiveness of Biologic or Small-Molecule Therapies after Failure of Anti-Tumor Necrosis Factor Treatment in Patients with Crohn Disease or Ulcerative Colitis
1032,2,Medical Sciences,5,"""cancer"" +3; ""treatment"" (generic) +1; ""patients"" (generic) +1",NBK616622,2025,Canadian Agency for Drugs and Technologies in Health,Dostarlimab (Jemperli): Indication: In combination with carboplatin and paclitaxel for the treatment of adult patients with primary advanced or first recurrent endometrial cancer who are candidates for systemic therapy: Reimbursement Recommendation
1033,2,Medical Sciences,5,"""carcinoma"" +3; ""treatment"" (generic) +1; ""patients"" (generic) +1",NBK616623,2025,Canadian Agency for Drugs and Technologies in Health,"Pembrolizumab (Keytruda): Indication: For the treatment of adult patients with primary advanced or recurrent endometrial carcinoma, in combination with carboplatin and paclitaxel and then continued as monotherapy: Reimbursement Recommendation"
1034,2,Medical Sciences,5,"""diabetes"" +3; ""medicines"" (generic) +1; ""patients"" (generic) +1",NBK616690,2023,Patient-Centered Outcomes Research Institute (PCORI),Examining the Effects of High Blood Sugar Levels and Non-Insulin Diabetes Medicines on Risk of Hospitalization for COVID-19 among Patients with Diabetes
1035,2,Medical Sciences,5,"""clinical trial"" +3; ""health"" (generic) +1; ""clinical"" (generic) +1",NBK616723,2025,National Institute for Health and Care Research,A digital intervention to improve mental health and interpersonal resilience for young people who have experienced online sexual abuse: the i-Minds non-randomised feasibility clinical trial and nested qualitative study
1036,2,Medical Sciences,5,"""pediatric"" +3; ""patients"" (generic) +1; ""disease"" (generic) +1",NBK616785,2025,Canadian Agency for Drugs and Technologies in Health,Cerliponase Alfa for Pediatric Patients With Neuronal Ceroid Lipofuscinosis Type 2 Disease: Drugs
1037,2,Medical Sciences,5,"""diabetes"" +3; ""care"" (generic) +1; ""health"" (generic) +1",NBK617065,2023,Patient-Centered Outcomes Research Institute (PCORI),Is Extra Time Planning for Care Associated with Improved Health among Patients with Type 2 Diabetes?
1038,2,Medical Sciences,5,"""surgery"" +3; ""health"" (generic) +1; ""patients"" (generic) +1",NBK617066,2020,Patient-Centered Outcomes Research Institute (PCORI),"Comparing Two Programs to Improve Disability, Pain, and Health Among Patients Who Have Had Back Surgery"
1039,2,Medical Sciences,5,"""asthma"" +3; ""health"" (generic) +1; ""medicine"" (generic) +1",NBK617067,2023,Patient-Centered Outcomes Research Institute (PCORI),"Effect of High-Deductible Health Plans and Preventive Drug Lists on Asthma Attacks, Medicine Use, and Out-of-Pocket Costs – The AFFORD Study"
1040,2,Medical Sciences,5,"""surgery"" +3; ""treatment"" (generic) +1; ""patients"" (generic) +1",NBK617231,2025,Canadian Agency for Drugs and Technologies in Health,Pasireotide (Signifor LAR): Indication: For the treatment of adult patients with acromegaly for whom surgery is not an option or has not been curative and who are inadequately controlled on treatment with another somatostatin analogue: Reimbursement Recommendation
1041,2,Medical Sciences,5,"""lymphoma"" +3; ""treatment"" (generic) +1; ""patients"" (generic) +1",NBK617242,2025,Canadian Agency for Drugs and Technologies in Health,"Polatuzumab Vedotin (Polivy): Indication: Polivy (polatuzumab vedotin for injection) in combination with rituximab, cyclophosphamide, doxorubicin, and prednisone (R-CHP) is indicated for the treatment of adult patients with previously untreated large B-cell lymphoma (LBCL), including diffuse large B-cell lymphoma (DLBCL) not otherwise specified (NOS), high grade B-cell lymphoma, Epstein-Barr virus-positive (EBV+) DLBCL NOS, and T-cell/histiocyte rich LBCL that are classified as activated B-cell-like (ABC) lymphoma subtype: Reimbursement Recommendation"
1042,2,Medical Sciences,5,"""carcinoma"" +3; ""treatment"" (generic) +1; ""patients"" (generic) +1",NBK617245,2025,Canadian Agency for Drugs and Technologies in Health,Belzutifan (Welireg): Indication: For the treatment of adult patients with advanced renal cell carcinoma following a programmed death receptor-1 or programmed death-ligand 1 inhibitor and a vascular endothelial growth factor tyrosine kinase inhibitor: Reimbursement Recommendation
1043,2,Medical Sciences,5,"""cancer"" +3; ""treatment"" (generic) +1; ""patients"" (generic) +1",NBK617246,2025,Canadian Agency for Drugs and Technologies in Health,Leuprolide Mesylate (Camcevi): Indication: For the treatment of adult patients with advanced prostate cancer: Reimbursement Recommendation
1044,2,Medical Sciences,5,"""surgical"" +3; ""therapy"" (generic) +1; ""patients"" (generic) +1",NBK618082,2025,National Institute for Health and Care Research,Perioperative oxygen therapy in patients undergoing surgical procedures: an overview of systematic reviews and meta-analyses
1045,2,Medical Sciences,5,"""cancer"" +3; ""care"" (generic) +1; ""patients"" (generic) +1",NBK618413,2023,Patient-Centered Outcomes Research Institute (PCORI),Testing a Stepped-Care Program to Treat Emotional Distress among Patients with Lung or Head and Neck Cancer and Their Caregivers
1046,2,Medical Sciences,5,"""leukemia"" +3; ""treatment"" (generic) +1; ""patients"" (generic) +1",NBK618418,2025,Canadian Agency for Drugs and Technologies in Health,"Quizartinib (Vanflyta): Indication: In combination with standard cytarabine and anthracycline induction and standard cytarabine consolidation chemotherapy, followed by quizartinib maintenance monotherapy, for the treatment of adult patients with newly diagnosed acute myeloid leukemia that is FMS-like tyrosine kinase 3 internal tandem duplication positive: Reimbursement Recommendation"
1047,2,Medical Sciences,5,"""cancer"" +3; ""treatment"" (generic) +1; ""patients"" (generic) +1",NBK618419,2025,Canadian Agency for Drugs and Technologies in Health,"Durvalumab (Imfinzi): Indication: As monotherapy, for the treatment of adult patients with limited-stage small cell lung cancer whose disease has not progressed following platinum-based chemoradiation therapy: Reimbursement Recommendation"
1048,2,Medical Sciences,5,"""pediatric"" +3; ""treatment"" (generic) +1; ""syndrome"" (generic) +1",NBK618421,2025,Canadian Agency for Drugs and Technologies in Health,Trofinetide (Daybue): Indication: For the treatment of Rett syndrome in adults and pediatric patients 2 years of age and older and weighing at least 9 kg: Reimbursement Recommendation
1049,2,Medical Sciences,5,"""surgery"" +3; ""treatment"" (generic) +1; ""patients"" (generic) +1",NBK618425,2025,Canadian Agency for Drugs and Technologies in Health,Dupilumab (Dupixent): Indication: Add-on maintenance treatment with intranasal corticosteroids in adult patients with severe chronic rhinosinusitis with nasal polyposis inadequately controlled by systemic corticosteroids and/or surgery: Reimbursement Recommendation
1050,2,Medical Sciences,5,"""pediatric"" +3; ""treatment"" (generic) +1; ""patients"" (generic) +1",NBK618435,2025,Canadian Agency for Drugs and Technologies in Health,Ruxolitinib (Opzelura): Indication: Topical treatment of nonsegmental vitiligo in adult and pediatric patients 12 years of age and older: Reimbursement Recommendation
1051,2,Medical Sciences,5,"""psychiatric"" +3; ""disorders"" (generic) +1; ""health"" (generic) +1",NBK618688,2025,Swedish Agency for Health Technology Assessment and Assessment of Social Services (SBU),Interventions for adults with co-occurring addictive and psychiatric disorders: A systematic review including health economic and ethical aspects
1052,2,Medical Sciences,5,"""leukaemia"" +3; ""therapy"" (generic) +1; ""patients"" (generic) +1",NBK619458,2025,National Institute for Health and Care Research,The impact of pausing Bruton Tyrosine Kinase inhibitor (BTKi) therapy versus continued therapy on vaccination immune response in patients with chronic lymphocytic leukaemia: the IMPROVE RCT
1053,2,Medical Sciences,5,"""cancer"" +3; ""treatment"" (generic) +1; ""patients"" (generic) +1",NBK619751,2025,Canadian Agency for Drugs and Technologies in Health,"Amivantamab (Rybrevant): Indication: In combination with carboplatin and pemetrexed for the treatment of patients with locally advanced (not amenable to curative therapies) or metastatic non–small cell lung cancer with EGFR exon 19 deletions or exon 21 L858R substitution mutations, whose disease has progressed on or after treatment with osimertinib: Reimbursement Recommendation"
1054,2,Medical Sciences,5,"""cancer"" +3; ""care"" (generic) +1; ""patients"" (generic) +1",NBK619808,2023,Patient-Centered Outcomes Research Institute (PCORI),Comparing the Effect of Adding Acupuncture and Pain Counseling to Usual Care on Reducing Pain among Patients with Cancer – The PRACXIS Study
1055,2,Medical Sciences,5,"""cancer"" +3; ""care"" (generic) +1; ""patients"" (generic) +1",NBK619816,2020,Patient-Centered Outcomes Research Institute (PCORI),Training Doctors to Discuss Goals of Care with Patients Who Have Advanced Cancer
1056,2,Medical Sciences,5,"""ophthalmology"" +3; ""disease"" (generic) +1; ""diagnostic"" (generic) +1",NBK619866,2025,National Institute for Health and Care Research,Tele-ophthalmology-enabled and artificial intelligence-ready referral pathway for community optometry referrals of retinal disease: HERMES cluster randomised trial with a diagnostic accuracy study
1057,2,Medical Sciences,5,"""cancer"" +3; ""treatment"" (generic) +1; ""patients"" (generic) +1",NBK619904,2025,Canadian Agency for Drugs and Technologies in Health,Nivolumab Plus Ipilimumab (Opdivo Plus Yervoy): Indication: For the first-line treatment of adult patients with unresectable or metastatic microsatellite instability-high or mismatch repair deficient colorectal cancer: Reimbursement Recommendation
1058,2,Medical Sciences,5,"""cancer"" +3; ""treatment"" (generic) +1; ""patients"" (generic) +1",NBK619905,2025,Canadian Agency for Drugs and Technologies in Health,"Mirvetuximab Soravtansine (Elahere): Indication: As monotherapy indicated for the treatment of adult patients with folate receptor-alpha positive, platinum-resistant epithelial ovarian, fallopian tube, or primary peritoneal cancer, who have received one to three prior systemic treatment regimens: Reimbursement Recommendation"
1059,2,Medical Sciences,5,"""lymphoma"" +3; ""treatment"" (generic) +1; ""patients"" (generic) +1",NBK619910,2025,Canadian Agency for Drugs and Technologies in Health,"Venetoclax (Venclexta): Indication: In combination with ibrutinib, for the treatment of adult patients with relapsed or refractory mantle cell lymphoma: Reimbursement Recommendation"
1060,2,Medical Sciences,5,"""leukemia"" +3; ""patients"" (generic) +1; ""diagnosed"" (generic) +1",NBK619911,2025,Canadian Agency for Drugs and Technologies in Health,Asciminib (Scemblix): Indication: Adult patients with newly diagnosed Philadelphia chromosome-positive chronic myeloid leukemia in chronic phase: Reimbursement Recommendation
1061,2,Medical Sciences,5,"""lymphoma"" +3; ""treatment"" (generic) +1; ""patients"" (generic) +1",NBK619912,2025,Canadian Agency for Drugs and Technologies in Health,"Glofitamab (Columvi): Indication: Columvi (glofitamab), in combination with gemcitabine and oxaliplatin, is indicated for the treatment of adult patients with relapsed or refractory diffuse large B-cell lymphoma not otherwise specified (DLBCL NOS) who are not candidates for autologous stem cell transplant (ASCT): Reimbursement Recommendation"
1062,2,Medical Sciences,5,"""cancer"" +3; ""treatment"" (generic) +1; ""patients"" (generic) +1",NBK619914,2025,Canadian Agency for Drugs and Technologies in Health,"Pembrolizumab (Keytruda): Indication: Treatment of adult patients with FIGO 2014 Stage III-IVA cervical cancer, in combination with chemoradiotherapy: Reimbursement Recommendation"
1063,2,Medical Sciences,5,"""lymphoma"" +3; ""treatment"" (generic) +1; ""patients"" (generic) +1",NBK619915,2025,Canadian Agency for Drugs and Technologies in Health,Acalabrutinib (Calquence): Indication: Acalabrutinib in combination with bendamustine and rituximab for the treatment of adult patients with previously untreated mantle cell lymphoma who are ineligible for autologous stem cell transplant: Reimbursement Recommendation
1064,2,Medical Sciences,5,"""cancer"" +3; ""treatment"" (generic) +1; ""patients"" (generic) +1",NBK619958,2025,Canadian Agency for Drugs and Technologies in Health,Talazoparib (Talzenna): Indication: Talazoparib in combination with enzalutamide for the treatment of adult patients with homologous recombination repair gene-mutated metastatic castration-resistant prostate cancer: Reimbursement Recommendation
1065,2,Medical Sciences,5,"""hypertension"" +3; ""therapy"" (generic) +1; ""treatment"" (generic) +1",NBK620020,2025,Canadian Agency for Drugs and Technologies in Health,Dual Therapy for Initial Treatment of Adult Patients With Pulmonary Arterial Hypertension: Health Technologies
1066,2,Medical Sciences,5,"""cancer"" +3; ""therapy"" (generic) +1; ""treatment"" (generic) +1",NBK620295,2025,Canadian Agency for Drugs and Technologies in Health,Darolutamide (Nubeqa): Indication: In combination with androgen deprivation therapy for the treatment of metastatic castration-sensitive prostate cancer: Reimbursement Recommendation
1067,2,Medical Sciences,5,"""hiv"" +3; ""clinical"" (generic) +1; ""public health"" (generic) +1",NBK620317,2025,World Health Organization,WHO updated recommendations on HIV clinical management: recommendations for a public health approach
1068,2,Medical Sciences,5,"""cancer"" +3; ""patients"" (generic) +1; ""treatment"" (generic) +1",NBK620364,2020,Patient-Centered Outcomes Research Institute (PCORI),Reducing Legal Barriers to Help Patients Receive Treatment for Breast and Lung Cancer—The Project SUPPORT Study
1069,2,Medical Sciences,5,"""carcinoma"" +3; ""treatment"" (generic) +1; ""patients"" (generic) +1",NBK620368,2025,Canadian Agency for Drugs and Technologies in Health,"Nivolumab Plus Ipilimumab (Opdivo Plus Yervoy): Indication: Opdivo (nivolumab), in combination with ipilimumab, for the first-line treatment of adult patients with unresectable or advanced hepatocellular carcinoma: Reimbursement Recommendation"
1070,2,Medical Sciences,5,"""pediatric"" +3; ""medicines"" (generic) +1; ""health"" (generic) +1",NBK620549,2025,Canadian Agency for Drugs and Technologies in Health,"Federal Policies and Public Reimbursement of Pediatric Medicines in Canada: Drugs, Health Systems"
1071,2,Medical Sciences,5,"""surgery"" +3; ""clinical"" (generic) +1; ""medical"" (generic) +1",NBK620579,2026,National Institute for Health and Care Research,Clinical and cost-effectiveness of medical management versus surgery for deep infiltrating endometriosis: synopsis from the DIAMOND RCT
1072,2,Medical Sciences,5,"""diabetes"" +3; ""medicine"" (generic) +1; ""clinical"" (generic) +1",NBK620592,2026,RTI Press,"Food Is Medicine Interventions for People Living with Diabetes: A Comparative Case Study of Characteristics, Costs, and Clinical Outcomes"
1073,2,Medical Sciences,5,"""asthma"" +3; ""health"" (generic) +1; ""patients"" (generic) +1",NBK621035,2020,Patient-Centered Outcomes Research Institute (PCORI),Testing Whether Home Visits by Community Health Workers Help African-American and Hispanic Patients with Low Incomes Better Manage Asthma
1074,2,Medical Sciences,5,"""diabetes"" +3; ""diagnostic"" (generic) +1; ""disease"" (generic) +1",NBK621383,2026,National Institute for Health and Care Research,Diagnostic tools to establish the presence and severity of peripheral arterial disease in people with diabetes: a synopsis of the DM PAD prospective multicentre diagnostic accuracy study
1075,2,Medical Sciences,5,"""hypertension"" +3; ""patients"" (generic) +1; ""medical"" (generic) +1",NBK621430,2026,National Institute for Health and Care Research,Validating and updating the OHTS-EGPS model predicting 5-year glaucoma risk among patients with ocular hypertension using electronic medical records: a cohort study
1076,2,Medical Sciences,5,"""cancer"" +3; ""care"" (generic) +1; ""patients"" (generic) +1",NBK621483,2024,Patient-Centered Outcomes Research Institute (PCORI),Comparing the Effectiveness of Electronic Symptom Monitoring versus Usual Care in Improving Survival among Patients with Metastatic Cancer—The PRO-TECT Trial
1077,2,Medical Sciences,5,"""diagnostic imaging"" +3; ""diseases"" (generic) +1; ""diagnostic"" (generic) +1",NBK621654,2025,Springer,"Diseases of the Chest, Heart and Vascular System 2025-2028: Diagnostic Imaging"
1078,2,Medical Sciences,5,"""hepatitis"" +3; ""health"" (generic) +1; ""patients"" (generic) +1",NBK621768,2020,Patient-Centered Outcomes Research Institute (PCORI),Changes in Health for Patients Who Complete Treatment for Chronic Hepatitis C Virus -- The PROP up TARGET Study
1079,2,Medical Sciences,5,"""leukemia"" +3; ""treatment"" (generic) +1; ""patients"" (generic) +1",NBK622127,2026,Canadian Agency for Drugs and Technologies in Health,Acalabrutinib (Calquence): Indication: For the treatment of patients with previously untreated chronic lymphocytic leukemia: Reimbursement Recommendation
1080,2,Medical Sciences,5,"""cancer"" +3; ""treatment"" (generic) +1; ""patients"" (generic) +1",NBK622131,2026,Canadian Agency for Drugs and Technologies in Health,"Durvalumab (Imfinzi): Indication: Treatment of patients with resectable muscle invasive bladder cancer in combination with gemcitabine and cisplatin as neoadjuvant treatment, followed by adjuvant Imfinzi monotherapy treatment after radical cystectomy: Reimbursement Recommendation"
1081,2,Medical Sciences,5,"""pediatric"" +3; ""patients"" (generic) +1; ""treatment"" (generic) +1",NBK622139,2026,Canadian Agency for Drugs and Technologies in Health,Garadacimab (Andembry): Indication: Routine prevention of attacks of hereditary angioedema (HAE) in adult and pediatric patients (aged 12 years and older). Garadacimab is not intended for acute treatment of HAE attacks: Reimbursement Recommendation
1082,2,Medical Sciences,5,"""hepatitis"" +3; ""treatment"" (generic) +1; ""disease"" (generic) +1",NBK622144,2026,Canadian Agency for Drugs and Technologies in Health,Bulevirtide (Hepcludex): Indication: For the treatment of chronic hepatitis delta virus (HDV) infection in adults with compensated liver disease: Reimbursement Recommendation
1083,2,Medical Sciences,5,"""carcinoma"" +3; ""treatment"" (generic) +1; ""disease"" (generic) +1",NBK622157,2026,Canadian Agency for Drugs and Technologies in Health,"Toripalimab (Loqtorzi): Indication: As a single agent, for the treatment of adults with recurrent unresectable or metastatic nasopharyngeal carcinoma with disease progression on or after a platinum-containing chemotherapy: Reimbursement Recommendation"
1084,2,Medical Sciences,5,"""clinical trials"" +3; ""clinical"" (generic) +1; ""health"" (generic) +1",NBK622199,2020,Patient-Centered Outcomes Research Institute (PCORI),Understanding and Improving Informed Consent for Clinical Trials during Health Emergencies
1085,2,Medical Sciences,5,"""surgical"" +3; ""clinical"" (generic) +1; ""therapy"" (generic) +1",NBK622209,2026,National Institute for Health and Care Research,Clinical and cost-effectiveness of negative pressure wound therapy versus usual care for surgical wounds healing by secondary intention: the SWHSI 2 pragmatic RCT
1086,2,Medical Sciences,5,"""hepatitis"" +3; ""patient"" (generic) +1; ""care"" (generic) +1",NBK622442,2024,Patient-Centered Outcomes Research Institute (PCORI),Patient-Centered Hepatitis C Virus Care for People Who Inject Drugs—The HERO Study
1087,2,Medical Sciences,5,"""parkinson"" +3; ""care"" (generic) +1; ""disease"" (generic) +1",NBK622443,2019,Patient-Centered Outcomes Research Institute (PCORI),Does Palliative Care Improve Quality of Life for People with Parkinson's Disease and Reduce Caregiver Burden?
1088,2,Medical Sciences,5,"""cancer"" +3; ""treatment"" (generic) +1; ""patients"" (generic) +1",NBK622455,2026,Canadian Agency for Drugs and Technologies in Health,"Ribociclib (Kisqali): Indication: In combination with an aromatase inhibitor for the adjuvant treatment of adult patients with HR-positive, HER2-negative stage II-III early breast cancer at high risk of recurrence. In pre- or perimenopausal women, or men, the aromatase inhibitor should be combined with a luteinizing hormone-releasing hormone agonist: Reimbursement Recommendation"
1089,2,Medical Sciences,5,"""carcinoma"" +3; ""treatment"" (generic) +1; ""patients"" (generic) +1",NBK622456,2026,Canadian Agency for Drugs and Technologies in Health,Tislelizumab (Tevimbra): Indication: In combination with gemcitabine and cisplatin for the first-line treatment of adult patients with recurrent or metastatic nasopharyngeal carcinoma: Reimbursement Recommendation
1090,2,Medical Sciences,5,"""leukemia"" +3; ""treatment"" (generic) +1; ""patients"" (generic) +1",NBK622463,2026,Canadian Agency for Drugs and Technologies in Health,Asciminib (Scemblix): Indication: For the treatment of adult patients with Philadelphia chromosome-positive chronic myeloid leukemia (Ph+ CML) in chronic phase (CP) who have previously received 1 tyrosine kinase inhibitor: Reimbursement Recommendation
1091,2,Medical Sciences,5,"""surgical"" +3; ""patients"" (generic) +1; ""health"" (generic) +1",NBK622491,2026,Canadian Agency for Drugs and Technologies in Health,Cryoneurolysis for Patients Undergoing Surgical Stabilization of Rib Fractures: Health Technologies
1092,2,Medical Sciences,5,"""diabetes"" +3; ""medicine"" (generic) +1; ""treatment"" (generic) +1",NBK623046,2026,National Institute for Health and Care Research,PERsonalised Medicine for Intensification of Treatment (PERMIT) in type 2 diabetes mellitus: a target trial emulation from routine data
1093,2,Medical Sciences,5,"""critical care"" +3; ""diagnostics"" (generic) +1; ""care"" (generic) +1",NBK623091,2026,National Institute for Health and Care Research,Rapid molecular diagnostics for pathogen identification in hospital-acquired and ventilator-associated pneumonia in critical care: INHALE research programme including RCT
1094,2,Medical Sciences,5,"""diabetes"" +3; ""healthcare"" (generic) +1; ""health"" (generic) +1",NBK623130,2024,Patient-Centered Outcomes Research Institute (PCORI),"Effect of COVID-19 Pandemic on Healthcare Access, Anxiety, and Health-Related Behaviors among American Indian People with or at Risk for Diabetes or Chronic Kidney Disease"
1095,2,Medical Sciences,5,"""cancer"" +3; ""therapeutic"" (generic) +1; ""treatment"" (generic) +1",NBK623181,2026,Canadian Agency for Drugs and Technologies in Health,"Ribociclib (Kisqali): Therapeutic area: Adjuvant treatment of hormone receptor–positive, HER2-negative early breast cancer: Reimbursement Review"
1096,2,Medical Sciences,5,"""epilepsy"" +3; ""health"" (generic) +1; ""treatment"" (generic) +1",NBK623461,2026,National Institute for Health and Care Research,Transforming the mental health treatment of young people with epilepsy: the MICE research programme including a RCT
1097,2,Medical Sciences,5,"""cancer"" +3; ""care"" (generic) +1; ""health"" (generic) +1",NBK623554,2026,Springer,Lung Cancer Navigation and Care: A Comprehensive Guide for Navigators and Allied Health Professionals
1098,2,Medical Sciences,5,"""pediatric"" +3; ""treatment"" (generic) +1; ""patients"" (generic) +1",NBK623691,2026,Canadian Agency for Drugs and Technologies in Health,Pegcetacoplan (Empaveli): Indication: For the treatment of adult and pediatric patients aged 12 years and older with C3 glomerulopathy or primary immune-complex membranoproliferative glomerulonephritis to reduce proteinuria: Reimbursement Recommendation
1099,2,Medical Sciences,5,"""surgery"" +3; ""treatment"" (generic) +1; ""patients"" (generic) +1",NBK623693,2026,Canadian Agency for Drugs and Technologies in Health,Tezepelumab (Tezspire): Indication: As an add-on maintenance treatment with intranasal corticosteroids in adult patients with severe chronic rhinosinusitis with nasal polyps (CRSwNP) inadequately controlled by systemic corticosteroids and/or surgery: Reimbursement Recommendation
1100,2,Medical Sciences,5,"""hypertension"" +3; ""medication"" (generic) +1; ""treatment"" (generic) +1",NBK624074,2026,National Institute for Health and Care Research,Scalable low-cost interventions to support medication adherence in people prescribed treatment for hypertension in primary care: a research programme
1101,2,Medical Sciences,5,"""clinical trial"" +3; ""health"" (generic) +1; ""clinical"" (generic) +1",NBK624127,2024,Patient-Centered Outcomes Research Institute (PCORI),"Community Health Worker Support and Clinician Education for Tobacco Cessation in Adults with Serious Mental Illness: A Pragmatic, Cluster-Randomized Clinical Trial"
1102,2,Medical Sciences,5,"""diabetes"" +3; ""medicaid"" (generic) +1; ""health"" (generic) +1",NBK624132,2025,Patient-Centered Outcomes Research Institute (PCORI),The Impact of Medicaid Health Homes on Patients with Diabetes
1103,2,Medical Sciences,5,"""lymphoma"" +3; ""treatment"" (generic) +1; ""patients"" (generic) +1",NBK624193,2026,Canadian Agency for Drugs and Technologies in Health,Mosunetuzumab SC (Lunsumio SC): Indication: As monotherapy for the treatment of adult patients with relapsed or refractory follicular lymphoma (Grades 1 – 3a) who have received at least two prior lines of systemic therapy: Reimbursement Recommendation
1104,2,Medical Sciences,5,"""lymphoma"" +3; ""treatment"" (generic) +1; ""patients"" (generic) +1",NBK624194,2026,Canadian Agency for Drugs and Technologies in Health,"Tafasitamab (Minjuvi): Indication: Tafasitamab in combination with rituximab and lenalidomide for the treatment of adult patients with grade 1, 2, or 3a relapsed or refractory follicular lymphoma: Reimbursement Recommendation"
1105,2,Medical Sciences,5,"""nephrology"" +3; ""therapeutic"" (generic) +1; ""disease"" (generic) +1",NBK624213,2026,Canadian Agency for Drugs and Technologies in Health,"Empagliflozin: Therapeutic area: Kidney disease, nephrology: Reimbursement Review"
1106,2,Medical Sciences,5,"""diagnostic imaging"" +3; ""diseases"" (generic) +1; ""diagnostic"" (generic) +1",NBK624297,2026,Springer,Musculoskeletal Diseases 2026–2029: Diagnostic Imaging
1107,2,Medical Sciences,5,"""diagnostic imaging"" +3; ""diseases"" (generic) +1; ""diagnostic"" (generic) +1",NBK624307,2023,Springer,Diseases of the Abdomen and Pelvis 2023-2026: Diagnostic Imaging
1108,2,Medical Sciences,5,"""lymphoma"" +3; ""treatment"" (generic) +1; ""patients"" (generic) +1",NBK624884,2026,Canadian Agency for Drugs and Technologies in Health,"Tafasitamab (Minjuvi): Indication: Tafasitamab in combination with lenalidomide for the treatment of adult patients with relapsed or refractory diffuse large B-cell lymphoma not otherwise specified, including diffuse large B-cell lymphoma arising from low grade lymphoma, who are not eligible for autologous stem cell transplant: Reimbursement Recommendation"
1109,2,Medical Sciences,5,"""diabetes"" +3; ""treatment"" (generic) +1; ""patients"" (generic) +1",NBK624891,2026,Canadian Agency for Drugs and Technologies in Health,Tirzepatide (Mounjaro): Indication: For once-weekly administration as an adjunct to diet and exercise to improve glycemic control for the treatment of adult patients with type 2 diabetes mellitus: Reimbursement Recommendation
1110,2,Medical Sciences,5,"""pediatric"" +3; ""treatment"" (generic) +1; ""patients"" (generic) +1",NBK624901,2026,Canadian Agency for Drugs and Technologies in Health,"Pegzilarginase (Loargys): Indication: Treatment of hyperargininemia in adults and pediatric patients aged 2 years and older with arginase 1 deficiency, in conjunction with dietary protein restriction: Reimbursement Recommendation"
1111,2,Medical Sciences,5,"""asthma"" +3; ""patient"" (generic) +1; ""care"" (generic) +1",NBK625126,2023,Agency for Healthcare Research and Quality (US),Integrating Patient-Reported Outcomes into Routine Primary Care: Monitoring Asthma Between Visits
1112,2,Medical Sciences,5,"""hiv"" +3; ""health"" (generic) +1; ""care"" (generic) +1",NBK625129,2024,Agency for Healthcare Research and Quality (US),A Machine Learning Health System to Integrate Care for Substance Misuse and HIV Treatment and Prevention among Hospitalized Patients: FINAL PROGRESS REPORT
1113,2,Medical Sciences,5,"""clinical trial"" +3; ""clinical"" (generic) +1; ""patients"" (generic) +1",NBK625259,2023,Agency for Healthcare Research and Quality (US),A clinical trial to validate an automated online language interpreting tool with Hispanic patients who have limited English proficiency: Final Report
1114,2,Medical Sciences,5,"""cancer"" +3; ""health"" (generic) +1; ""patient"" (generic) +1",NBK625261,2024,Agency for Healthcare Research and Quality (US),"Expansion, Implementation & Evaluation of Electronic Health Record-Integrated Patient-Reported Symptom Screening in a Comprehensive Cancer Center: Final Progress Report"
1115,2,Medical Sciences,5,"""diabetes"" +3; ""clinical"" (generic) +1; ""health"" (generic) +1",NBK625274,2023,Agency for Healthcare Research and Quality (US),Prevent Diabetes Mellitus (PreDM) Clinical Decision Support Intervention in Community Health Centers
1116,2,Bio Technology,4,"""genetically modified"" +3; ""genetically"" (generic) +1",NBK576074,2005,National Institute of Environmental Health Sciences,"NTP Genetically Modified Model Report on the Toxicology Studies of Pentaerythritol Triacrylate (Technical Grade) (CASRN 3524-68-3) in F344/N Rats, B6C3F1 Mice, and Genetically Modified (FVB Tg.AC Hemizygous) Mice (Dermal Studies): NTP GMM 04"
1117,2,Bio Technology,4,"""genetically modified"" +3; ""genetically"" (generic) +1",NBK576094,2007,National Institute of Environmental Health Sciences,"NTP Genetically Modified Model Report on the Toxicology Studies of Bromodichloromethane (CASRN 75-27-4) in Genetically Modified (FVB Tg.AC Hemizygous) Mice (Dermal, Drinking Water, and Gavage Studies) and Carcinogenicity Studies of Bromodichloromethane in Genetically Modified [B6.129-Trp53tm1Brd (N5) Haploinsufficient] Mice (Drinking Water and Gavage Studies): NTP GMM 05"
1118,2,Bio Technology,4,"""genetically modified"" +3; ""genetically"" (generic) +1",NBK576114,2007,National Institute of Environmental Health Sciences,NTP Genetically Modified Model Report on the Toxicology Studies of Sodium Bromate (CASRN 7789-38-0) in Genetically Modified (FVB Tg.AC Hemizygous) Mice (Dermal and Drinking Water Studies) and Carcinogenicity Studies of Sodium Bromate in Genetically Modified [B6.129-Trp53tm1Brd (N5) Haploinsufficient] Mice (Drinking Water Studies): NTP GMM 06
1119,2,Bio Technology,4,"""genetically modified"" +3; ""genetically"" (generic) +1",NBK576132,2008,National Institute of Environmental Health Sciences,NTP Genetically Modified Model Report on the Toxicology Studies of Allyl Bromide (CASRN 106-95-6) in Genetically Modified (FVB Tg.AC Hemizygous) Mice and Carcinogenicity Studies of Allyl Bromide in Genetically Modified [B6.129-Trp53tm1Brd (N5) Haploinsufficient] Mice (Dermal and Gavage Studies): NTP GMM 07
1120,2,Bio Technology,4,"""genetically modified"" +3; ""genetically"" (generic) +1",NBK576152,2007,National Institute of Environmental Health Sciences,"NTP Genetically Modified Model Report on the Toxicology Studies of Dicyclohexylcarbodiimide (CASRN 538-75-0) in F344/N Rats, B6C3F1 Mice, and Genetically Modified (FVB Tg.AC Hemizygous) Mice and Carcinogenicity Study of Dicyclohexylcarbodiimide in Genetically Modified [B6.129-Trp53tm1Brd (N5) Haploinsufficient] Mice (Dermal Studies): NTP GMM 09"
1121,2,Bio Technology,4,"""genetically modified"" +3; ""genetically"" (generic) +1",NBK576166,2007,National Institute of Environmental Health Sciences,NTP Genetically Modified Model Report on the Toxicology Study of Diispropylcarbodiimide (CASRN 693-13-0) in Genetically Modified (FVB Tg.AC Hemizygous) Mice and Carcinogenicity Study of Diispropylcarbodiimide in Genetically Modified [B6.129-Trp53tm1Brd (N5) Haploinsufficient] Mice (Dermal Studies): NTP GMM 10
1122,2,Bio Technology,4,"""genetically modified"" +3; ""genetically"" (generic) +1",NBK576186,2007,National Institute of Environmental Health Sciences,NTP Genetically Modified Model Report on the Toxicology and Carcinogenesis Study of Glycidol (CASRN 556-52-5) in Genetically Modified Haploinsufficient p16ink4a/p19Arf Mice (Gavage Study): NTP GMM 13
1123,2,Bio Technology,4,"""genetically modified"" +3; ""genetically"" (generic) +1",NBK576205,2013,National Institute of Environmental Health Sciences,NTP Genetically Modified Model Report on the Toxicology and Carcinogenicity Studies of 3’-Azido-3’-Deoxythymidine (CASRN 30516-87-1) in Genetically Modified C3B6.129F1-Trp53tm1Brd N12 Haploinsufficient Mice (In Utero and Postnatal Gavage Study): NTP GMM 14
1124,2,Bio Technology,4,"""genetically modified"" +3; ""genetically"" (generic) +1",NBK576224,2012,National Institute of Environmental Health Sciences,NTP Genetically Modified Model Report on the Toxicology Study of Senna (CASRN 8013-11-4) in C57BL/6NTac Mice and Toxicology and Carcinogenesis Study of Senna in Genetically Modified C3B6.129F1/Tac-Trp53tm1Brd N12 Haploinsufficient Mice (Feed Studies): NTP GMM 15
1125,2,Bio Technology,4,"""genetically modified"" +3; ""genetically"" (generic) +1",NBK576244,2013,National Institute of Environmental Health Sciences,"NTP Genetically Modified Model Report on the Toxicology and Carcinogenicity Study of Mixtures of 3′-Azido-3′-Deoxythymidine (AZT), Lamivudine (3TC), and Nevirapine (NVP) (CASRNs 30516-87-1, 134678-17-4, 129618-40-2) in Genetically Modified C3B6.129F1-Trp53tm1Brd N12 Haploinsufficient Mice (In Utero and Postnatal Gavage Study): NTP GMM 16"
1126,2,Bio Technology,4,"""genetically modified"" +3; ""genetically"" (generic) +1",NBK576265,2005,National Institute of Environmental Health Sciences,NTP Genetically Modified Model Report on the Toxicology Studies of Aspartame (CASRN 22839-47-0) in Genetically Modified (FVB Tg.AC Hemizygous) and B6.129-Cdkn2atm1Rdp (N2) Deficient Mice and Carcinogenicity Studies of Aspartame in Genetically Modified [B6.129-Trp53tm1Brd (N5) Haploinsufficient] Mice (Feed Studies): NTP GMM 01
1127,2,Bio Technology,4,"""genetically modified"" +3; ""genetically"" (generic) +1",NBK576284,2005,National Institute of Environmental Health Sciences,NTP Genetically Modified Model Report on the Toxicity Studies of Acesulfame Potassium (CASRN 55589-62-3) in FVB/N-TgN(v-Ha-ras)Led (Tg.AC) Hemizygous Mice and Carcinogenicity Studies of Acesulfame Potassium in B6.129-Trp53tm1Brd (N5) Haploinsufficient Mice (Feed Studies): NTP GMM 02
1128,2,Bio Technology,4,"""genetically modified"" +3; ""genetically"" (generic) +1",NBK576291,2005,National Institute of Environmental Health Sciences,NTP Genetically Modified Model Reports
1129,2,Bio Technology,4,"""genetically modified"" +3; ""genetically"" (generic) +1",NBK576576,2007,National Institute of Environmental Health Sciences,NTP Genetically Modified Model Report on the Toxicology and Carcinogenesis Study of Phenolphthalein (CASRN 77-09-8) in Genetically Modified Haploinsufficient p16Ink4a/p19Arf Mice (Feed Study): NTP GMM 12
1130,2,Bio Technology,4,"""genetically modified"" +3; ""genetically"" (generic) +1",NBK576595,2007,National Institute of Environmental Health Sciences,NTP Genetically Modified Model Report on the Toxicology Studies of Dichloroacetic Acid (CASRN 79-43-6) in Genetically Modified (FVB Tg.AC Hemizygous) Mice (Dermal and Drinking Water Studies) and Carcinogenicity Studies of Dichloroacetic Acid in Genetically Modified [B6.129-Trp53tm1Brd (N5) Haploinsufficient] Mice (Drinking Water Studies): NTP GMM 11
1131,2,Bio Technology,4,"""genetically modified"" +3; ""genetically"" (generic) +1",NBK576942,2005,National Institute of Environmental Health Sciences,"NTP Genetically Modified Model Report on the Toxicology Studies of Trimethylolpropane Triacrylate (Technical Grade) (CASRN 15625-89-5) in F344/N Rats, B6C3F1 Mice, and Genetically Modified (FVB Tg.AC Hemizygous) Mice (Dermal Studies): NTP GMM 03"
1132,2,Bio Technology,4,"""genetically modified"" +3; ""genetically"" (generic) +1",NBK576959,2007,National Institute of Environmental Health Sciences,NTP Genetically Modified Model Report on the Toxicology and Carcinogenesis Study of Benzene (CASRN 71-43-2) in Genetically Modified Haploinsufficient p16Ink4a/p19Arf Mice (Gavage Study): NTP GMM 08
1133,2,Bio Technology,4,"""monoclonal"" +3; ""protein"" (generic) +1",NBK578616,2022,National Institute for Health and Care Research,Monoclonal antibody BTT1023 targeting vascular adhesion protein 1 for treating primary sclerosing cholangitis: BUTEO single-arm Phase II trial
1134,2,Bio Technology,4,"""gene therapy"" +3; ""protein"" (generic) +1",NBK604022,2024,National Institute for Health and Care Research,Gene therapy for choroideremia using an adeno-associated viral vector encoding Rab escort protein 1: the REGENERATE open-label trial
1135,2,Bio Technology,4,"""recombinant"" +3; ""protein"" (generic) +1",NBK616635,2025,Canadian Agency for Drugs and Technologies in Health,"Efanesoctocog Alfa (ALTUVIIIO): Indication: Antihemophilic factor VIII (recombinant, B-domain deleted), Fc-VWF-XTEN fusion protein in adults, adolescents, and children with hemophilia A (congenital factor VIII [FVIII] deficiency) for: Reimbursement Recommendation"
1136,2,Bio Technology,4,"""recombinant"" +3; ""protein"" (generic) +1",NBK619783,2025,Canadian Agency for Drugs and Technologies in Health,"Antihemophilic Factor VIII (Recombinant, B-Domain Deleted), Fc-VWF-XTEN Fusion Protein (Altuviiio): Therapeutic area: Congenital factor VIII deficiency: Reimbursement Review"
1137,2,Medical Sciences,4,"""asthma"" +3; ""diagnosis"" (generic) +1",NBK2358,1997,"National Heart, Lung, and Blood Institute (US)",Expert Panel Report 2: Guidelines for the Diagnosis and Management of Asthma
1138,2,Medical Sciences,4,"""asthma"" +3; ""diagnosis"" (generic) +1",NBK7232,2007,"National Heart, Lung, and Blood Institute (US)",Expert Panel Report 3: Guidelines for the Diagnosis and Management of Asthma
1139,2,Medical Sciences,4,"""diabetes"" +3; ""therapeutic"" (generic) +1",NBK27011,2008,Agency for Healthcare Research and Quality (US),"Therapeutic Management, Delivery, and Postpartum Risk Assessment and Screening in Gestational Diabetes"
1140,2,Medical Sciences,4,"""carcinoma"" +3; ""diagnosis"" (generic) +1",NBK32576,2009,Agency for Healthcare Research and Quality (US),Diagnosis and Management of Ductal Carcinoma in Situ (DCIS)
1141,2,Medical Sciences,4,"""cancer"" +3; ""treatment"" (generic) +1",NBK32951,1999,Agency for Healthcare Research and Quality (US),Relative Effectiveness and Cost-Effectiveness of Methods of Androgen Suppression in the Treatment of Advanced Prostate Cancer
1142,2,Medical Sciences,4,"""cancer"" +3; ""medications"" (generic) +1",NBK36430,2009,Agency for Healthcare Research and Quality (US),Comparative Effectiveness of Medications To Reduce Risk of Primary Breast Cancer in Women
1143,2,Medical Sciences,4,"""cancer"" +3; ""treatment"" (generic) +1",NBK36859,2003,Agency for Healthcare Research and Quality (US),"Effect of the Supplemental Use of Antioxidants Vitamin C, Vitamin E, and Coenzyme Q10 for the Prevention and Treatment of Cancer"
1144,2,Medical Sciences,4,"""epilepsy"" +3; ""treatment"" (generic) +1",NBK36968,2003,Agency for Healthcare Research and Quality (US),Management of Treatment-Resistant Epilepsy
1145,2,Medical Sciences,4,"""stroke"" +3; ""therapy"" (generic) +1",NBK37104,2003,Agency for Healthcare Research and Quality (US),"Hyperbaric Oxygen Therapy for Brain Injury, Cerebral Palsy, and Stroke"
1146,2,Medical Sciences,4,"""asthma"" +3; ""health"" (generic) +1",NBK37196,2004,Agency for Healthcare Research and Quality (US),Health Effects of Omega-3 Fatty Acids on Asthma
1147,2,Medical Sciences,4,"""cardiovascular"" +3; ""disease"" (generic) +1",NBK37223,2004,Agency for Healthcare Research and Quality (US),Effects of Omega-3 Fatty Acids on Cardiovascular Disease
1148,2,Medical Sciences,4,"""cardiovascular"" +3; ""disease"" (generic) +1",NBK37239,2004,Agency for Healthcare Research and Quality (US),Effects of Omega-3 Fatty Acids on Cardiovascular Risk Factors and Intermediate Markers of Cardiovascular Disease
1149,2,Medical Sciences,4,"""diabetes"" +3; ""patients"" (generic) +1",NBK37294,2004,Agency for Healthcare Research and Quality (US),Islet Transplantation in Patients with Type 1 Diabetes Mellitus
1150,2,Medical Sciences,4,"""cancer"" +3; ""patients"" (generic) +1",NBK37368,2004,Agency for Healthcare Research and Quality (US),Effectiveness of Behavioral Interventions to Modify Physical Activity Behaviors in General Populations and Cancer Patients and Survivors
1151,2,Medical Sciences,4,"""cancer"" +3; ""care"" (generic) +1",NBK37403,2004,Agency for Healthcare Research and Quality (US),Measuring the Quality of Breast Cancer Care in Women
1152,2,Medical Sciences,4,"""cardiac"" +3; ""therapy"" (generic) +1",NBK37415,2004,Agency for Healthcare Research and Quality (US),Cardiac Resynchronization Therapy for Congestive Heart Failure
1153,2,Medical Sciences,4,"""obstetrical"" +3; ""care"" (generic) +1",NBK37475,2005,Agency for Healthcare Research and Quality (US),The Use of Episiotomy in Obstetrical Care: A Systematic Review
1154,2,Medical Sciences,4,"""neurological"" +3; ""diseases"" (generic) +1",NBK37650,2005,Agency for Healthcare Research and Quality (US),"Effects of Omega-3 Fatty Acids on Cognitive Function with Aging, Dementia, and Neurological Diseases"
1155,2,Medical Sciences,4,"""stroke"" +3; ""treatment"" (generic) +1",NBK37900,2005,Agency for Healthcare Research and Quality (US),Acute Stroke: Evaluation and Treatment
1156,2,Medical Sciences,4,"""asthma"" +3; ""diagnosis"" (generic) +1",NBK37917,2005,Agency for Healthcare Research and Quality (US),Diagnosis and Management of Work-Related Asthma
1157,2,Medical Sciences,4,"""cancer"" +3; ""care"" (generic) +1",NBK38028,2006,Agency for Healthcare Research and Quality (US),Cancer Care Quality Measures: Symptoms and End-of-Life Care
1158,2,Medical Sciences,4,"""medical education"" +3; ""medical"" (generic) +1",NBK38259,2007,Agency for Healthcare Research and Quality (US),Effectiveness of Continuing Medical Education
1159,2,Medical Sciences,4,"""cancer"" +3; ""diagnostic"" (generic) +1",NBK38285,2007,Agency for Healthcare Research and Quality (US),Hereditary Nonpolyposis Colorectal Cancer: Diagnostic Strategies and Their Implications
1160,2,Medical Sciences,4,"""cardiac"" +3; ""therapy"" (generic) +1",NBK38299,2007,Agency for Healthcare Research and Quality (US),Cardiac Resynchronization Therapy and Implantable Cardiac Defibrillators in Left Ventricular Systolic Dysfunction
1161,2,Medical Sciences,4,"""cancer"" +3; ""care"" (generic) +1",NBK38422,2007,Agency for Healthcare Research and Quality (US),Collection and Use of Cancer Family History in Primary Care
1162,2,Medical Sciences,4,"""cancer"" +3; ""therapy"" (generic) +1",NBK42718,2002,Agency for Healthcare Research and Quality (US),Hormone Replacement Therapy and Breast Cancer
1163,2,Medical Sciences,4,"""hypertension"" +3; ""care"" (generic) +1",NBK42905,2005,Agency for Healthcare Research and Quality (US),Primary Care Screening for Ocular Hypertension and Primary Open-Angle Glaucoma
1164,2,Medical Sciences,4,"""diabetes"" +3; ""medications"" (generic) +1",NBK43056,2007,Agency for Healthcare Research and Quality (US),Comparative Effectiveness and Safety of Oral Diabetes Medications for Adults With Type 2 Diabetes
1165,2,Medical Sciences,4,"""cancer"" +3; ""therapies"" (generic) +1",NBK43147,2008,Agency for Healthcare Research and Quality (US),Comparative Effectiveness of Therapies for Clinically Localized Prostate Cancer
1166,2,Medical Sciences,4,"""clinical practice"" +3; ""clinical"" (generic) +1",NBK43864,2002,Agency for Healthcare Research and Quality (US),Current Validity of AHRQ Clinical Practice Guidelines
1167,2,Medical Sciences,4,"""hypertension"" +3; ""care"" (generic) +1",NBK43920,2005,Agency for Healthcare Research and Quality (US),Closing the Quality Gap: A Critical Analysis of Quality Improvement Strategies (Vol. 3: Hypertension Care)
1168,2,Medical Sciences,4,"""diabetes"" +3; ""care"" (generic) +1",NBK43938,2004,Agency for Healthcare Research and Quality (US),Closing the Quality Gap: A Critical Analysis of Quality Improvement Strategies (Vol. 2: Diabetes Care)
1169,2,Medical Sciences,4,"""asthma"" +3; ""care"" (generic) +1",NBK43968,2007,Agency for Healthcare Research and Quality (US),Closing the Quality Gap: A Critical Analysis of Quality Improvement Strategies (Vol. 5: Asthma Care)
1170,2,Medical Sciences,4,"""cancer"" +3; ""therapies"" (generic) +1",NBK44538,2009,Agency for Healthcare Research and Quality (US),Particle Beam Radiation Therapies for Cancer
1171,2,Medical Sciences,4,"""surgical"" +3; ""diagnosis"" (generic) +1",NBK45220,2009,Agency for Healthcare Research and Quality (US),Comparative Effectiveness of Core-Needle and Open Surgical Biopsy for the Diagnosis of Breast Lesions
1172,2,Medical Sciences,4,"""alzheimer"" +3; ""disease"" (generic) +1",NBK47456,2010,Agency for Healthcare Research and Quality (US),Preventing Alzheimer's Disease and Cognitive Decline
1173,2,Medical Sciences,4,"""diabetes"" +3; ""patients"" (generic) +1",NBK49051,2007,Department of Veterans Affairs (US),Self-Monitoring of Blood Glucose in Patients with Type 2 Diabetes Mellitus: Meta Analysis of Effectiveness
1174,2,Medical Sciences,4,"""surgery"" +3; ""disease"" (generic) +1",NBK51079,2010,Agency for Healthcare Research and Quality (US),Future Research Needs for the Comparison of Percutaneous Coronary Interventions with Bypass Graft Surgery in Nonacute Coronary Artery Disease: Identification of Future Research Needs from Comparative Effectiveness Review No. 9
1175,2,Medical Sciences,4,"""alzheimer"" +3; ""disease"" (generic) +1",NBK52467,1996,Agency for Healthcare Research and Quality (US),Recognition and Initial Assessment of Alzheimer's Disease and Related Dementias
1176,2,Medical Sciences,4,"""stroke"" +3; ""treatment"" (generic) +1",NBK52900,2011,Agency for Healthcare Research and Quality (US),Neurothrombectomy Devices for Treatment of Acute Ischemic Stroke
1177,2,Medical Sciences,4,"""diabetes"" +3; ""medications"" (generic) +1",NBK55754,2011,Agency for Healthcare Research and Quality (US),Oral Diabetes Medications for Adults With Type 2 Diabetes: An Update
1178,2,Medical Sciences,4,"""cardiovascular"" +3; ""disease"" (generic) +1",NBK56166,2011,Agency for Healthcare Research and Quality (US),Systematic Review of Cardiovascular Disease Risk Assessment Tools
1179,2,Medical Sciences,4,"""tuberculosis"" +3; ""treatment"" (generic) +1",NBK64541,1995,Substance Abuse and Mental Health Services Administration (US),The Tuberculosis Epidemic: Legal and Ethical Issues for Alcohol and Other Drug Treatment Providers
1180,2,Medical Sciences,4,"""hiv"" +3; ""treatment"" (generic) +1",NBK64595,1995,Substance Abuse and Mental Health Services Administration (US),Treatment for HIV-Infected Alcohol and Other Drug Abusers
1181,2,Medical Sciences,4,"""infectious diseases"" +3; ""diseases"" (generic) +1",NBK64621,1994,Substance Abuse and Mental Health Services Administration (US),Simple Screening Instruments for Outreach for Alcohol and Other Drug Abuse and Infectious Diseases
1182,2,Medical Sciences,4,"""infectious diseases"" +3; ""diseases"" (generic) +1",NBK64727,1993,Substance Abuse and Mental Health Services Administration (US),Screening for Infectious Diseases Among Substance Abusers
1183,2,Medical Sciences,4,"""hiv"" +3; ""treatment"" (generic) +1",NBK64923,2000,Substance Abuse and Mental Health Services Administration (US),Substance Abuse Treatment for Persons With HIV/AIDS
1184,2,Medical Sciences,4,"""cancers"" +3; ""diagnostic"" (generic) +1",NBK82493,2011,Agency for Healthcare Research and Quality (US),Noninvasive Diagnostic Techniques for the Detection of Skin Cancers
1185,2,Medical Sciences,4,"""hepatitis"" +3; ""disorders"" (generic) +1",NBK92036,2011,Substance Abuse and Mental Health Services Administration (US),Addressing Viral Hepatitis in People With Substance Use Disorders
1186,2,Medical Sciences,4,"""cancer"" +3; ""treatment"" (generic) +1",NBK97468,2011,National Institute for Health and Care Research,Lapatinib and Trastuzumab in Combination with an Aromatase Inhibitor for the First-Line Treatment of Metastatic Hormone Receptor-Positive Breast Cancer which Over-Expresses Human Epidermal Growth Factor 2 (HER2): A Systematic Review and Economic Analysis
1187,2,Medical Sciences,4,"""geriatricians"" +3; ""care"" (generic) +1",NBK98020,2012,Department of Veterans Affairs (US),Evidence Brief: Effect of Geriatricians on Outcomes of Inpatient and Outpatient Care
1188,2,Medical Sciences,4,"""leukaemia"" +3; ""treatment"" (generic) +1",NBK98626,2012,National Institute for Health and Care Research,"Dasatinib, High-Dose Imatinib and Nilotinib for the Treatment of Imatinib-Resistant Chronic Myeloid Leukaemia: A Systematic Review and Economic Evaluation"
1189,2,Medical Sciences,4,"""cancer"" +3; ""diagnosis"" (generic) +1",NBK99354,2011,National Institute for Health and Care Research,An Economic Evaluation of Positron Emission Tomography (PET) and Positron Emission Tomography/Computed Tomography (PET/CT) for the Diagnosis of Breast Cancer Recurrence
1190,2,Medical Sciences,4,"""tumour"" +3; ""treatment"" (generic) +1",NBK99675,2011,National Institute for Health and Care Research,"Adalimumab, Etanercept, Infliximab, Rituximab and Abatacept for the Treatment of Rheumatoid Arthritis After the Failure of a Tumour Necrosis Factor Inhibitor: A Systematic Review and Economic Evaluation"
1191,2,Medical Sciences,4,"""cancer"" +3; ""clinical"" (generic) +1",NBK99694,2011,National Institute for Health and Care Research,The Clinical Effectiveness and Cost-Effectiveness of Genotyping for CYP2D6 for the Management of Women with Breast Cancer Treated with Tamoxifen: A Systematic Review
1192,2,Medical Sciences,4,"""tumour"" +3; ""disease"" (generic) +1",NBK100762,2011,National Institute for Health and Care Research,"A Systematic Review and Economic Evaluation of the Use of Tumour Necrosis Factor-Alpha (TNF-α) Inhibitors, Adalimumab and Infliximab, for Crohn's Disease"
1193,2,Medical Sciences,4,"""asthma"" +3; ""treatment"" (generic) +1",NBK109355,2012,Agency for Healthcare Research and Quality (US),Breathing Exercises and/or Retraining Techniques in the Treatment of Asthma: Comparative Effectiveness
1194,2,Medical Sciences,4,"""diabetes"" +3; ""diagnosing"" (generic) +1",NBK114844,2012,Agency for Healthcare Research and Quality (US),Screening and Diagnosing Gestational Diabetes Mellitus
1195,2,Medical Sciences,4,"""hepatitis"" +3; ""treatment"" (generic) +1",NBK115347,2012,Agency for Healthcare Research and Quality (US),Treatment for Hepatitis C Virus Infection in Adults
1196,2,Medical Sciences,4,"""cancer"" +3; ""care"" (generic) +1",NBK115492,2006,Genetic Alliance,"Genomics, Cancer Care & Advocacy"
1197,2,Medical Sciences,4,"""cancer"" +3; ""therapies"" (generic) +1",NBK115724,2012,Agency for Healthcare Research and Quality (US),Local Hepatic Therapies for Metastases to the Liver From Unresectable Colorectal Cancer
1198,2,Medical Sciences,4,"""asthma"" +3; ""treatment"" (generic) +1",NBK132531,2012,Agency for Healthcare Research and Quality (US),Future Research Needs for the Comparative Effectiveness of Breathing Exercises and/or Retraining Techniques in the Treatment of Asthma
1199,2,Medical Sciences,4,"""cancer"" +3; ""diagnosis"" (generic) +1",NBK132752,2013,Agency for Healthcare Research and Quality (US),PCA3 Testing for the Diagnosis and Management of Prostate Cancer
1200,2,Medical Sciences,4,"""asthma"" +3; ""treatment"" (generic) +1",NBK133240,2013,Agency for Healthcare Research and Quality (US),Allergen-Specific Immunotherapy for the Treatment of Allergic Rhinoconjunctivitis and/or Asthma: Comparative Effectiveness Review
1201,2,Medical Sciences,4,"""hepatitis"" +3; ""treatment"" (generic) +1",NBK137849,2013,Agency for Healthcare Research and Quality (US),Treatment of Hepatitis C Virus Infection in Adults: Future Research Needs: Identification of Future Research Needs From Comparative Effectiveness Review No. 76
1202,2,Medical Sciences,4,"""hypertension"" +3; ""treatment"" (generic) +1",NBK143034,2013,Agency for Healthcare Research and Quality (US),"Pulmonary Arterial Hypertension: Screening, Management, and Treatment"
1203,2,Medical Sciences,4,"""cancer"" +3; ""diagnosis"" (generic) +1",NBK143597,2013,Agency for Healthcare Research and Quality (US),PCA3 Testing in the Diagnosis and Management of Prostate Cancer: Future Research Needs: Identification of Future Research Needs From Comparative Effectiveness Review No. 98
1204,2,Medical Sciences,4,"""hepatitis"" +3; ""treatment"" (generic) +1",NBK148486,2013,Department of Veterans Affairs (US),Assessment of Alternative Treatment Strategies for Chronic Genotype 1 Hepatitis C
1205,2,Medical Sciences,4,"""carcinoma"" +3; ""therapies"" (generic) +1",NBK148535,2013,Agency for Healthcare Research and Quality (US),Local Therapies for Unresectable Primary Hepatocellular Carcinoma
1206,2,Medical Sciences,4,"""surgery"" +3; ""therapy"" (generic) +1",NBK148685,2013,Agency for Healthcare Research and Quality (US),Bariatric Surgery and Nonsurgical Therapy in Adults With Metabolic Conditions and a Body Mass Index of 30.0 to 34.9 kg/m2
1207,2,Medical Sciences,4,"""cancer"" +3; ""therapies"" (generic) +1",NBK148716,2013,Agency for Healthcare Research and Quality (US),Local Nonsurgical Therapies for Stage I and Symptomatic Obstructive Non–Small-Cell Lung Cancer
1208,2,Medical Sciences,4,"""cancer"" +3; ""treatment"" (generic) +1",NBK153078,2012,Department of Veterans Affairs (US),Treatment of Metastatic Non-Small Cell Lung Cancer: A Systematic Review of Comparative Effectiveness and Cost-Effectiveness
1209,2,Medical Sciences,4,"""cardiovascular"" +3; ""disease"" (generic) +1",NBK164524,2013,Agency for Healthcare Research and Quality (US),The Ankle Brachial Index for Peripheral Artery Disease Screening and Cardiovascular Disease Prediction in Asymptomatic Adults: A Systematic Evidence Review for the U.S. Preventive Services Task Force
1210,2,Medical Sciences,4,"""surgery"" +3; ""clinical"" (generic) +1",NBK168912,2011,Canadian Agency for Drugs and Technologies in Health,Robot-Assisted Surgery Compared with Open Surgery and Laparoscopic Surgery: Clinical Effectiveness and Economic Analyses
1211,2,Medical Sciences,4,"""stroke"" +3; ""patients"" (generic) +1",NBK168988,2013,Canadian Agency for Drugs and Technologies in Health,Antithrombotic Agents for the Prevention of Stroke and Systemic Embolism in Patients With Atrial Fibrillation
1212,2,Medical Sciences,4,"""diabetic"" +3; ""treatment"" (generic) +1",NBK169472,2012,Canadian Agency for Drugs and Technologies in Health,A Systematic Review of Intravitreal Bevacizumab for the Treatment of Diabetic Macular Edema
1213,2,Medical Sciences,4,"""surgical"" +3; ""clinical"" (generic) +1",NBK174549,2011,Canadian Agency for Drugs and Technologies in Health,Preoperative Skin Antiseptic Preparations and Application Techniques for Preventing Surgical Site Infections: A Systematic Review of the Clinical Evidence and Guidelines
1214,2,Medical Sciences,4,"""diabetes"" +3; ""care"" (generic) +1",NBK195102,2013,Canadian Agency for Drugs and Technologies in Health,Management of Diabetes in the Long-Term Care Population: A Review of Guidelines
1215,2,Medical Sciences,4,"""surgery"" +3; ""treatment"" (generic) +1",NBK195457,2013,Canadian Agency for Drugs and Technologies in Health,Ulipristal Acetate (Fibristal) (5 mg Tablets): Treatment of Moderate to Severe Signs and Symptoms of Uterine Fibroids in Adult Women of Reproductive Age Who are Eligible for Surgery. The Duration of Treatment is Limited to Three Months
1216,2,Medical Sciences,4,"""cancer"" +3; ""clinical"" (generic) +1",NBK195634,2014,Canadian Agency for Drugs and Technologies in Health,Oncotype DX in Women and Men with ER-Positive HER2-Negative Early Stage Breast Cancer Who are Lymph Node-Positive: A Review of Clinical Effectiveness and Guidelines
1217,2,Medical Sciences,4,"""surgical"" +3; ""clinical"" (generic) +1",NBK195773,2013,Canadian Agency for Drugs and Technologies in Health,Use of Surgical Masks in the Operating Room: A Review of the Clinical Effectiveness and Guidelines
1218,2,Medical Sciences,4,"""cancer"" +3; ""care"" (generic) +1",NBK196214,2014,Agency for Healthcare Research and Quality (US),Models of Cancer Survivorship Care
1219,2,Medical Sciences,4,"""cancer"" +3; ""disease"" (generic) +1",NBK222184,2014,Department of Veterans Affairs (US),Screening for Hepatocellular Cancer in Chronic Liver Disease: A Systematic Review
1220,2,Medical Sciences,4,"""surgical"" +3; ""diagnosis"" (generic) +1",NBK246878,2014,Agency for Healthcare Research and Quality (US),Core Needle and Open Surgical Biopsy for Diagnosis of Breast Lesions: An Update to the 2009 Report
1221,2,Medical Sciences,4,"""cardiac"" +3; ""patient"" (generic) +1",NBK248329,2012,Agency for Healthcare Research and Quality (US),Systematic Review of Decision Tools and Their Suitability for Patient-Centered Decisionmaking Regarding Electronic Cardiac Devices
1222,2,Medical Sciences,4,"""cancer"" +3; ""treatment"" (generic) +1",NBK253155,2014,Agency for Healthcare Research and Quality (US),Imaging Techniques for Treatment Evaluation for Metastatic Breast Cancer
1223,2,Medical Sciences,4,"""clinical trials"" +3; ""clinical"" (generic) +1",NBK253213,2009,Agency for Healthcare Research and Quality (US),Use of Bayesian Techniques in Randomized Clinical Trials: A CMS Case Study
1224,2,Medical Sciences,4,"""diabetic"" +3; ""clinical"" (generic) +1",NBK253769,2014,Canadian Agency for Drugs and Technologies in Health,"Debridement Procedures for Managing Diabetic Foot Ulcers: A Review of Clinical Effectiveness, Cost-effectiveness, and Guidelines"
1225,2,Medical Sciences,4,"""carcinoma"" +3; ""diagnosis"" (generic) +1",NBK254191,2014,Agency for Healthcare Research and Quality (US),Imaging Techniques for the Diagnosis and Staging of Hepatocellular Carcinoma
1226,2,Medical Sciences,4,"""hepatitis"" +3; ""patients"" (generic) +1",NBK258659,2014,Canadian Agency for Drugs and Technologies in Health,Treatments for Patients with Genotype 1 Chronic Hepatitis C: A Review of Evidence-based Guidelines
1227,2,Medical Sciences,4,"""hepatitis"" +3; ""clinical"" (generic) +1",NBK258672,2014,Canadian Agency for Drugs and Technologies in Health,Interferon-free Regimens for Genotype 1 Chronic Hepatitis C: A Review of the Clinical Evidence and Cost-Effectiveness
1228,2,Medical Sciences,4,"""critical care"" +3; ""care"" (generic) +1",NBK258851,2008,Agency for Healthcare Research and Quality (US),Evaluation of the Evidence on Benefits and Harms of Pulmonary Artery Catheter Use in Critical Care Settings
1229,2,Medical Sciences,4,"""diabetes"" +3; ""medicine"" (generic) +1",NBK259657,2014,National Institute for Health and Care Research,Developing and evaluating a child-centred intervention for diabetes medicine management using mixed methods and a multicentre randomised controlled trial
1230,2,Medical Sciences,4,"""neurological"" +3; ""care"" (generic) +1",NBK259678,2014,National Institute for Health and Care Research,Outcomes assessment for people with long-term neurological conditions: a qualitative approach to developing and testing a checklist in integrated care
1231,2,Medical Sciences,4,"""psychiatric"" +3; ""therapeutic"" (generic) +1",NBK259873,2014,National Institute for Health and Care Research,A mixed-methods study exploring therapeutic relationships and their association with service user satisfaction in acute psychiatric wards and crisis residential alternatives
1232,2,Medical Sciences,4,"""asthma"" +3; ""therapy"" (generic) +1",NBK260304,2013,National Institute for Health and Care Research,"Management of Asthma in School age Children On Therapy (MASCOT): a randomised, double-blind, placebo-controlled, parallel study of efficacy and safety"
1233,2,Medical Sciences,4,"""surgery"" +3; ""patients"" (generic) +1",NBK260885,2013,National Institute for Health and Care Research,Cost-effectiveness of transcatheter aortic valve implantation (TAVI) for aortic stenosis in patients who are high risk or contraindicated for surgery: a model-based economic evaluation
1234,2,Medical Sciences,4,"""anaesthesia"" +3; ""clinical"" (generic) +1",NBK260910,2013,National Institute for Health and Care Research,"Clinical effectiveness and cost-effectiveness of depth of anaesthesia monitoring (E-Entropy, Bispectral Index and Narcotrend): a systematic review and economic evaluation"
1235,2,Medical Sciences,4,"""surgery"" +3; ""patients"" (generic) +1",NBK261187,2013,National Institute for Health and Care Research,The impact of continuous haemofiltration with high-volume fluid exchange during cardiopulmonary bypass surgery on the recovery of patients with impaired renal function: a pilot randomised trial
1236,2,Medical Sciences,4,"""asthma"" +3; ""treatment"" (generic) +1",NBK261235,2013,National Institute for Health and Care Research,Omalizumab for the treatment of severe persistent allergic asthma: a systematic review and economic evaluation
1237,2,Medical Sciences,4,"""surgery"" +3; ""patients"" (generic) +1",NBK262161,2014,National Institute for Health and Care Research,Coronary artery bypass grafting in high-RISk patients randomised to off- or on-Pump surgery: a randomised controlled trial (the CRISP trial)
1238,2,Medical Sciences,4,"""stroke"" +3; ""medical"" (generic) +1",NBK262723,2014,National Institute for Health and Care Research,Emergency Stroke Calls: Obtaining Rapid Telephone Triage (ESCORTT) – a programme of research to facilitate recognition of stroke by emergency medical dispatchers
1239,2,Medical Sciences,4,"""cardiac"" +3; ""treatment"" (generic) +1",NBK263023,2013,National Institute for Health and Care Research,Randomised Assessment of Treatment using Panel Assay of Cardiac markers – Contemporary Biomarker Evaluation (RATPAC CBE)
1240,2,Medical Sciences,4,"""critical care"" +3; ""care"" (generic) +1",NBK263087,2014,National Institute for Health and Care Research,"Educational interventions for preventing vascular catheter bloodstream infections in critical care: evidence map, systematic review and economic evaluation"
1241,2,Medical Sciences,4,"""stroke"" +3; ""patients"" (generic) +1",NBK263109,2014,National Institute for Health and Care Research,"An assessment of the cost-effectiveness of magnetic resonance, including diffusion-weighted imaging, in patients with transient ischaemic attack and minor stroke: a systematic review, meta-analysis and economic evaluation"
1242,2,Medical Sciences,4,"""surgery"" +3; ""clinical"" (generic) +1",NBK263224,2014,Canadian Agency for Drugs and Technologies in Health,Antibacterial Sutures for Wound Closure After Surgery: A Review of Clinical and Cost-Effectiveness and Guidelines for Use
1243,2,Medical Sciences,4,"""surgery"" +3; ""clinical"" (generic) +1",NBK263339,2014,Canadian Agency for Drugs and Technologies in Health,Autologous Fat Grafting for Reconstructive Surgery: A Review of the Clinical and Cost-Effectiveness
1244,2,Medical Sciences,4,"""cancer"" +3; ""clinical"" (generic) +1",NBK263396,2014,Canadian Agency for Drugs and Technologies in Health,Stepwise Approach for the Prescription of Opiates for Non-Cancer Pain: A Review of Clinical Evidence and Guidelines
1245,2,Medical Sciences,4,"""parkinson"" +3; ""disease"" (generic) +1",NBK263782,2014,National Institute for Health and Care Research,Specialist rehabilitation for people with Parkinson's disease in the community: a randomised controlled trial
1246,2,Medical Sciences,4,"""surgery"" +3; ""clinical"" (generic) +1",NBK263911,2014,National Institute for Health and Care Research,The clinical effectiveness and cost-effectiveness of second-eye cataract surgery: a systematic review and economic evaluation
1247,2,Medical Sciences,4,"""diabetes"" +3; ""health"" (generic) +1",NBK263953,2014,National Institute for Health and Care Research,"Improving management of type 1 diabetes in the UK: the Dose Adjustment For Normal Eating (DAFNE) programme as a research test-bed. A mixed-method analysis of the barriers to and facilitators of successful diabetes self-management, a health economic analysis, a cluster randomised controlled trial of different models of delivery of an educational intervention and the potential of insulin pumps and additional educator input to improve outcomes"
1248,2,Medical Sciences,4,"""tuberculosis"" +3; ""clinical"" (generic) +1",NBK264094,2014,Canadian Agency for Drugs and Technologies in Health,Home Isolation to Prevent Tuberculosis Transmission: A Review of the Clinical Evidence and Guidelines
1249,2,Medical Sciences,4,"""hepatitis"" +3; ""clinical"" (generic) +1",NBK269290,2014,Canadian Agency for Drugs and Technologies in Health,Hepatitis C Polymorphism Testing: A Review of the Clinical Evidence
1250,2,Medical Sciences,4,"""cancer"" +3; ""therapies"" (generic) +1",NBK269320,2014,Agency for Healthcare Research and Quality (US),Therapies for Clinically Localized Prostate Cancer: Update of a 2008 Systematic Review
1251,2,Medical Sciences,4,"""cancer"" +3; ""treatment"" (generic) +1",NBK269405,2014,Agency for Healthcare Research and Quality (US),Decision Aids for Cancer Screening and Treatment
1252,2,Medical Sciences,4,"""surgery"" +3; ""clinical"" (generic) +1",NBK269427,2015,Canadian Agency for Drugs and Technologies in Health,Transoral Robotic Surgery: A Review of Clinical and Cost-Effectiveness
1253,2,Medical Sciences,4,"""cancer"" +3; ""clinical"" (generic) +1",NBK274019,2014,Canadian Agency for Drugs and Technologies in Health,"Oncotype DX in Women and Men with ER-Positive, HER2-Negative Early Stage Breast Cancer who are Lymph Node Negative: A Review of Clinical Effectiveness and Guidelines"
1254,2,Medical Sciences,4,"""hepatitis"" +3; ""clinical"" (generic) +1",NBK274204,2015,Canadian Agency for Drugs and Technologies in Health,Holkira (Ombitasvir/Paritaprevir/ Ritonavir with Dasabuvir) and Harvoni (Ledipasvir/Sofosbuvir) for Chronic Hepatitis C: A Review of the Clinical Evidence
1255,2,Medical Sciences,4,"""cancer"" +3; ""diseases"" (generic) +1",NBK284694,2012,Agency for Healthcare Research and Quality (US),Update on Mapping the Landscape of Genetic Tests for Non-Cancer Diseases/Conditions
1256,2,Medical Sciences,4,"""clinical trials"" +3; ""clinical"" (generic) +1",NBK284762,2009,Agency for Healthcare Research and Quality (US),Horizon Scan: To What Extent Do Changes in Third-Party Payment Affect Clinical Trials and the Evidence Base?
1257,2,Medical Sciences,4,"""alzheimer"" +3; ""diagnosis"" (generic) +1",NBK285138,2004,Agency for Healthcare Research and Quality (US),"Positron Emission Tomography, Single Photon Emission Computed Tomography, Computed Tomography, Functional Magnetic Resonance Imaging, and Magnetic Resonance Spectroscopy and for the Diagnosis and Management of Alzheimer's Dementia"
1258,2,Medical Sciences,4,"""surgery"" +3; ""clinical"" (generic) +1",NBK285233,2015,National Institute for Health and Care Research,"Clinical effectiveness and cost-effectiveness of foam sclerotherapy, endovenous laser ablation and surgery for varicose veins: results from the Comparison of LAser, Surgery and foam Sclerotherapy (CLASS) randomised controlled trial"
1259,2,Medical Sciences,4,"""carcinoma"" +3; ""patients"" (generic) +1",NBK285272,2001,Agency for Healthcare Research and Quality (US),Liver Transplantation for Patients with Hepatobiliary Malignancies Other than Hepatocellular Carcinoma
1260,2,Medical Sciences,4,"""cancers"" +3; ""clinical"" (generic) +1",NBK285327,2013,Agency for Healthcare Research and Quality (US),Update on Emerging Genetic Tests Currently Available for Clinical Use in Common Cancers
1261,2,Medical Sciences,4,"""psychiatric"" +3; ""care"" (generic) +1",NBK285445,2012,Swedish Agency for Health Technology Assessment and Assessment of Social Services (SBU),Implementation of Psychiatric Guidelines and Evidence-Based Knowledge in the Primary Care Sector: A Systematic Review
1262,2,Medical Sciences,4,"""psychiatric"" +3; ""therapeutic"" (generic) +1",NBK285975,2015,National Institute for Health and Care Research,Interventions designed to improve therapeutic communications between black and minority ethnic people and professionals working in psychiatric services: a systematic review of the evidence for their effectiveness
1263,2,Medical Sciences,4,"""pediatric"" +3; ""health"" (generic) +1",NBK293626,2015,Agency for Healthcare Research and Quality (US),Core Functionality in Pediatric Electronic Health Records
1264,2,Medical Sciences,4,"""tuberculosis"" +3; ""diagnostic"" (generic) +1",NBK293784,2015,National Institute for Health and Care Research,"Systematic review, meta-analysis and economic modelling of molecular diagnostic tests for antibiotic resistance in tuberculosis"
1265,2,Medical Sciences,4,"""neonatal"" +3; ""care"" (generic) +1",NBK293953,2015,National Institute for Health and Care Research,"Right cot, right place, right time: improving the design and organisation of neonatal care networks – a computer simulation study"
1266,2,Medical Sciences,4,"""cancer"" +3; ""diagnostic"" (generic) +1",NBK298990,2011,Swedish Agency for Health Technology Assessment and Assessment of Social Services (SBU),Molecular Diagnostic Tests for Men at Higher Probability for Prostate Cancer
1267,2,Medical Sciences,4,"""stroke"" +3; ""patients"" (generic) +1",NBK298994,2011,Swedish Agency for Health Technology Assessment and Assessment of Social Services (SBU),Dabigatran to Prevent Stroke in Patients With Atrial Fibrillation
1268,2,Medical Sciences,4,"""cancer"" +3; ""therapy"" (generic) +1",NBK304163,2015,National Institute for Health and Care Research,Ablative therapy for people with localised prostate cancer: a systematic review and economic evaluation
1269,2,Medical Sciences,4,"""pathology"" +3; ""clinical"" (generic) +1",NBK304803,2015,Canadian Agency for Drugs and Technologies in Health,"Telehealth for Speech and Language Pathology: A Review of Clinical Effectiveness, Cost-Effectiveness, and Guidelines"
1270,2,Medical Sciences,4,"""cancers"" +3; ""clinical"" (generic) +1",NBK305736,2011,Agency for Healthcare Research and Quality (US),Update on Horizon Scans of Genetic Tests Currently Available for Clinical Use in Cancers
1271,2,Medical Sciences,4,"""anaesthetic"" +3; ""care"" (generic) +1",NBK305883,2015,National Institute for Health and Care Research,Evaluation of a continuous monitoring and feedback initiative to improve quality of anaesthetic care: a mixed-methods quasi-experimental study
1272,2,Medical Sciences,4,"""cancer"" +3; ""treatment"" (generic) +1",NBK310444,2015,Agency for Healthcare Research and Quality (US),Treatment of Nonmetastatic Muscle-Invasive Bladder Cancer
1273,2,Medical Sciences,4,"""cancer"" +3; ""treatment"" (generic) +1",NBK311408,2015,National Institute for Health and Care Research,The INTRABEAM® Photon Radiotherapy System for the adjuvant treatment of early breast cancer: a systematic review and economic evaluation
1274,2,Medical Sciences,4,"""cancer"" +3; ""treatment"" (generic) +1",NBK316445,2014,Swedish Agency for Health Technology Assessment and Assessment of Social Services (SBU),Aromatase Inhibitors in the Treatment of Early ER-Positive Breast Cancer in Post-Menopausal Women
1275,2,Medical Sciences,4,"""surgery"" +3; ""clinical"" (generic) +1",NBK321535,2015,National Institute for Health and Care Research,Clinical effectiveness and cost-effectiveness of open and arthroscopic rotator cuff repair [the UK Rotator Cuff Surgery (UKUFF) randomised trial]
1276,2,Medical Sciences,4,"""cancer"" +3; ""treatment"" (generic) +1",NBK321777,2015,National Institute for Health and Care Research,A feasibility study to inform the design of a randomised controlled trial to identify the most clinically effective and cost-effective length of Anticoagulation with Low-molecular-weight heparin In the treatment of Cancer-Associated Thrombosis (ALICAT)
1277,2,Medical Sciences,4,"""sepsis"" +3; ""clinical"" (generic) +1",NBK327197,2015,National Institute for Health and Care Research,"Protocolised Management In Sepsis (ProMISe): a multicentre randomised controlled trial of the clinical effectiveness and cost-effectiveness of early, goal-directed, protocolised resuscitation for emerging septic shock"
1278,2,Medical Sciences,4,"""surgical"" +3; ""patients"" (generic) +1",NBK327584,2015,National Institute for Health and Care Research,Graduated compression stockings for the prevention of deep-vein thrombosis in postoperative surgical patients: a systematic review and economic model with a value of information analysis
1279,2,Medical Sciences,4,"""critical care"" +3; ""care"" (generic) +1",NBK333190,2015,National Institute for Health and Care Research,Family-Reported Experiences Evaluation (FREE) study: a mixed-methods study to evaluate families’ satisfaction with adult critical care services in the NHS
1280,2,Medical Sciences,4,"""cardiovascular"" +3; ""clinical"" (generic) +1",NBK333260,2015,Canadian Agency for Drugs and Technologies in Health,Cardiovascular Outcomes with Sodium-glucose Co-transporter 2 Inhibitors: A Review of the Clinical Evidence
1281,2,Medical Sciences,4,"""surgery"" +3; ""disease"" (generic) +1",NBK333500,2015,The International Bank for Reconstruction and Development / The World Bank,"Essential Surgery: Disease Control Priorities, Third Edition (Volume 1)"
1282,2,Medical Sciences,4,"""hepatitis"" +3; ""clinical"" (generic) +1",NBK333629,2015,National Institute for Health and Care Research,The clinical effectiveness and cost-effectiveness of STeroids Or Pentoxifylline for Alcoholic Hepatitis (STOPAH): a 2 × 2 factorial randomised controlled trial
1283,2,Medical Sciences,4,"""diabetes"" +3; ""clinical"" (generic) +1",NBK338266,2015,Canadian Agency for Drugs and Technologies in Health,"Insulin Pumps for Adults with Type 1 Diabetes: A Review of Clinical Effectiveness, Cost-effectiveness and Guidelines"
1284,2,Medical Sciences,4,"""cancer"" +3; ""disease"" (generic) +1",NBK343628,2015,The International Bank for Reconstruction and Development / The World Bank,"Cancer: Disease Control Priorities, Third Edition (Volume 3)"
1285,2,Medical Sciences,4,"""surgery"" +3; ""health"" (generic) +1",NBK343838,2014,Department of Veterans Affairs (US),Mental Health Assessment and Psychosocial Interventions for Bariatric Surgery
1286,2,Medical Sciences,4,"""hiv"" +3; ""clinical"" (generic) +1",NBK343848,2016,Canadian Agency for Drugs and Technologies in Health,Gabapentin for HIV-associated Neuropathic Pain: A Review of the Clinical Effectiveness
1287,2,Medical Sciences,4,"""cancer"" +3; ""treatment"" (generic) +1",NBK344174,2016,National Institute for Health and Care Research,The effectiveness and cost-effectiveness of erythropoiesis-stimulating agents (epoetin and darbepoetin) for treating cancer treatment-induced anaemia (including review of technology appraisal no. 142): a systematic review and economic model
1288,2,Medical Sciences,4,"""diabetes"" +3; ""therapy"" (generic) +1",NBK348996,2016,National Institute for Health and Care Research,Integrated sensor-augmented pump therapy systems [the MiniMed® Paradigm™ Veo system and the Vibe™ and G4® PLATINUM CGM (continuous glucose monitoring) system] for managing blood glucose levels in type 1 diabetes: a systematic review and economic evaluation
1289,2,Medical Sciences,4,"""hypertension"" +3; ""treatment"" (generic) +1",NBK349255,2015,Canadian Agency for Drugs and Technologies in Health,Macitentan (Opsumit): For Long-Term Treatment of Pulmonary Arterial Hypertension
1290,2,Medical Sciences,4,"""epilepsy"" +3; ""syndrome"" (generic) +1",NBK349342,2015,Canadian Agency for Drugs and Technologies in Health,Stiripentol (Diacomit): For Severe Myoclonic Epilepsy in Infancy (Dravet Syndrome)
1291,2,Medical Sciences,4,"""asthma"" +3; ""clinical"" (generic) +1",NBK349976,2015,Canadian Agency for Drugs and Technologies in Health,"Bronchial Thermoplasty for Severe Asthma: A Review of the Clinical and Cost-Effectiveness, and Guidelines"
1292,2,Medical Sciences,4,"""cancer"" +3; ""clinical"" (generic) +1",NBK349988,2015,Canadian Agency for Drugs and Technologies in Health,Long-acting Opioids for Chronic Non-cancer Pain: A Review of the Clinical Efficacy and Safety
1293,2,Medical Sciences,4,"""cardiovascular"" +3; ""disease"" (generic) +1",NBK350491,2015,Swedish Agency for Health Technology Assessment and Assessment of Social Services (SBU),Occupational Exposures and Cardiovascular Disease
1294,2,Medical Sciences,4,"""stroke"" +3; ""care"" (generic) +1",NBK350545,2016,National Institute for Health and Care Research,The Stroke Prevention Programme: a programme of research to inform optimal stroke prevention in primary care
1295,2,Medical Sciences,4,"""tumors"" +3; ""clinical"" (generic) +1",NBK350608,2016,Canadian Agency for Drugs and Technologies in Health,Irreversible Electroporation for Tumors of the Pancreas or Liver: A Review of Clinical and Cost-Effectiveness
1296,2,Medical Sciences,4,"""hepatitis"" +3; ""clinical"" (generic) +1",NBK350686,2016,Canadian Agency for Drugs and Technologies in Health,Drugs for Chronic Hepatitis C Infection: Clinical Review
1297,2,Medical Sciences,4,"""intensive care"" +3; ""care"" (generic) +1",NBK355233,2016,National Institute for Health and Care Research,Alpha-2 agonists for sedation of mechanically ventilated adults in intensive care units: a systematic review
1298,2,Medical Sciences,4,"""clinical trial"" +3; ""clinical"" (generic) +1",NBK355946,2016,National Institute for Health and Care Research,"Antidepressant Controlled Trial For Negative Symptoms In Schizophrenia (ACTIONS): a double-blind, placebo-controlled, randomised clinical trial"
1299,2,Medical Sciences,4,"""surgery"" +3; ""care"" (generic) +1",NBK356429,2016,National Institute for Health and Care Research,UK FASHIoN: feasibility study of a randomised controlled trial of arthroscopic surgery for hip impingement compared with best conservative care
1300,2,Medical Sciences,4,"""stroke"" +3; ""patients"" (generic) +1",NBK361358,2013,Canadian Agency for Drugs and Technologies in Health,Recommendations for Antithrombotic Agents for the Prevention of Stroke and Systemic Embolism in Patients With Atrial Fibrillation
1301,2,Medical Sciences,4,"""tuberculosis"" +3; ""diagnosis"" (generic) +1",NBK362126,2016,National Institute for Health and Care Research,"Accurate diagnosis of latent tuberculosis in children, people who are immunocompromised or at risk from immunosuppression and recent arrivals from countries with a high incidence of tuberculosis: systematic review and economic evaluation"
1302,2,Medical Sciences,4,"""surgical"" +3; ""clinical"" (generic) +1",NBK362258,2016,Canadian Agency for Drugs and Technologies in Health,Surgical Interventions for Trigeminal Neuralgia: A Review of Clinical and Cost-Effectiveness
1303,2,Medical Sciences,4,"""surgery"" +3; ""health"" (generic) +1",NBK362445,2016,National Institute for Health and Care Research,Costs and outcomes of increasing access to bariatric surgery for obesity: cohort study and cost-effectiveness analysis using electronic health records
1304,2,Medical Sciences,4,"""hepatitis"" +3; ""treatment"" (generic) +1",NBK362643,2015,Canadian Agency for Drugs and Technologies in Health,Ledipasvir/Sofosbuvir (Harvoni): For the Treatment of Chronic Hepatitis C Virus (CHC) G1 Infection in Adults
1305,2,Medical Sciences,4,"""stroke"" +3; ""patients"" (generic) +1",NBK362799,2016,Canadian Agency for Drugs and Technologies in Health,Monitoring for Atrial Fibrillation in Discharged Stroke and Transient Ischemic Attack Patients: Recommendations
1306,2,Medical Sciences,4,"""diabetes"" +3; ""medications"" (generic) +1",NBK362863,2016,Agency for Healthcare Research and Quality (US),Diabetes Medications for Adults With Type 2 Diabetes: An Update
1307,2,Medical Sciences,4,"""intensive care"" +3; ""care"" (generic) +1",NBK368563,2016,National Institute for Health and Care Research,The care of dying people in nursing homes and intensive care units: a qualitative mixed-methods study
1308,2,Medical Sciences,4,"""cancer"" +3; ""clinical"" (generic) +1",NBK373602,2016,National Institute for Health and Care Research,"TRAPEZE: a randomised controlled trial of the clinical effectiveness and cost-effectiveness of chemotherapy with zoledronic acid, strontium-89, or both, in men with bony metastatic castration-refractory prostate cancer"
1309,2,Medical Sciences,4,"""psychiatric"" +3; ""patients"" (generic) +1",NBK379399,2016,Agency for Healthcare Research and Quality (US),Strategies To De-escalate Aggressive Behavior in Psychiatric Patients
1310,2,Medical Sciences,4,"""cardiovascular"" +3; ""disease"" (generic) +1",NBK384547,2016,Agency for Healthcare Research and Quality (US),Omega-3 Fatty Acids and Cardiovascular Disease: An Updated Systematic Review
1311,2,Medical Sciences,4,"""clinical practice"" +3; ""clinical"" (generic) +1",NBK390571,2015,Norwegian Institute for Public Health,Effect of Interventions for Implementing Clinical Practice Guidelines
1312,2,Medical Sciences,4,"""sepsis"" +3; ""treatment"" (generic) +1",NBK390582,2015,Norwegian Institute for Public Health,Effect of Using Aminoglycosides for Treatment of Sepsis
1313,2,Medical Sciences,4,"""cancer"" +3; ""clinical"" (generic) +1",NBK395789,2016,Canadian Agency for Drugs and Technologies in Health,"Cannabinoid Buccal Spray for Chronic Non-Cancer or Neuropathic Pain: A Review of Clinical Effectiveness, Safety, and Guidelines"
1314,2,Medical Sciences,4,"""surgery"" +3; ""clinical"" (generic) +1",NBK395803,2016,Canadian Agency for Drugs and Technologies in Health,"Bariatric Surgery for Adolescents and Young Adults: A Review of Comparative Clinical Effectiveness, Cost-Effectiveness, and Evidence-Based Guidelines"
1315,2,Medical Sciences,4,"""cardiovascular"" +3; ""disease"" (generic) +1",NBK396415,2016,Agency for Healthcare Research and Quality (US),Statin Use for the Prevention of Cardiovascular Disease in Adults: A Systematic Review for the U.S. Preventive Services Task Force
1316,2,Medical Sciences,4,"""surgical"" +3; ""clinical"" (generic) +1",NBK402446,2016,National Institute for Health and Care Research,Clinical effectiveness and cost-effectiveness of surgical options for the management of anterior and/or posterior vaginal wall prolapse: two randomised controlled trials within a comprehensive cohort study – results from the PROSPECT Study
1317,2,Medical Sciences,4,"""hiv"" +3; ""care"" (generic) +1",NBK425236,2017,National Institute for Health and Care Research,"REACH: a mixed-methods study to investigate the measurement, prediction and improvement of retention and engagement in outpatient HIV care"
1318,2,Medical Sciences,4,"""diabetes"" +3; ""care"" (generic) +1",NBK425440,2017,National Institute for Health and Care Research,Preconception care for women with type 1 or type 2 diabetes mellitus: a mixed-methods study exploring uptake of preconception care
1319,2,Medical Sciences,4,"""cancer"" +3; ""patients"" (generic) +1",NBK425612,2017,National Institute for Health and Care Research,PET-NECK: a multicentre randomised Phase III non-inferiority trial comparing a positron emission tomography–computerised tomography-guided watch-and-wait policy with planned neck dissection in the management of locally advanced (N2/N3) nodal metastases in patients with squamous cell head and neck cancer
1320,2,Medical Sciences,4,"""diabetes"" +3; ""therapy"" (generic) +1",NBK425937,2017,National Institute for Health and Care Research,"A cluster randomised trial, cost-effectiveness analysis and psychosocial evaluation of insulin pump therapy compared with multiple injections during flexible intensive insulin therapy for type 1 diabetes: the REPOSE Trial"
1321,2,Medical Sciences,4,"""cancer"" +3; ""clinical"" (generic) +1",NBK436232,2017,National Institute for Health and Care Research,"The clinical effectiveness of different surveillance strategies to prevent colorectal cancer in people with intermediate-grade colorectal adenomas: a retrospective cohort analysis, and psychological and economic evaluations"
1322,2,Medical Sciences,4,"""cancer"" +3; ""patients"" (generic) +1",NBK436680,2017,National Institute for Health and Care Research,A randomised controlled trial to assess the cost-effectiveness of intensive versus no scheduled follow-up in patients who have undergone resection for colorectal cancer with curative intent
1323,2,Medical Sciences,4,"""cancer"" +3; ""clinical"" (generic) +1",NBK441602,2017,National Institute for Health and Care Research,The clinical effectiveness and cost-effectiveness of cetuximab (review of technology appraisal no. 176) and panitumumab (partial review of technology appraisal no. 240) for previously untreated metastatic colorectal cancer: a systematic review and economic evaluation
1324,2,Medical Sciences,4,"""sepsis"" +3; ""diagnosis"" (generic) +1",NBK442106,2017,Canadian Agency for Drugs and Technologies in Health,Recognition and Diagnosis of Sepsis in Adults: A Review of Evidence-Based Guidelines
1325,2,Medical Sciences,4,"""hiv"" +3; ""health"" (generic) +1",NBK442189,2017,World Health Organization,Consolidated Guideline on Sexual and Reproductive Health and Rights of Women Living with HIV
1326,2,Medical Sciences,4,"""alzheimer"" +3; ""clinical"" (generic) +1",NBK442425,2017,Agency for Healthcare Research and Quality (US),"Interventions to Prevent Age-Related Cognitive Decline, Mild Cognitive Impairment, and Clinical Alzheimer’s-Type Dementia"
1327,2,Medical Sciences,4,"""diabetes"" +3; ""therapy"" (generic) +1",NBK447956,2009,Swedish Agency for Health Technology Assessment and Assessment of Social Services (SBU),Intensive Glucose-Lowering Therapy in Diabetes: A Systematic Review
1328,2,Medical Sciences,4,"""parkinson"" +3; ""disease"" (generic) +1",NBK447958,2003,Swedish Agency for Health Technology Assessment and Assessment of Social Services (SBU),Cell Transplantation in Parkinson's Disease
1329,2,Medical Sciences,4,"""diabetes"" +3; ""patient"" (generic) +1",NBK447971,2009,Swedish Agency for Health Technology Assessment and Assessment of Social Services (SBU),Patient Education in Managing Diabetes: A Systematic Review
1330,2,Medical Sciences,4,"""cardiac"" +3; ""therapeutic"" (generic) +1",NBK447979,2006,Swedish Agency for Health Technology Assessment and Assessment of Social Services (SBU),Therapeutic Hypothermia After Resuscitation from Cardiac Arrest
1331,2,Medical Sciences,4,"""cardiac"" +3; ""therapy"" (generic) +1",NBK447985,2007,Swedish Agency for Health Technology Assessment and Assessment of Social Services (SBU),Cardiac Resynchronization Therapy (CRT) in Chronic Heart Failure
1332,2,Medical Sciences,4,"""diabetes"" +3; ""treatment"" (generic) +1",NBK447999,2010,Swedish Agency for Health Technology Assessment and Assessment of Social Services (SBU),Dietary Treatment of Diabetes: A Systematic Review
1333,2,Medical Sciences,4,"""cancer"" +3; ""diagnosis"" (generic) +1",NBK448032,2014,Swedish Agency for Health Technology Assessment and Assessment of Social Services (SBU),Early Diagnosis of Symptomatic Cancer
1334,2,Medical Sciences,4,"""cancer"" +3; ""syndrome"" (generic) +1",NBK453198,2017,National Institute for Health and Care Research,Molecular testing for Lynch syndrome in people with colorectal cancer: systematic reviews and economic evaluation
1335,2,Medical Sciences,4,"""surgical"" +3; ""disease"" (generic) +1",NBK453440,2017,National Institute for Health and Care Research,"A randomised, double-blind, parallel-group trial to assess mercaptopurine versus placebo to prevent or delay recurrence of Crohn’s disease following surgical resection (TOPPIC)"
1336,2,Medical Sciences,4,"""hepatitis"" +3; ""therapy"" (generic) +1",NBK453600,2017,National Institute for Health and Care Research,Assessing the impact and cost-effectiveness of needle and syringe provision and opioid substitution therapy on hepatitis C transmission among people who inject drugs in the UK: an analysis of pooled data sets and economic modelling
1337,2,Medical Sciences,4,"""cancer"" +3; ""patients"" (generic) +1",NBK464597,2017,National Institute for Health and Care Research,"Is whole-colon investigation by colonoscopy, computerised tomography colonography or barium enema necessary for all patients with colorectal cancer symptoms, and for which patients would flexible sigmoidoscopy suffice? A retrospective cohort study"
1338,2,Medical Sciences,4,"""alzheimer"" +3; ""disease"" (generic) +1",NBK464709,2017,Springer,The Poetics and Politics of Alzheimer's Disease Life-Writing
1339,2,Medical Sciences,4,"""tumor"" +3; ""diseases"" (generic) +1",NBK464738,2007,Norwegian Institute for Public Health,Tumor Necrosis Factor (TNF) Inhibitors for Rheumatic Diseases (Part 2): A Systematic Review of Data From Registries and Safety Databases
1340,2,Medical Sciences,4,"""cancer"" +3; ""patients"" (generic) +1",NBK464742,2009,Norwegian Institute for Public Health,Rehabilitation of Breast Cancer Patients
1341,2,Medical Sciences,4,"""cancer"" +3; ""therapy"" (generic) +1",NBK464758,2012,Norwegian Institute for Public Health,"Pemetrexed as Maintenance Therapy for Advanced, Non-Squamous, Non-Small Cell Lung Cancer (NSCLC)"
1342,2,Medical Sciences,4,"""stroke"" +3; ""patients"" (generic) +1",NBK464772,2013,Norwegian Institute for Public Health,Efficacy and Cost-Effectiveness of New Oral Anticoagulants Compared to Warfarin for the Prevention of Stroke in Patients with Atrial Fibrillation
1343,2,Medical Sciences,4,"""cancer"" +3; ""treatment"" (generic) +1",NBK464794,2005,Norwegian Institute for Public Health,Palliative Treatment of Cancer-Related Pain
1344,2,Medical Sciences,4,"""cardiovascular"" +3; ""disease"" (generic) +1",NBK464832,2013,Norwegian Institute for Public Health,Relationships Between Intake of Alcohol and Cardiovascular Disease
1345,2,Medical Sciences,4,"""cancer"" +3; ""patients"" (generic) +1",NBK464847,2014,Norwegian Institute for Public Health,Effect of Muncipality Co-Ordination for Cancer Patients
1346,2,Medical Sciences,4,"""cardiovascular"" +3; ""disease"" (generic) +1",NBK464868,2008,Norwegian Institute for Public Health,Non-Pharmacological Interventions to Reduce the Risk for Cardiovascular Disease: A Summary of Systematic Reviews
1347,2,Medical Sciences,4,"""cancer"" +3; ""health"" (generic) +1",NBK464879,2007,Norwegian Institute for Public Health,Health Economic Evaluation of Bevacizumab for Metastatic Colorectal Cancer
1348,2,Medical Sciences,4,"""stroke"" +3; ""treatment"" (generic) +1",NBK464882,2010,Norwegian Institute for Public Health,Intravenous Thrombolytic Treatment After Acute Stroke and Secondary Antithrombotic Prevention Treatment (Antiplatelet and Anticoagulant Treatment) After Stroke
1349,2,Medical Sciences,4,"""cancer"" +3; ""treatment"" (generic) +1",NBK464886,2009,Norwegian Institute for Public Health,Methylnaltrexone for Opioid-Induced Constipation in Cancer Treatment
1350,2,Medical Sciences,4,"""surgery"" +3; ""disease"" (generic) +1",NBK465000,2017,National Institute for Health and Care Research,A pragmatic multicentre randomised controlled trial comparing stapled haemorrhoidopexy with traditional excisional surgery for haemorrhoidal disease: the eTHoS study
1351,2,Medical Sciences,4,"""medical education"" +3; ""medical"" (generic) +1",NBK465036,2017,National University of Singapore Press,Translating the Body: Medical Education in Southeast Asia
1352,2,Medical Sciences,4,"""surgical"" +3; ""clinical"" (generic) +1",NBK470722,2017,Canadian Agency for Drugs and Technologies in Health,"Disposable, Non-Sterile Gloves for Minor Surgical Procedures: A Review of Clinical Evidence"
1353,2,Medical Sciences,4,"""hiv"" +3; ""clinical"" (generic) +1",NBK470734,2017,Canadian Agency for Drugs and Technologies in Health,Emtricitabine/Tenofovir for Post-Exposure Prophylaxis Against HIV: A Review of Clinical Effectiveness and Cost-Effectiveness
1354,2,Medical Sciences,4,"""surgery"" +3; ""clinical"" (generic) +1",NBK470816,2017,Canadian Agency for Drugs and Technologies in Health,"Laser Spine Surgery for Herniated Discs and/or Nerve Root Entrapment: A Review of Clinical Effectiveness, Cost-Effectiveness and Guidelines"
1355,2,Medical Sciences,4,"""tumours"" +3; ""diagnosed"" (generic) +1",NBK470880,2017,National Institute for Health and Care Research,Surveillance versus ablation for incidentally diagnosed small renal tumours: the SURAB feasibility RCT
1356,2,Medical Sciences,4,"""anesthesia"" +3; ""clinical"" (generic) +1",NBK475603,2017,Canadian Agency for Drugs and Technologies in Health,General Anesthesia and Deep Sedation for Dental Treatments in Children: A Review of Clinical Effectiveness and Guidelines
1357,2,Medical Sciences,4,"""cardiovascular"" +3; ""disease"" (generic) +1",NBK475897,2017,Agency for Healthcare Research and Quality (US),Supplemental Project to Assess the Transparency of Reporting Requirements: Omega-3 Fatty Acids and Cardiovascular Disease
1358,2,Medical Sciences,4,"""asthma"" +3; ""patient"" (generic) +1",NBK476530,2017,RTI Press,The Role of Patient Navigators in Improving Caregiver Management of Childhood Asthma
1359,2,Medical Sciences,4,"""carcinoma"" +3; ""care"" (generic) +1",NBK476662,2018,National Institute for Health and Care Research,"Axitinib, cabozantinib, everolimus, nivolumab, sunitinib and best supportive care in previously treated renal cell carcinoma: a systematic review and economic evaluation"
1360,2,Medical Sciences,4,"""diabetes"" +3; ""care"" (generic) +1",NBK482064,2016,Norwegian Institute for Public Health,Use of Structured Data Collection for Diabetes Care in General Practice: A Systematic Review
1361,2,Medical Sciences,4,"""surgery"" +3; ""patient"" (generic) +1",NBK482065,2017,Norwegian Institute for Public Health,Patient Volume and Quality in Vascular Surgery: A Systematic Review
1362,2,Medical Sciences,4,"""stroke"" +3; ""treatment"" (generic) +1",NBK482066,2016,Norwegian Institute for Public Health,Effect of Thrombolytic Treatment 3 to 4.5 Hours After Onset of Stroke
1363,2,Medical Sciences,4,"""stroke"" +3; ""health"" (generic) +1",NBK482084,2016,Norwegian Institute for Public Health,"Mechanical Thrombectomy for Acute Ischemic Stroke, Part 2. Health Economic Evaluation"
1364,2,Medical Sciences,4,"""hypertension"" +3; ""therapy"" (generic) +1",NBK482090,2017,Norwegian Institute for Public Health,Baroreflex Activation Therapy for Drug-Resistant Hypertension: A Single Technology Assessment
1365,2,Medical Sciences,4,"""asthma"" +3; ""clinical"" (generic) +1",NBK487497,2017,Agency for Healthcare Research and Quality (US),The Clinical Utility of Fractional Exhaled Nitric Oxide (FeNO) in Asthma Management
1366,2,Medical Sciences,4,"""surgery"" +3; ""clinical"" (generic) +1",NBK488018,2017,Canadian Agency for Drugs and Technologies in Health,Laser Eye Surgery for Vision Correction: A Review of Clinical Effectiveness and Guidelines
1367,2,Medical Sciences,4,"""oncology"" +3; ""care"" (generic) +1",NBK488124,2017,Department of Veterans Affairs (US),Integrated Outpatient Palliative Care in Oncology
1368,2,Medical Sciences,4,"""clinical guidelines"" +3; ""clinical"" (generic) +1",NBK493119,2017,World Health Organization,Responding to Children and Adolescents Who Have Been Sexually Abused: WHO Clinical Guidelines
1369,2,Medical Sciences,4,"""surgery"" +3; ""clinical"" (generic) +1",NBK493354,2017,Canadian Agency for Drugs and Technologies in Health,Day Surgery versus Overnight Stay for Laparoscopic Cholecystectomy and Laparoscopic Hernia Repair: A Review of Comparative Clinical Effectiveness and Guidelines
1370,2,Medical Sciences,4,"""cancer"" +3; ""patients"" (generic) +1",NBK493498,2018,National Institute for Health and Care Research,Gastrostomy versus nasogastric tube feeding for chemoradiation patients with head and neck cancer: the TUBE pilot RCT
1371,2,Medical Sciences,4,"""diabetes"" +3; ""treatment"" (generic) +1",NBK493548,2013,Institute of Health Economics,Islet Transplantation for the Treatment of Type 1 Diabetes
1372,2,Medical Sciences,4,"""stroke"" +3; ""therapy"" (generic) +1",NBK493555,2017,Institute of Health Economics,Endovascular Therapy for Acute Ischemic Stroke
1373,2,Medical Sciences,4,"""diabetes"" +3; ""therapy"" (generic) +1",NBK493558,2012,Institute of Health Economics,Insulin Pump Therapy for Type 1 Diabetes
1374,2,Medical Sciences,4,"""stroke"" +3; ""therapy"" (generic) +1",NBK507576,2018,National Institute for Health and Care Research,Functional strength training versus movement performance therapy for upper limb motor recovery early after stroke: a RCT
1375,2,Medical Sciences,4,"""cancer"" +3; ""clinical"" (generic) +1",NBK513363,2017,Canadian Agency for Drugs and Technologies in Health,Gene Expression Tests for Women with Early Stage Breast Cancer: A Review of Clinical Utility and Cost-Effectiveness
1376,2,Medical Sciences,4,"""asthma"" +3; ""treatment"" (generic) +1",NBK513535,2018,Agency for Healthcare Research and Quality (US),The Role of Immunotherapy in the Treatment of Asthma
1377,2,Medical Sciences,4,"""diabetes"" +3; ""diagnosis"" (generic) +1",NBK519273,2018,National Institute for Health and Care Research,Continuous subcutaneous insulin infusion versus multiple daily injections in children and young people at diagnosis of type 1 diabetes: the SCIPI RCT
1378,2,Medical Sciences,4,"""surgery"" +3; ""patients"" (generic) +1",NBK519374,2017,Department of Veterans Affairs (US),Enhanced Recovery After Surgery (ERAS) Programs for Patients Undergoing Colorectal Surgery
1379,2,Medical Sciences,4,"""cancer"" +3; ""care"" (generic) +1",NBK519821,2018,National Institute for Health and Care Research,Risk scores to guide referral decisions for people with suspected ovarian cancer in secondary care: a systematic review and cost-effectiveness analysis
1380,2,Medical Sciences,4,"""stroke"" +3; ""therapy"" (generic) +1",NBK519965,2018,National Institute for Health and Care Research,Triple versus guideline antiplatelet therapy to prevent recurrence after acute ischaemic stroke or transient ischaemic attack: the TARDIS RCT
1381,2,Medical Sciences,4,"""diagnostic imaging"" +3; ""diagnostic"" (generic) +1",NBK520006,2018,National Institute for Health and Care Research,Selecting pregnant or postpartum women with suspected pulmonary embolism for diagnostic imaging: the DiPEP diagnostic study with decision-analysis modelling
1382,2,Medical Sciences,4,"""cancer"" +3; ""care"" (generic) +1",NBK525069,2018,Agency for Healthcare Research and Quality (US),Screening for Cervical Cancer in Primary Care: A Decision Analysis for the U.S. Preventive Services Task Force
1383,2,Medical Sciences,4,"""cardiovascular"" +3; ""disorders"" (generic) +1",NBK525151,2017,The International Bank for Reconstruction and Development / The World Bank,"Cardiovascular, Respiratory, and Related Disorders. 3rd edition"
1384,2,Medical Sciences,4,"""infectious diseases"" +3; ""diseases"" (generic) +1",NBK525192,2017,The International Bank for Reconstruction and Development / The World Bank,Major Infectious Diseases. 3rd edition
1385,2,Medical Sciences,4,"""cardiovascular"" +3; ""disease"" (generic) +1",NBK525432,2018,Agency for Healthcare Research and Quality (US),Screening for Cardiovascular Disease Risk With Electrocardiography: An Evidence Review for the U.S. Preventive Services Task Force
1386,2,Medical Sciences,4,"""tumours"" +3; ""disease"" (generic) +1",NBK525547,2018,National Institute for Health and Care Research,"Everolimus, lutetium-177 DOTATATE and sunitinib for advanced, unresectable or metastatic neuroendocrine tumours with disease progression: a systematic review and cost-effectiveness analysis"
1387,2,Medical Sciences,4,"""cancer"" +3; ""clinical"" (generic) +1",NBK525573,2018,Canadian Agency for Drugs and Technologies in Health,Risk-Based Breast Cancer Screening versus Population-Based Breast Cancer Screening: A Review of the Comparative Clinical and Cost-Effectiveness
1388,2,Medical Sciences,4,"""cardiovascular"" +3; ""disease"" (generic) +1",NBK525925,2018,Agency for Healthcare Research and Quality (US),Nontraditional Risk Factors in Cardiovascular Disease Risk Assessment: A Systematic Evidence Report for the U.S. Preventive Services Task Force
1389,2,Medical Sciences,4,"""tuberculosis"" +3; ""treatment"" (generic) +1",NBK531412,2018,World Health Organization,WHO treatment guidelines for isoniazid-resistant tuberculosis: Supplement to the WHO treatment guidelines for drug-resistant tuberculosis
1390,2,Medical Sciences,4,"""dermatological"" +3; ""clinical"" (generic) +1",NBK531788,2018,Canadian Agency for Drugs and Technologies in Health,Off-Label Use of Intravenous Immunoglobulin for Dermatological Conditions: A Review of Clinical Effectiveness
1391,2,Medical Sciences,4,"""neurological"" +3; ""clinical"" (generic) +1",NBK531883,2018,Canadian Agency for Drugs and Technologies in Health,Off-Label Use of Intravenous Immunoglobulin for Neurological Conditions: A Review of Clinical Effectiveness
1392,2,Medical Sciences,4,"""diabetes"" +3; ""therapy"" (generic) +1",NBK531904,2017,Canadian Agency for Drugs and Technologies in Health,New Drugs for Type 2 Diabetes: Second-Line Therapy — Science Report
1393,2,Medical Sciences,4,"""diabetes"" +3; ""medicines"" (generic) +1",NBK532229,2018,World Health Organization,Guidelines on second-and third-line medicines and type of insulin for the control of blood glucose levels in non-pregnant adults with diabetes mellitus
1394,2,Medical Sciences,4,"""stroke"" +3; ""patients"" (generic) +1",NBK532535,2018,Canadian Agency for Drugs and Technologies in Health,Endovascular Thrombectomy for Patients with Ischemic Stroke: A Review of Guidelines
1395,2,Medical Sciences,4,"""surgery"" +3; ""clinical"" (generic) +1",NBK532537,2018,Canadian Agency for Drugs and Technologies in Health,Laser Refractive Surgery for Vision Correction: A Review of Clinical Effectiveness and Cost-effectiveness
1396,2,Medical Sciences,4,"""diabetes"" +3; ""patient"" (generic) +1",NBK532797,2017,Canadian Agency for Drugs and Technologies in Health,Patient Group Input Submissions: empagliflozin and metformin (Synjardy) for Diabetes mellitus (Type 2)
1397,2,Medical Sciences,4,"""parkinson"" +3; ""disease"" (generic) +1",NBK532998,2018,Canadian Agency for Drugs and Technologies in Health,CADTH Canadian Drug Expert Committee Recommendation: Apomorphine Hydrochloride (Movapo — Paladin Labs Inc.): Indication: Parkinson’s disease
1398,2,Medical Sciences,4,"""hypertension"" +3; ""patients"" (generic) +1",NBK533372,2018,Canadian Agency for Drugs and Technologies in Health,Pharmacoeconomic Review Report: Preservative-free latanoprost 50 μg/mL ophthalmic solution (Monoprost) (Laboratoires Théa): Indication: For the reduction of intraocular pressure in patients with open-angle glaucoma or ocular hypertension
1399,2,Medical Sciences,4,"""cancer"" +3; ""treatment"" (generic) +1",NBK533431,2018,Canadian Agency for Drugs and Technologies in Health,"Pharmacoeconomic Review Report: Netupitant/Palonosetron 300 mg/0.5 mg (Akynzeo) (Purdue Pharma): Indication: In combination with dexamethasone, once-per-cycle treatment for the prevention of acute and delayed nausea and vomiting associated with highly emetogenic cancer chemotherapy, or with moderately emetogenic cancer chemotherapy that is uncontrolled by a 5-HT3 receptor antagonist alone"
1400,2,Medical Sciences,4,"""asthma"" +3; ""patient"" (generic) +1",NBK533754,2017,Canadian Agency for Drugs and Technologies in Health,"Patient Group Input Submissions: Omalizumab (Xolair) for Asthma, severe persistent"
1401,2,Medical Sciences,4,"""hepatitis"" +3; ""clinical"" (generic) +1",NBK533768,2018,Canadian Agency for Drugs and Technologies in Health,Clinical Review Report: Glecaprevir / Pibrentasvir (Maviret) (AbbVie Corporation): Indication: Hepatitis C genotype 1 to 6
1402,2,Medical Sciences,4,"""hypertension"" +3; ""patient"" (generic) +1",NBK533882,2017,Canadian Agency for Drugs and Technologies in Health,Patient Group Input Submissions: selexipag (Uptravi) for Pulmonary Arterial Hypertension (WHO class II and III)
1403,2,Medical Sciences,4,"""hepatitis"" +3; ""clinical"" (generic) +1",NBK534032,2018,Canadian Agency for Drugs and Technologies in Health,"Clinical Review Report: Sofosbuvir / Velpatasvir / Voxilaprevir (Vosevi) (Gilead Sciences Canada, Inc.): Indication: Hepatitis C infection genotype 1 to 6"
1404,2,Medical Sciences,4,"""hiv"" +3; ""healthcare"" (generic) +1",NBK534069,2014,Canadian Agency for Drugs and Technologies in Health,CDEC Final Recommendation: Dolutegravir (Tivicay — ViiV Healthcare ULC): Indication: HIV Infection
1405,2,Medical Sciences,4,"""stroke"" +3; ""patients"" (generic) +1",NBK534141,2018,Agency for Healthcare Research and Quality (US),Stroke Prevention in Patients With Atrial Fibrillation: A Systematic Review Update
1406,2,Medical Sciences,4,"""diabetes"" +3; ""patients"" (generic) +1",NBK534150,2017,Canadian Agency for Drugs and Technologies in Health,"Pharmacoeconomic Review Report: Lixisenatide (Adlyxine) (Sanofi-aventis Canada Inc.): Indication: As an adjunct to diet and exercise to improve glycemic control in adult patients with type 2 diabetes mellitus in combination with metformin, a sulfonylurea (alone or with metformin), pioglitazone (alone or with metformin), a basal insulin (alone or with metformin)"
1407,2,Medical Sciences,4,"""diabetes"" +3; ""treatment"" (generic) +1",NBK534286,2017,Canadian Agency for Drugs and Technologies in Health,Pharmacoeconomic Review Report: Insulin Degludec (Tresiba) (Novo Nordisk Canada Inc.): Indication: For once-daily treatment of adults with diabetes mellitus to improve glycemic control
1408,2,Medical Sciences,4,"""pediatric"" +3; ""clinical"" (generic) +1",NBK534715,2017,Canadian Agency for Drugs and Technologies in Health,Clinical Review Report: Propiverine hydrochloride (Mictoryl/Mictoryl Pediatric)
1409,2,Medical Sciences,4,"""hypertension"" +3; ""patients"" (generic) +1",NBK535046,2017,Canadian Agency for Drugs and Technologies in Health,Pharmacoeconomic Review Report: Travoprost 0.003% (Izba) (Novartis Pharmaceuticals Canada Inc. on behalf of Icon Canada Inc.): Indication: The reduction of intraocular pressure in patients with open-angle glaucoma or ocular hypertension
1410,2,Medical Sciences,4,"""hypertension"" +3; ""patients"" (generic) +1",NBK535047,2017,Canadian Agency for Drugs and Technologies in Health,CADTH Canadian Drug Expert Committee Recommendation: Travoprost 0.003% (Izba — Novartis Pharmaceuticals Canada Inc. on behalf of Alcon Canada Inc.): Indication: For the reduction of elevated intraocular pressure in patients with open-angle glaucoma or ocular hypertension
1411,2,Medical Sciences,4,"""cancer"" +3; ""patient"" (generic) +1",NBK535461,2018,Agency for Healthcare Research and Quality (US),Patient Navigation Models for Lung Cancer
1412,2,Medical Sciences,4,"""hypertension"" +3; ""treatment"" (generic) +1",NBK535778,2018,World Health Organization,WHO recommendations: Drug treatment for severe hypertension in pregnancy
1413,2,Medical Sciences,4,"""neonatal"" +3; ""clinical"" (generic) +1",NBK537872,2018,Canadian Agency for Drugs and Technologies in Health,"Gastric pH Testing for Neonatal Gastric Feeding Tube Placement: A Review of Clinical Effectiveness, Cost-Effectiveness and Guidelines"
1414,2,Medical Sciences,4,"""neonatal"" +3; ""clinical"" (generic) +1",NBK537952,2018,Canadian Agency for Drugs and Technologies in Health,"Oral Glucose Gel for Neonatal Hypoglycemia: A Review of Clinical Effectiveness, Cost-Effectiveness and Guidelines"
1415,2,Medical Sciences,4,"""anesthesia"" +3; ""clinical"" (generic) +1",NBK538275,2018,Canadian Agency for Drugs and Technologies in Health,"Nociception Monitoring for General Anesthesia: A Review of Clinical Effectiveness, Cost-Effectiveness, and Guidelines"
1416,2,Medical Sciences,4,"""clinical trials"" +3; ""clinical"" (generic) +1",NBK538904,2009,RTI Press,A Mixed Model Approach for Intent-to-Treat Analysis in Longitudinal Clinical Trials with Missing Values
1417,2,Medical Sciences,4,"""diabetes"" +3; ""treatment"" (generic) +1",NBK538971,2018,American Diabetes Association,Role of Continuous Glucose Monitoring in Diabetes Treatment
1418,2,Medical Sciences,4,"""diabetic"" +3; ""diagnosis"" (generic) +1",NBK538977,2018,American Diabetes Association,Diagnosis and Management of Diabetic Foot Complications
1419,2,Medical Sciences,4,"""hiv"" +3; ""treatment"" (generic) +1",NBK539326,2018,Canadian Agency for Drugs and Technologies in Health,"CADTH Canadian Drug Expert Committee Recommendation: Bictegravir/Emtricitabine/Tenofovir Alafenamide (Biktarvy — Gilead Sciences Canada, Inc.): Indication: As a complete regimen for the treatment of human immunodeficiency virus-1 (HIV-1) infection in adults with no known substitution associated with resistance to the individual components of Biktarvy"
1420,2,Medical Sciences,4,"""parkinson"" +3; ""disease"" (generic) +1",NBK539327,2018,Canadian Agency for Drugs and Technologies in Health,CADTH Canadian Drug Expert Committee Recommendation: Levodopa/Carbidopa Intestinal Gel (Duodopa — Abbvie Corporation): Indication: Parkinson’s disease
1421,2,Medical Sciences,4,"""tuberculosis"" +3; ""treatment"" (generic) +1",NBK539517,2019,World Health Organization,WHO consolidated guidelines on drug-resistant tuberculosis treatment
1422,2,Medical Sciences,4,"""hiv"" +3; ""treatment"" (generic) +1",NBK539546,2018,Canadian Agency for Drugs and Technologies in Health,"Pharmacoeconomic Review Report: Bictegravir/Emtricitabine/Tenofovir Alafenamide (B/FTC/TAF) (Biktarvy) (Gilead Sciences Canada, Inc.): Indication: A complete regimen for the treatment of HIV-1 infection in adults with no known substitution associated with resistance the individual components of Biktarvy"
1423,2,Medical Sciences,4,"""hiv"" +3; ""treatment"" (generic) +1",NBK540287,2018,Canadian Agency for Drugs and Technologies in Health,CADTH Canadian Drug Expert Committee Recommendation: Darunavir/Cobicistat/Emtricitabine/Tenofovir Alafenamide (Symtuza — Janssen Inc.): Indication: Treatment of HIV type 1 (HIV-1) infection
1424,2,Medical Sciences,4,"""diabetes"" +3; ""patient"" (generic) +1",NBK540343,2018,Canadian Agency for Drugs and Technologies in Health,Patient Group Input Submissions: Canagliflozin and metformin hydrochloride (Invokamet) for Type 2 diabetes
1425,2,Medical Sciences,4,"""cardiovascular"" +3; ""care"" (generic) +1",NBK540438,2019,National Institute for Health and Care Research,Primary care management of cardiovascular risk for people with severe mental illnesses: the Primrose research programme including cluster RCT
1426,2,Medical Sciences,4,"""hiv"" +3; ""treatment"" (generic) +1",NBK540525,2018,Canadian Agency for Drugs and Technologies in Health,Common Drug Review New Combination Product Submission: Darunavir/Cobicistat/Emtricitabine/Tenofovir alafenamide (Symtuza) (Janssen Canada Inc.): Indication: A complete regimen for the treatment of HIV type 1 infection in adults and adolescents (aged 12 years and older with body weight at least 40 kg) with no known mutations associated with resistance to the individual components of Symtuza
1427,2,Medical Sciences,4,"""cancer"" +3; ""therapy"" (generic) +1",NBK541199,2019,National Institute for Health and Care Research,Manualised cognitive–behavioural therapy in treating depression in advanced cancer: the CanTalk RCT
1428,2,Medical Sciences,4,"""tuberculosis"" +3; ""diagnostic"" (generic) +1",NBK541523,2019,National Institute for Health and Care Research,Interferon gamma release assays for Diagnostic Evaluation of Active tuberculosis (IDEA): test accuracy study and economic evaluation
1429,2,Medical Sciences,4,"""diabetes"" +3; ""clinical"" (generic) +1",NBK541770,2019,Canadian Agency for Drugs and Technologies in Health,Clinical Review Report: Insulin glargine and lixisenatide injection (Soliqua) (Sanofi-Aventis): Indication: adjunct to diet and exercise to improve glycemic control in adults with type 2 diabetes mellitus inadequately controlled on basal insulin (less than 60 units daily) alone or in combination with metformin
1430,2,Medical Sciences,4,"""diabetes"" +3; ""clinical"" (generic) +1",NBK542486,2019,Canadian Agency for Drugs and Technologies in Health,Clinical Review Report: Ertugliflozin (Steglatro) (Merck Canada Inc.): Indication: Type 2 Diabetes Mellitus
1431,2,Medical Sciences,4,"""cancer"" +3; ""care"" (generic) +1",NBK542737,2009,RTI Press,The Relationship Between Insurance Coverage and Cancer Care: A Literature Synthesis
1432,2,Medical Sciences,4,"""cancer"" +3; ""health"" (generic) +1",NBK543088,2019,Canadian Agency for Drugs and Technologies in Health,HPV Testing for Primary Cervical Cancer Screening: A Health Technology Assessment
1433,2,Medical Sciences,4,"""hypertension"" +3; ""diagnosed"" (generic) +1",NBK543130,2019,National Institute for Health and Care Research,Selective laser trabeculoplasty versus drops for newly diagnosed ocular hypertension and glaucoma: the LiGHT RCT
1434,2,Medical Sciences,4,"""surgery"" +3; ""health"" (generic) +1",NBK543364,2018,Canadian Agency for Drugs and Technologies in Health,Optimal Use of Minimally Invasive Glaucoma Surgery: A Health Technology Assessment — Project Protocol
1435,2,Medical Sciences,4,"""surgery"" +3; ""health"" (generic) +1",NBK543901,2019,Canadian Agency for Drugs and Technologies in Health,Optimal Use of Minimally Invasive Glaucoma Surgery: A Health Technology Assessment
1436,2,Medical Sciences,4,"""hiv"" +3; ""therapy"" (generic) +1",NBK544102,2019,National Institute for Health and Care Research,Telmisartan to reduce insulin resistance in HIV-positive individuals on combination antiretroviral therapy: the TAILoR dose-ranging Phase II RCT
1437,2,Medical Sciences,4,"""hiv"" +3; ""treatment"" (generic) +1",NBK544511,2019,Canadian Agency for Drugs and Technologies in Health,"CADTH Canadian Drug Expert Committee Recommendation: Doravirine/Lamivudine/Tenofovir Disoproxil Fumarate (Delstrigo — Merck Canada Inc.): Indication: As a complete regimen for the treatment of HIV-1 infection in adults without past or present evidence of viral resistance to doravirine (DOR), lamivudine (3TC), or tenofovir"
1438,2,Medical Sciences,4,"""diabetes"" +3; ""disease"" (generic) +1",NBK544517,2019,American Diabetes Association,Prevention and Management of Diabetes-Related Eye Disease
1439,2,Medical Sciences,4,"""hiv"" +3; ""patient"" (generic) +1",NBK544593,2018,Canadian Agency for Drugs and Technologies in Health,Patient Input: doravirine/lamivudine/tenofovir disoproxil fumarate (Delstrigo) (Merck Canada Inc.): Indication: HIV Infection
1440,2,Medical Sciences,4,"""pediatrics"" +3; ""clinical"" (generic) +1",NBK544613,2019,Canadian Agency for Drugs and Technologies in Health,Probiotics for Antibiotic-Associated Diarrhea in Pediatrics: A Review of Clinical Effectiveness and Guidelines
1441,2,Medical Sciences,4,"""hiv"" +3; ""treatment"" (generic) +1",NBK544820,2019,Canadian Agency for Drugs and Technologies in Health,"Common Drug Review New Combination Product: Doravirine/Lamivudine/Tenofovir Disoproxil Fumarate Fixed-Dose Combination (Delstrigo): Merck Canada Inc. Indication: A complete regimen for the treatment of human immunodeficiency virus-1 (HIV-1) infection in adults without past or present evidence of viral resistance to doravirine, lamivudine, or tenofovir"
1442,2,Medical Sciences,4,"""surgery"" +3; ""medicare"" (generic) +1",NBK544890,2018,Agency for Healthcare Research and Quality (US),Short- and Long-Term Outcomes after Bariatric Surgery in the Medicare Population
1443,2,Medical Sciences,4,"""cancer"" +3; ""treatment"" (generic) +1",NBK545400,2019,National Institute for Health and Care Research,Individualising breast cancer treatment to improve survival and minimise complications in older women: a research programme including the PLACE RCT
1444,2,Medical Sciences,4,"""cancer"" +3; ""clinical"" (generic) +1",NBK545423,2019,Canadian Agency for Drugs and Technologies in Health,Stereotactic Body Radiotherapy for Oligometastatic Cancer: A Review of Clinical Effectiveness and Cost-Effectiveness
1445,2,Medical Sciences,4,"""cardiac"" +3; ""patients"" (generic) +1",NBK545579,2019,Canadian Agency for Drugs and Technologies in Health,Magnetic Resonance Imaging for Patients with Implantable Cardiac Devices: A Review of Safety and Guidelines
1446,2,Medical Sciences,4,"""cancer"" +3; ""clinical"" (generic) +1",NBK545596,2019,Canadian Agency for Drugs and Technologies in Health,Androgen Receptor Targeted Agents for Castration Resistant Prostate Cancer: A Review of Clinical Effectiveness and Cost-Effectiveness
1447,2,Medical Sciences,4,"""ophthalmological"" +3; ""clinical"" (generic) +1",NBK545887,2019,Canadian Agency for Drugs and Technologies in Health,"Disinfection of Multi-Use Ocular Equipment for Ophthalmological Procedures: A Review of Clinical Effectiveness, Cost-Effectiveness, and Guidelines"
1448,2,Medical Sciences,4,"""cardiology"" +3; ""patients"" (generic) +1",NBK545888,2019,Canadian Agency for Drugs and Technologies in Health,PET-CT for Cardiology: A Rapid Qualitative Evidence Synthesis of Patients’ and Caregivers’ Perspectives and Experiences
1449,2,Medical Sciences,4,"""surgery"" +3; ""clinical"" (generic) +1",NBK545891,2019,Canadian Agency for Drugs and Technologies in Health,Povidone-Iodine for Breast Implant Surgery: A Review of Clinical Effectiveness and Guidelines
1450,2,Medical Sciences,4,"""cancer"" +3; ""medication"" (generic) +1",NBK546162,2019,Agency for Healthcare Research and Quality (US),Medication Use for the Risk Reduction of Primary Breast Cancer in Women: A Systematic Review for the U.S. Preventive Services Task Force
1451,2,Medical Sciences,4,"""stroke"" +3; ""therapy"" (generic) +1",NBK546299,2019,National Institute for Health and Care Research,Behavioural activation therapy for post-stroke depression: the BEADS feasibility RCT
1452,2,Medical Sciences,4,"""intensive care"" +3; ""care"" (generic) +1",NBK546386,2019,National Institute for Health and Care Research,Protocolised non-invasive compared with invasive weaning from mechanical ventilation for adults in intensive care: the Breathe RCT
1453,2,Medical Sciences,4,"""surgery"" +3; ""clinical"" (generic) +1",NBK549364,2019,Canadian Agency for Drugs and Technologies in Health,Pulsed Electron Avalanche Knife (PEAK) PlasmaBlade versus Traditional Electrocautery for Surgery: A Review of Clinical Effectiveness and Cost-Effectiveness
1454,2,Medical Sciences,4,"""cancer"" +3; ""clinical"" (generic) +1",NBK549532,2019,Canadian Agency for Drugs and Technologies in Health,Strength-based Exercise for Chronic Non-Cancer Back Pain: A Review of Clinical Effectiveness
1455,2,Medical Sciences,4,"""hypertension"" +3; ""patients"" (generic) +1",NBK549613,2019,Canadian Agency for Drugs and Technologies in Health,"CADTH Canadian Drug Expert Committee Recommendation: Latanoprostene Bunod (Vyzulta — Bausch Health, Canada Inc.): Indication: For the reduction of intraocular pressure (IOP) in patients with open-angle glaucoma or ocular hypertension"
1456,2,Medical Sciences,4,"""hypertension"" +3; ""patients"" (generic) +1",NBK549683,2019,Canadian Agency for Drugs and Technologies in Health,"Pharmacoeconomic Review Report: Latanoprostene Bunod (Vyzulta) (Bausch Health, Canada Inc.): Indication: For the reduction of intraocular pressure (IOP) in patients with open-angle glaucoma or ocular hypertension"
1457,2,Medical Sciences,4,"""intensive care"" +3; ""care"" (generic) +1",NBK549962,2019,National Institute for Health and Care Research,Developing an intervention around referral and admissions to intensive care: a mixed-methods study
1458,2,Medical Sciences,4,"""neonatal"" +3; ""patients"" (generic) +1",NBK550559,2019,Canadian Agency for Drugs and Technologies in Health,Trimmed Peripherally Inserted Central Catheters for Hospitalized Neonatal Patients: A Review of Safety and Guidelines
1459,2,Medical Sciences,4,"""cancer"" +3; ""patients"" (generic) +1",NBK551233,2019,National Institute for Health and Care Research,3-month versus 6-month adjuvant chemotherapy for patients with high-risk stage II and III colorectal cancer: 3-year follow-up of the SCOT non-inferiority RCT
1460,2,Medical Sciences,4,"""cancer"" +3; ""clinical"" (generic) +1",NBK551868,2019,Canadian Agency for Drugs and Technologies in Health,Aerobic Exercise for Chronic Non-Cancer Back Pain: A Review of Clinical Effectiveness
1461,2,Medical Sciences,4,"""cancer"" +3; ""diagnostic"" (generic) +1",NBK551875,2019,Canadian Agency for Drugs and Technologies in Health,Screening and Diagnostic Services for People at Risk of Breast Cancer: A Rapid Qualitative Review
1462,2,Medical Sciences,4,"""diabetes"" +3; ""clinical"" (generic) +1",NBK551953,2019,Canadian Agency for Drugs and Technologies in Health,Low Carbohydrate Diets for Diabetes: A Review of the Clinical Effectiveness and Guidelines
1463,2,Medical Sciences,4,"""cancer"" +3; ""clinical"" (generic) +1",NBK551954,2019,Canadian Agency for Drugs and Technologies in Health,"Acupuncture for Chronic Non-Cancer Pain: A Review of Clinical Effectiveness, Cost Effectiveness and Guidelines"
1464,2,Medical Sciences,4,"""lymphoma"" +3; ""clinical"" (generic) +1",NBK552016,2019,Canadian Agency for Drugs and Technologies in Health,Axicabtagene Ciloleucel for Large B-Cell Lymphoma: Clinical Report
1465,2,Medical Sciences,4,"""alzheimer"" +3; ""disease"" (generic) +1",NBK552148,2019,Exon Publications,Alzheimer’s Disease
1466,2,Medical Sciences,4,"""tuberculosis"" +3; ""disease"" (generic) +1",NBK552872,2019,Springer,"Vermin, Victims and Disease: British Debates over Bovine Tuberculosis and Badgers"
1467,2,Medical Sciences,4,"""diabetic"" +3; ""diagnosis"" (generic) +1",NBK554227,2020,American Diabetes Association,Diagnosis and Management of Diabetic Foot Infections
1468,2,Medical Sciences,4,"""diabetes"" +3; ""treatment"" (generic) +1",NBK554707,2019,Canadian Agency for Drugs and Technologies in Health,"CADTH Canadian Drug Expert Committee Recommendation: Insulin Degludec and Liraglutide (Xultophy — Novo Nordisk Canada Inc.): Indication: Adjunct to lifestyle modifications, for the once-daily treatment of adults with type 2 diabetes mellitus (T2DM) to improve glycemic control in combination with metformin, with or without sulfonylurea, when these combined with basal insulin (less than 50 units daily) or liraglutide (less than or equal to 1.8 mg daily), do not provide adequate glycemic control"
1469,2,Medical Sciences,4,"""cancer"" +3; ""medical"" (generic) +1",NBK554741,2014,Taylor & Francis,Breast Cancer Gene Research and Medical Practices: Transnational Perspectives in the Time of BRCA
1470,2,Medical Sciences,4,"""diabetes"" +3; ""treatment"" (generic) +1",NBK554782,2019,Canadian Agency for Drugs and Technologies in Health,"Pharmacoeconomic Review Report: Insulin degludec and liraglutide injection (Xultophy) (Novo Nordisk Canada Inc.): Indication: An adjunct to lifestyle modifications, for the once-daily treatment of adults with type 2 diabetes mellitus to improve glycemic control in combination with metformin, with or without sulfonylurea, when these combined with basal insulin (less than 50 U daily) or liraglutide (less than or equal to 1.8 mg daily) do not provide adequate glycemic control"
1471,2,Medical Sciences,4,"""tuberculosis"" +3; ""treatment"" (generic) +1",NBK554956,2020,World Health Organization,WHO consolidated guidelines on tuberculosis: tuberculosis preventive treatment: Module 1: prevention
1472,2,Medical Sciences,4,"""stroke"" +3; ""therapy"" (generic) +1",NBK555561,2020,National Institute for Health and Care Research,"Delivery, dose, outcomes and resource use of stroke therapy: the SSNAPIEST observational study"
1473,2,Medical Sciences,4,"""alzheimer"" +3; ""disease"" (generic) +1",NBK556206,2020,National Institute for Health and Care Research,"Minocycline 200 mg or 400 mg versus placebo for mild Alzheimer’s disease: the MADE Phase II, three-arm RCT"
1474,2,Medical Sciences,4,"""hiv"" +3; ""health"" (generic) +1",NBK556471,2025,Johns Hopkins University,PrEP to Prevent HIV and Promote Sexual Health
1475,2,Medical Sciences,4,"""stroke"" +3; ""patients"" (generic) +1",NBK557080,2020,National Institute for Health and Care Research,Fluoxetine to improve functional outcomes in patients after acute stroke: the FOCUS RCT
1476,2,Medical Sciences,4,"""hiv"" +3; ""diagnosis"" (generic) +1",NBK558318,2026,Johns Hopkins University,Diagnosis and Management of HIV-2 in Adults
1477,2,Medical Sciences,4,"""tuberculosis"" +3; ""treatment"" (generic) +1",NBK558570,2020,World Health Organization,WHO consolidated guidelines on tuberculosis: Module 4: Treatment - Drug-resistant tuberculosis treatment
1478,2,Medical Sciences,4,"""geriatric"" +3; ""health"" (generic) +1",NBK559486,1999,National Health Policy Forum,Filling the Geriatric Gap: Is the Health System Prepared for an Aging Population?
1479,2,Medical Sciences,4,"""diabetes"" +3; ""patients"" (generic) +1",NBK559540,2020,Michigan Medicine University of Michigan,Inpatient Diabetes Guideline for Adult Non-Critically Ill Patients
1480,2,Medical Sciences,4,"""hepatitis"" +3; ""treatment"" (generic) +1",NBK559965,2023,Johns Hopkins University,Treatment of Chronic Hepatitis C Virus Infection in Adults
1481,2,Medical Sciences,4,"""hypertension"" +3; ""treatment"" (generic) +1",NBK561247,2020,World Health Organization,WHO recommendations on drug treatment for non-severe hypertension in pregnancy
1482,2,Medical Sciences,4,"""stroke"" +3; ""care"" (generic) +1",NBK561428,2020,National Institute for Health and Care Research,Temporal variations in quality of acute stroke care and outcomes in London hyperacute stroke units: a mixed-methods study
1483,2,Medical Sciences,4,"""cancer"" +3; ""patients"" (generic) +1",NBK561448,2020,National Institute for Health and Care Research,Six versus 12 months’ adjuvant trastuzumab in patients with HER2-positive early breast cancer: the PERSEPHONE non-inferiority RCT
1484,2,Medical Sciences,4,"""neurological"" +3; ""care"" (generic) +1",NBK561537,2020,National Institute for Health and Care Research,Immediate versus delayed short-term integrated palliative care for advanced long-term neurological conditions: the OPTCARE Neuro RCT
1485,2,Medical Sciences,4,"""hiv"" +3; ""medical"" (generic) +1",NBK562463,2020,World Health Organization,Preventing HIV Through Safe Voluntary Medical Male Circumcision for Adolescent Boys and Men in Generalized HIV Epidemics: Recommendations and Key Considerations
1486,2,Medical Sciences,4,"""cancer"" +3; ""therapies"" (generic) +1",NBK562484,2020,Agency for Healthcare Research and Quality (US),Therapies for Clinically Localized Prostate Cancer
1487,2,Medical Sciences,4,"""carcinoma"" +3; ""therapies"" (generic) +1",NBK562648,2020,National Institute for Health and Care Research,"Selective internal radiation therapies for unresectable early-, intermediate- or advanced-stage hepatocellular carcinoma: systematic review, network meta-analysis and economic evaluation"
1488,2,Medical Sciences,4,"""anesthetic"" +3; ""clinical"" (generic) +1",NBK562940,2020,Canadian Agency for Drugs and Technologies in Health,"Local Anesthetic for Urinary Catheter Insertion: A Review of Clinical Effectiveness, Cost-Effectiveness, and Guidelines"
1489,2,Medical Sciences,4,"""tuberculosis"" +3; ""treatment"" (generic) +1",NBK562947,2020,Canadian Agency for Drugs and Technologies in Health,Treatment of Tuberculosis: A Review of Guidelines
1490,2,Medical Sciences,4,"""cancer"" +3; ""clinical"" (generic) +1",NBK562950,2020,Canadian Agency for Drugs and Technologies in Health,Body Weight Modification Interventions for Chronic Non-Cancer Pain: A Review of Clinical Effectiveness
1491,2,Medical Sciences,4,"""cancer"" +3; ""clinical"" (generic) +1",NBK563006,2020,Canadian Agency for Drugs and Technologies in Health,"Customized or Prefabricated Shoe Inserts for Chronic, Non-Cancer Pain: A Review of Clinical Effectiveness"
1492,2,Medical Sciences,4,"""hiv"" +3; ""diagnosis"" (generic) +1",NBK563020,2024,Johns Hopkins University,Diagnosis and Management of Acute HIV Infection
1493,2,Medical Sciences,4,"""parkinson"" +3; ""disease"" (generic) +1",NBK563360,2020,National Institute of Environmental Health Sciences,NTP Research Report on the Scoping Review of Paraquat Dichloride Exposure and Parkinson’s Disease: Research Report 16
1494,2,Medical Sciences,4,"""epilepticus"" +3; ""treatment"" (generic) +1",NBK564076,2020,National Institute for Health and Care Research,Levetiracetam as an alternative to phenytoin for second-line emergency treatment of children with convulsive status epilepticus: the EcLiPSE RCT
1495,2,Medical Sciences,4,"""cancer"" +3; ""clinical"" (generic) +1",NBK564230,2020,Canadian Agency for Drugs and Technologies in Health,"Ketamine for Chronic Non-Cancer Pain: A Review of Clinical Effectiveness, Cost-Effectiveness, and Guidelines"
1496,2,Medical Sciences,4,"""diabetes"" +3; ""care"" (generic) +1",NBK564645,2020,National Institute for Health and Care Research,Risk assessments and structured care interventions for prevention of foot ulceration in diabetes: development and validation of a prognostic model
1497,2,Medical Sciences,4,"""cancer"" +3; ""clinical"" (generic) +1",NBK564988,2020,Canadian Agency for Drugs and Technologies in Health,"Capsaicin for Acute or Chronic Non-Cancer Pain: A Review of Clinical Effectiveness, Safety, and Cost-Effectiveness"
1498,2,Medical Sciences,4,"""cancer"" +3; ""patients"" (generic) +1",NBK565137,2020,Agency for Healthcare Research and Quality (US),Interventions for Breathlessness in Patients With Advanced Cancer
1499,2,Medical Sciences,4,"""cancer"" +3; ""medicare"" (generic) +1",NBK565442,2020,RTI Press,"People with Colorectal Cancer in SEER-Medicare: Part D Uptake, Costs, and Outcomes"
1500,2,Medical Sciences,4,"""surgery"" +3; ""treatment"" (generic) +1",NBK565480,2020,Canadian Agency for Drugs and Technologies in Health,Immediately Sequential Bilateral Cataract Surgery for the Treatment of Bilateral Cataracts: A Review of Safety and Guidelines
1501,2,Medical Sciences,4,"""cardiovascular"" +3; ""patients"" (generic) +1",NBK566005,2020,Canadian Agency for Drugs and Technologies in Health,CADTH Canadian Drug Expert Committee Recommendation: Icosapent Ethyl (Vascepa — HLS Therapeutics Inc.): Indication: Prevention of cardiovascular events in statin-treated patients
1502,2,Medical Sciences,4,"""cardiovascular"" +3; ""patients"" (generic) +1",NBK566010,2020,Canadian Agency for Drugs and Technologies in Health,Pharmacoeconomic Review Report: Icosapent Ethyl (Vascepa) (HLS Therapeutics Inc.): Indication: Prevention of cardiovascular events in statin-treated patients
1503,2,Medical Sciences,4,"""cancer"" +3; ""patients"" (generic) +1",NBK566591,2021,National Institute for Health and Care Research,Intratumoural immune signature to identify patients with primary colorectal cancer who do not require follow-up after resection: an observational study
1504,2,Medical Sciences,4,"""hiv"" +3; ""healthcare"" (generic) +1",NBK566624,2020,Canadian Agency for Drugs and Technologies in Health,"CADTH Canadian Drug Expert Committee Recommendation: Cabotegravir Tablets, Cabotegravir Extended-Release Injectable Suspension and Rilpivirine Extended-Release Injectable Suspension (Vocabria, Cabenuva — ViiV Healthcare ULC): Indication: HIV-1 infection"
1505,2,Medical Sciences,4,"""hiv"" +3; ""healthcare"" (generic) +1",NBK566628,2020,Canadian Agency for Drugs and Technologies in Health,"Pharmacoeconomic Review Report: Cabotegravir Tablets, Cabotegravir Extended-Release Injectable Suspension, and Rilpivirine Extended-Release Injectable Suspension (Vocabria, Cabenuva) (ViiV Healthcare ULC): Indication: HIV-1 infection"
1506,2,Medical Sciences,4,"""cancer"" +3; ""clinical"" (generic) +1",NBK567200,2020,Canadian Agency for Drugs and Technologies in Health,Trastuzumab Combination and Monotherapy for HER2 Advanced or Recurrent Uterine or Endometrial Cancer: A Review of Clinical Effectiveness and Cost-Effectiveness
1507,2,Medical Sciences,4,"""epilepsy"" +3; ""clinical"" (generic) +1",NBK567269,2020,Canadian Agency for Drugs and Technologies in Health,Brivaracetam versus Levetiracetam for Epilepsy: A Review of Comparative Clinical Safety
1508,2,Medical Sciences,4,"""cancer"" +3; ""medicine"" (generic) +1",NBK567274,2021,Manchester University Press,Personalised cancer medicine: Future crafting in the genomic era
1509,2,Medical Sciences,4,"""hiv"" +3; ""care"" (generic) +1",NBK567851,2025,Johns Hopkins University,Primary Care for Adults With HIV
1510,2,Medical Sciences,4,"""cancer"" +3; ""health"" (generic) +1",NBK567867,2019,National Institute of Environmental Health Sciences,NTP Monograph on the Systematic Review of Occupational Exposure to Cancer Chemotherapy Agents and Adverse Health Outcomes: NTP Monograph 05
1511,2,Medical Sciences,4,"""cardiovascular"" +3; ""therapy"" (generic) +1",NBK568919,2021,National Institute for Health and Care Research,Using cardiovascular magnetic resonance to define mechanisms of comorbidity and to measure the effect of biological therapy: the CADERA observational study
1512,2,Medical Sciences,4,"""surgical"" +3; ""care"" (generic) +1",NBK568988,2021,National Institute for Health and Care Research,Variation in availability and use of surgical care for female urinary incontinence: a mixed-methods study
1513,2,Medical Sciences,4,"""asthma"" +3; ""clinical"" (generic) +1",NBK569162,2021,Canadian Agency for Drugs and Technologies in Health,"Clinical Review Report: Indacaterol/Mometasone Furoate (Atectura Breezhaler) (Novartis Pharmaceuticals Canada Inc.): Indication: Asthma maintenance (adults, children 12 or older)"
1514,2,Medical Sciences,4,"""hiv"" +3; ""diagnosis"" (generic) +1",NBK569318,2021,World Health Organization,"Updated recommendations on HIV prevention, infant diagnosis, antiretroviral initiation and monitoring"
1515,2,Medical Sciences,4,"""tuberculosis"" +3; ""disease"" (generic) +1",NBK569338,2021,World Health Organization,WHO consolidated guidelines on tuberculosis: Module 2: screening – systematic screening for tuberculosis disease
1516,2,Medical Sciences,4,"""asthma"" +3; ""clinical"" (generic) +1",NBK569548,2021,Canadian Agency for Drugs and Technologies in Health,"Clinical Review Report: Indacaterol Acetate-Glycopyrronium Bromide-Mometasone Furoate (Enerzair Breezhaler) (Novartis Pharmaceuticals Canada Inc.): Indication: Asthma maintenance, adults"
1517,2,Medical Sciences,4,"""infectious diseases"" +3; ""diseases"" (generic) +1",NBK569686,2015,MIT Press,Trace Metals and Infectious Diseases
1518,2,Medical Sciences,4,"""cancer"" +3; ""patients"" (generic) +1",NBK570484,2021,National Institute for Health and Care Research,Prognostic models of survival in patients with advanced incurable cancer: the PiPS2 observational study
1519,2,Medical Sciences,4,"""cancer"" +3; ""patients"" (generic) +1",NBK570721,2021,National Institute for Health and Care Research,Palliative radiotherapy combined with stent insertion to reduce recurrent dysphagia in oesophageal cancer patients: the ROCS RCT
1520,2,Medical Sciences,4,"""cardiology"" +3; ""medical"" (generic) +1",NBK570894,2020,Department of Veterans Affairs (US),"The Effect of Medical Scribes in Cardiology, Orthopedic, and Emergency Departments: A Systematic Review"
1521,2,Medical Sciences,4,"""diabetes"" +3; ""health"" (generic) +1",NBK571288,2019,Indian Health Service (US),Indian Health Service Reports to Congress on Special Diabetes Program for Indians (SDPI)
1522,2,Medical Sciences,4,"""tuberculosis"" +3; ""diagnosis"" (generic) +1",NBK571351,2021,Canadian Agency for Drugs and Technologies in Health,Rapid Testing for the Diagnosis of Pulmonary Tuberculosis and Rifampicin Resistance: A Review of Cost-Effectiveness
1523,2,Medical Sciences,4,"""cancer"" +3; ""syndrome"" (generic) +1",NBK571388,2021,National Institute for Health and Care Research,Testing strategies for Lynch syndrome in people with endometrial cancer: systematic reviews and economic evaluation
1524,2,Medical Sciences,4,"""tuberculosis"" +3; ""treatment"" (generic) +1",NBK571645,2021,Canadian Agency for Drugs and Technologies in Health,Incentives and Support Programs to Improve Adherence to Tuberculosis Treatment
1525,2,Medical Sciences,4,"""diabetes"" +3; ""disease"" (generic) +1",NBK571714,2021,American Diabetes Association,Chronic Kidney Disease and Type 2 Diabetes
1526,2,Medical Sciences,4,"""cancer"" +3; ""treatment"" (generic) +1",NBK571920,2021,Canadian Agency for Drugs and Technologies in Health,Treatment Sequences of Androgen Receptor–Targeted Agents for Prostate Cancer
1527,2,Medical Sciences,4,"""hiv"" +3; ""public health"" (generic) +1",NBK572225,2018,Taylor & Francis,Nutrition and HIV: Epidemiological Evidence to Public Health
1528,2,Medical Sciences,4,"""cancer"" +3; ""treatment"" (generic) +1",NBK572317,2021,World Health Organization,WHO guideline for screening and treatment of cervical pre-cancer lesions for cervical cancer prevention. 2nd edition
1529,2,Medical Sciences,4,"""surgery"" +3; ""care"" (generic) +1",NBK574407,2021,National Institute for Health and Care Research,Epithelium-off corneal cross-linking surgery compared with standard care in 10- to 16-year-olds with progressive keratoconus: the KERALINK RCT
1530,2,Medical Sciences,4,"""intensive care"" +3; ""care"" (generic) +1",NBK574813,2021,National Institute for Health and Care Research,Continuous glucose monitoring in extremely preterm infants in intensive care: the REACT RCT and pilot study of ‘closed-loop’ technology
1531,2,Medical Sciences,4,"""hepatitis"" +3; ""treatment"" (generic) +1",NBK574850,2021,National Institute for Health and Care Research,"Variable short duration treatment versus standard treatment, with and without adjunctive ribavirin, for chronic hepatitis C: the STOP-HCV-1 non-inferiority, factorial RCT"
1532,2,Medical Sciences,4,"""surgical"" +3; ""treatment"" (generic) +1",NBK574896,2021,National Institute for Health and Care Research,Thoracoscopic surgical ablation versus catheter ablation as first-line treatment for long-standing persistent atrial fibrillation: the CASA-AF RCT
1533,2,Medical Sciences,4,"""alzheimer"" +3; ""disease"" (generic) +1",NBK575022,2021,National Institute for Health and Care Research,Losartan to slow the progression of mild-to-moderate Alzheimer’s disease through angiotensin targeting: the RADAR RCT
1534,2,Medical Sciences,4,"""tumour"" +3; ""patients"" (generic) +1",NBK575327,2021,National Institute for Health and Care Research,Optimal surveillance strategies for patients with stage 1 cutaneous melanoma post primary tumour excision: three systematic reviews and an economic model
1535,2,Medical Sciences,4,"""cancer"" +3; ""patients"" (generic) +1",NBK575635,2021,National Institute for Health and Care Research,Pain self-management interventions for community-based patients with advanced cancer: a research programme including the IMPACCT RCT
1536,2,Medical Sciences,4,"""hiv"" +3; ""care"" (generic) +1",NBK576018,2024,Johns Hopkins University,Perioperative Care in Adults With HIV
1537,2,Medical Sciences,4,"""cancer"" +3; ""treatment"" (generic) +1",NBK576615,2021,World Health Organization,WHO guideline for screening and treatment of cervical pre-cancer lesions for cervical cancer prevention: Use of mRNA tests for human papillomavirus (HPV). 2nd edition
1538,2,Medical Sciences,4,"""pediatric"" +3; ""treatment"" (generic) +1",NBK576920,2015,National Institute of Child Health and Human Development (US),"A Randomized, Double-Blind, Placebo Controlled Study of the Efficacy of Lithium for the Treatment of Pediatric Mania Followed by an Open Label Long-Term Safety Period, Double-Blind, Placebo-Controlled Discontinuation Phase, and Open Label Restabilization Period (COLT2)"
1539,2,Medical Sciences,4,"""cancer"" +3; ""patients"" (generic) +1",NBK577066,2021,RTI Press,"Perceived, Experienced, and Internalized Cancer Stigma: Perspectives of Cancer Patients and Caregivers in India"
1540,2,Medical Sciences,4,"""critical care"" +3; ""care"" (generic) +1",NBK577538,2022,National Institute for Health and Care Research,Biomarkers for assessing acute kidney injury for people who are being considered for admission to critical care: a systematic review and cost-effectiveness analysis
1541,2,Medical Sciences,4,"""cancer"" +3; ""care"" (generic) +1",NBK578240,2022,Agency for Healthcare Research and Quality (US),Models of Care That Include Primary Care for Adult Survivors of Childhood Cancer: A Realist Review
1542,2,Medical Sciences,4,"""cardiovascular"" +3; ""disease"" (generic) +1",NBK578519,2020,United States Department of Agriculture,Dietary Patterns and Risk of Cardiovascular Disease: A Systematic Review
1543,2,Medical Sciences,4,"""epilepticus"" +3; ""treatment"" (generic) +1",NBK579010,2022,National Institute for Health and Care Research,Pre-hospital and emergency department treatment of convulsive status epilepticus in adults: an evidence synthesis
1544,2,Medical Sciences,4,"""cardiovascular"" +3; ""disease"" (generic) +1",NBK579059,2020,United States Department of Agriculture,Added Sugars Consumption and Risk of Cardiovascular Disease: A Systematic Review
1545,2,Medical Sciences,4,"""cardiovascular"" +3; ""disease"" (generic) +1",NBK579444,2020,United States Department of Agriculture,Seafood Consumption during Childhood and Adolescence and Cardiovascular Disease: A Systematic Review
1546,2,Medical Sciences,4,"""cardiovascular"" +3; ""disease"" (generic) +1",NBK579499,2020,United States Department of Agriculture,Types of Dietary Fat and Cardiovascular Disease: A Systematic Review
1547,2,Medical Sciences,4,"""cardiovascular"" +3; ""disease"" (generic) +1",NBK579639,2020,United States Department of Agriculture,Frequency of Eating and Cardiovascular Disease: A Systematic Review
1548,2,Medical Sciences,4,"""cardiovascular"" +3; ""disease"" (generic) +1",NBK580724,2019,United States Department of Agriculture,Shorter Versus Longer Durations of Any Human Milk Feeding and Cardiovascular Disease Outcomes in Offspring: A Systematic Review
1549,2,Medical Sciences,4,"""cardiovascular"" +3; ""disease"" (generic) +1",NBK580729,2019,United States Department of Agriculture,Never Versus Ever Feeding Human Milk and Cardiovascular Disease Outcomes in Offspring: A Systematic Review
1550,2,Medical Sciences,4,"""cardiovascular"" +3; ""disease"" (generic) +1",NBK580888,2019,United States Department of Agriculture,Shorter Versus Longer Durations of Exclusive Human Milk Feeding and Cardiovascular Disease Outcomes in Offspring: A Systematic Review
1551,2,Medical Sciences,4,"""cardiovascular"" +3; ""disease"" (generic) +1",NBK580892,2019,United States Department of Agriculture,"Feeding a Lower Versus Higher Intensity, Proportion, or Amount of Human Milk to Mixed-Fed Infants and Cardiovascular Disease Outcomes in Offspring: A Systematic Review"
1552,2,Medical Sciences,4,"""tuberculosis"" +3; ""treatment"" (generic) +1",NBK581329,2022,World Health Organization,WHO consolidated guidelines on tuberculosis: Module 4: Treatment - Drug-susceptible tuberculosis treatment
1553,2,Medical Sciences,4,"""diabetic"" +3; ""therapies"" (generic) +1",NBK581559,2022,American Diabetes Association,New Evidence-Based Therapies for Complex Diabetic Foot Wounds
1554,2,Medical Sciences,4,"""diabetes"" +3; ""care"" (generic) +1",NBK582428,2022,American Diabetes Association,A Practical Guide to Diabetes-Related Eye Care
1555,2,Medical Sciences,4,"""cardiovascular"" +3; ""disease"" (generic) +1",NBK583661,2022,Agency for Healthcare Research and Quality (US),Statin Use for the Primary Prevention of Cardiovascular Disease in Adults: A Systematic Review for the U.S. Preventive Services Task Force
1556,2,Medical Sciences,4,"""tuberculosis"" +3; ""treatment"" (generic) +1",NBK583754,2021,Canadian Agency for Drugs and Technologies in Health,Shortened Drug Regimens for the Treatment of Active Tuberculosis
1557,2,Medical Sciences,4,"""stroke"" +3; ""patients"" (generic) +1",NBK584528,2022,National Institute for Health and Care Research,Prehospital video triage of potential stroke patients in North Central London and East Kent: rapid mixed-methods service evaluation
1558,2,Medical Sciences,4,"""stroke"" +3; ""therapy"" (generic) +1",NBK584830,2022,National Institute for Health and Care Research,Complex speech-language therapy interventions for stroke-related aphasia: the RELEASE study incorporating a systematic review and individual participant data network meta-analysis
1559,2,Medical Sciences,4,"""cancer"" +3; ""diagnosis"" (generic) +1",NBK585471,2022,National Institute for Health and Care Research,Photodynamic versus white-light-guided resection of first-diagnosis non-muscle-invasive bladder cancer: PHOTO RCT
1560,2,Medical Sciences,4,"""tuberculosis"" +3; ""diagnosis"" (generic) +1",NBK586676,2022,World Health Organization,WHO consolidated guidelines on tuberculosis: Module 3: Diagnosis – Tests for tuberculosis infection
1561,2,Medical Sciences,4,"""diabetes"" +3; ""health"" (generic) +1",NBK586688,2022,Swedish Agency for Health Technology Assessment and Assessment of Social Services (SBU),"Diets for diabetes: A systematic review and assessment of effects, health economic and ethical aspects"
1562,2,Medical Sciences,4,"""intensive care"" +3; ""care"" (generic) +1",NBK586840,2022,National Institute for Health and Care Research,Evaluation of timeliness and models of transporting critically ill children for intensive care: the DEPICT mixed-methods study
1563,2,Medical Sciences,4,"""hiv"" +3; ""diagnosing"" (generic) +1",NBK587194,2020,World Health Organization,Guidelines for Diagnosing and Managing Disseminated Histoplasmosis among People Living with HIV
1564,2,Medical Sciences,4,"""cancer"" +3; ""patients"" (generic) +1",NBK587330,2022,National Institute for Health and Care Research,Photobiomodulation in the management of oral mucositis for adult head and neck cancer patients receiving irradiation: the LiTEFORM RCT
1565,2,Medical Sciences,4,"""surgical"" +3; ""treatment"" (generic) +1",NBK587586,2022,National Institute for Health and Care Research,Single-incision mini-slings versus standard synthetic mid-urethral slings for surgical treatment of stress urinary incontinence in women: The SIMS RCT
1566,2,Medical Sciences,4,"""surgery"" +3; ""patients"" (generic) +1",NBK587943,2022,Department of Veterans Affairs (US),Endoscopic Bariatric Interventions versus Lifestyle Interventions or Surgery for Weight Loss in Patients with Obesity: A Systematic Review and Meta-analysis
1567,2,Medical Sciences,4,"""cancer"" +3; ""therapy"" (generic) +1",NBK587971,2022,National Institute for Health and Care Research,Molecular selection of therapy in metastatic colorectal cancer: the FOCUS4 molecularly stratified RCT
1568,2,Medical Sciences,4,"""tuberculosis"" +3; ""treatment"" (generic) +1",NBK588564,2022,World Health Organization,"WHO consolidated guidelines on tuberculosis: Module 4: treatment - drug-resistant tuberculosis treatment, 2022 update"
1569,2,Medical Sciences,4,"""surgery"" +3; ""clinical"" (generic) +1",NBK588920,2023,National Institute for Health and Care Research,Clinical effectiveness and cost-effectiveness of emergency surgery for adult emergency hospital admissions with common acute gastrointestinal conditions: the ESORT study
1570,2,Medical Sciences,4,"""cardiovascular"" +3; ""disease"" (generic) +1",NBK589778,2022,National Institute for Health and Care Research,Determining optimal strategies for primary prevention of cardiovascular disease: systematic review of cost-effectiveness analyses in the United Kingdom
1571,2,Medical Sciences,4,"""cancer"" +3; ""clinical"" (generic) +1",NBK589892,2018,Patient-Centered Outcomes Research Institute (PCORI),Contralateral Prophylactic Mastectomy and Breast Cancer: Clinical and Psychosocial Outcomes
1572,2,Medical Sciences,4,"""clinical trials"" +3; ""clinical"" (generic) +1",NBK590482,2018,Patient-Centered Outcomes Research Institute (PCORI),The Benefits and Challenges of Using Multiple Sources of Information about Clinical Trials
1573,2,Medical Sciences,4,"""lymphoma"" +3; ""therapeutic"" (generic) +1",NBK591051,2021,Canadian Agency for Drugs and Technologies in Health,Pembrolizumab (Keytruda): CADTH Reimbursement Review: Therapeutic area: Classical Hodgkin lymphoma
1574,2,Medical Sciences,4,"""cancer"" +3; ""therapies"" (generic) +1",NBK591562,2023,Department of Veterans Affairs (US),Immune Checkpoint Inhibitors and EGFR-TKIs as Adjuvant/Neoadjuvant Therapies for Resectable Non-small Cell Lung Cancer: A Systematic Review
1575,2,Medical Sciences,4,"""diabetes"" +3; ""patients"" (generic) +1",NBK591572,2018,Patient-Centered Outcomes Research Institute (PCORI),Does Daily Self-Monitoring of Blood Sugar Levels Improve Blood Sugar Control and Quality of Life for Patients with Type 2 Diabetes Who Do Not Use Insulin? – The Monitor Trial
1576,2,Medical Sciences,4,"""cancer"" +3; ""health"" (generic) +1",NBK592538,2023,Agency for Healthcare Research and Quality (US),Nutrition as Prevention for Improved Cancer Health Outcomes
1577,2,Medical Sciences,4,"""hiv"" +3; ""care"" (generic) +1",NBK592581,2018,Patient-Centered Outcomes Research Institute (PCORI),Helping People Living with HIV Learn Skills to Manage Their Care
1578,2,Medical Sciences,4,"""pathology"" +3; ""health"" (generic) +1",NBK592731,2021,Canadian Agency for Drugs and Technologies in Health,Digital Pathology Using Primary Case Sign-Out: CADTH Health Technology Review
1579,2,Medical Sciences,4,"""diabetes"" +3; ""medicine"" (generic) +1",NBK593773,2020,Patient-Centered Outcomes Research Institute (PCORI),Testing a Coaching Program to Help Adults with Diabetes Living in Rural Alabama Take Their Medicine as Directed
1580,2,Medical Sciences,4,"""obstetrical"" +3; ""health"" (generic) +1",NBK594334,2021,Canadian Agency for Drugs and Technologies in Health,Obstetrical Ultrasound During Pregnancy: CADTH Health Technology Review
1581,2,Medical Sciences,4,"""cancer"" +3; ""therapeutic"" (generic) +1",NBK594372,2023,Canadian Agency for Drugs and Technologies in Health,Lutetium (177Lu) Vipivotide Tetraxetan (Pluvicto): CADTH Reimbursement Review: Therapeutic area: Metastatic castration-resistant prostate cancer
1582,2,Medical Sciences,4,"""cancer"" +3; ""therapeutic"" (generic) +1",NBK594377,2023,Canadian Agency for Drugs and Technologies in Health,"Olaparib (Lynparza): CADTH Reimbursement Review: Therapeutic area: gBRCAm, HER2-negative, high-risk early breast cancer"
1583,2,Medical Sciences,4,"""cancer"" +3; ""therapeutic"" (generic) +1",NBK594394,2023,Canadian Agency for Drugs and Technologies in Health,Amivantamab (Rybrevant): CADTH Reimbursement Review: Therapeutic area: Non–small cell lung cancer
1584,2,Medical Sciences,4,"""cancer"" +3; ""health"" (generic) +1",NBK594396,2023,Canadian Agency for Drugs and Technologies in Health,Bevacizumab for Recurrent Platinum-Sensitive Ovarian Cancer: CADTH Health Technology Review
1585,2,Medical Sciences,4,"""anesthesia"" +3; ""health"" (generic) +1",NBK594397,2023,Canadian Agency for Drugs and Technologies in Health,Chloroprocaine for Spinal or Epidural Anesthesia: CADTH Health Technology Review
1586,2,Medical Sciences,4,"""diabetes"" +3; ""care"" (generic) +1",NBK594947,2019,Patient-Centered Outcomes Research Institute (PCORI),Comparing Different Ways of Asking People with Type 2 Diabetes about Their Care Priorities and Preferences
1587,2,Medical Sciences,4,"""leukemia"" +3; ""therapeutic"" (generic) +1",NBK595127,2023,Canadian Agency for Drugs and Technologies in Health,Crisantaspase Recombinant (Rylaze): CADTH Reimbursement Review: Therapeutic area: Acute lymphoblastic leukemia
1588,2,Medical Sciences,4,"""cancer"" +3; ""therapeutic"" (generic) +1",NBK595130,2023,Canadian Agency for Drugs and Technologies in Health,Nivolumab (Opdivo): CADTH Reimbursement Review: Therapeutic area: Non–small cell lung cancer
1589,2,Medical Sciences,4,"""surgery"" +3; ""therapies"" (generic) +1",NBK595265,2023,Department of Veterans Affairs (US),Orthopedic Surgery Complication Risk Associated with Smoking Cessation and Use of Nicotine Replacement Therapies: A Systematic Review
1590,2,Medical Sciences,4,"""psychiatric"" +3; ""disorders"" (generic) +1",NBK595332,2023,Canadian Agency for Drugs and Technologies in Health,An Overview of Pharmacogenomic Testing for Psychiatric Disorders: CADTH Horizon Scan
1591,2,Medical Sciences,4,"""surgery"" +3; ""health"" (generic) +1",NBK595335,2023,Canadian Agency for Drugs and Technologies in Health,Deep Brain Stimulation Surgery Programs in Canada: CADTH Health Technology Review
1592,2,Medical Sciences,4,"""lymphoma"" +3; ""therapeutic"" (generic) +1",NBK595339,2023,Canadian Agency for Drugs and Technologies in Health,Axicabtagene Ciloleucel (Yescarta): CADTH Reimbursement Review: Therapeutic area: Large B-cell lymphoma
1593,2,Medical Sciences,4,"""leukemia"" +3; ""therapeutic"" (generic) +1",NBK595346,2023,Canadian Agency for Drugs and Technologies in Health,Brexucabtagene Autoleucel (Tecartus): CADTH Reimbursement Review: Therapeutic area: Acute lymphoblastic leukemia
1594,2,Medical Sciences,4,"""cancer"" +3; ""therapeutic"" (generic) +1",NBK595371,2022,Canadian Agency for Drugs and Technologies in Health,Tucatinib (Tukysa): CADTH Reimbursement Review: Therapeutic Area: Advanced or metastatic breast cancer
1595,2,Medical Sciences,4,"""leukemia"" +3; ""therapeutic"" (generic) +1",NBK595374,2022,Canadian Agency for Drugs and Technologies in Health,Azacitidine (Onureg): CADTH Reimbursement Review: Therapeutic area: Acute myeloid leukemia
1596,2,Medical Sciences,4,"""surgical"" +3; ""health"" (generic) +1",NBK595388,2022,Canadian Agency for Drugs and Technologies in Health,Antibiotic Solutions for Surgical Irrigation: CADTH Health Technology Review
1597,2,Medical Sciences,4,"""carcinoma"" +3; ""therapeutic"" (generic) +1",NBK595396,2022,Canadian Agency for Drugs and Technologies in Health,"Pembrolizumab (Keytruda): CADTH Reimbursement Review: Therapeutic area: Esophageal carcinoma, gastroesophageal junction adenocarcinoma"
1598,2,Medical Sciences,4,"""hypertension"" +3; ""therapeutic"" (generic) +1",NBK595417,2022,Canadian Agency for Drugs and Technologies in Health,Macitentan and Tadalafil (Opsynvi): CADTH Reimbursement Review: Therapeutic area: Pulmonary arterial hypertension
1599,2,Medical Sciences,4,"""cancer"" +3; ""patients"" (generic) +1",NBK596248,2019,Patient-Centered Outcomes Research Institute (PCORI),Does a Smartphone App Help Patients with Cancer Take Oral Chemotherapy as Planned?
1600,2,Medical Sciences,4,"""stroke"" +3; ""patients"" (generic) +1",NBK596249,2019,Patient-Centered Outcomes Research Institute (PCORI),Comparing Recovery Options for Stroke Patients
1601,2,Medical Sciences,4,"""diabetes"" +3; ""health"" (generic) +1",NBK596303,2023,Canadian Agency for Drugs and Technologies in Health,Living With Type 2 Diabetes: CADTH Health Technology Review
1602,2,Medical Sciences,4,"""cancer"" +3; ""treatment"" (generic) +1",NBK596311,2023,Canadian Agency for Drugs and Technologies in Health,Lutetium (177Lu) Vipivotide Tetraxetan (Pluvicto): CADTH Reimbursement Recommendation: Indication: Treatment of adults with prostate-specific membrane antigen-positive metastatic castration-resistant prostate cancer who have received at least one androgen receptor pathway inhibitor and taxane-based chemotherapy
1603,2,Medical Sciences,4,"""pediatric"" +3; ""patients"" (generic) +1",NBK596312,2023,Canadian Agency for Drugs and Technologies in Health,Berotralstat (Orladeyo): CADTH Reimbursement Recommendation: Indication: For routine prevention of attacks of hereditary angioedema in adults and pediatric patients 12 years of age and older
1604,2,Medical Sciences,4,"""diabetic"" +3; ""therapeutic"" (generic) +1",NBK596316,2023,Canadian Agency for Drugs and Technologies in Health,Dexamethasone Intravitreal Implant (Ozurdex): CADTH Reimbursement Review: Therapeutic area: Diabetic macular edema
1605,2,Medical Sciences,4,"""diabetic"" +3; ""therapeutic"" (generic) +1",NBK596325,2023,Canadian Agency for Drugs and Technologies in Health,Brolucizumab (Beovu): CADTH Reimbursement Review: Therapeutic area: Diabetic macular edema
1606,2,Medical Sciences,4,"""cancer"" +3; ""therapeutic"" (generic) +1",NBK596329,2023,Canadian Agency for Drugs and Technologies in Health,Pembrolizumab (Keytruda): CADTH Reimbursement Review: Therapeutic area: Triple-negative breast cancer
1607,2,Medical Sciences,4,"""cancer"" +3; ""therapeutic"" (generic) +1",NBK596334,2023,Canadian Agency for Drugs and Technologies in Health,Darolutamide (Nubeqa): CADTH Reimbursement Review: Therapeutic area: Metastatic castration-sensitive prostate cancer
1608,2,Medical Sciences,4,"""cancer"" +3; ""therapeutic"" (generic) +1",NBK596337,2023,Canadian Agency for Drugs and Technologies in Health,"Pembrolizumab (Keytruda): CADTH Reimbursement Review: Therapeutic area: Persistent, recurrent, or metastatic cervical cancer"
1609,2,Medical Sciences,4,"""cancer"" +3; ""therapeutic"" (generic) +1",NBK596587,2023,Canadian Agency for Drugs and Technologies in Health,Lurbinectedin (Zepzelca): CADTH Reimbursement Review: Therapeutic area: Metastatic small cell lung cancer
1610,2,Medical Sciences,4,"""cancer"" +3; ""therapeutic"" (generic) +1",NBK596591,2023,Canadian Agency for Drugs and Technologies in Health,Durvalumab (Imfinzi): CADTH Reimbursement Review: Therapeutic area: Biliary tract cancer
1611,2,Medical Sciences,4,"""asthma"" +3; ""therapeutic"" (generic) +1",NBK596599,2023,Canadian Agency for Drugs and Technologies in Health,Dupilumab (Dupixent): CADTH Reimbursement Review: Therapeutic area: Asthma
1612,2,Medical Sciences,4,"""cancer"" +3; ""therapeutic"" (generic) +1",NBK596609,2023,Canadian Agency for Drugs and Technologies in Health,Pembrolizumab (Keytruda): CADTH Reimbursement Review: Therapeutic area: Advanced endometrial cancer
1613,2,Medical Sciences,4,"""cancer"" +3; ""therapeutic"" (generic) +1",NBK596649,2022,Canadian Agency for Drugs and Technologies in Health,Nivolumab (Opdivo): CADTH Reimbursement Review: Therapeutic area: Esophageal or gastroesophageal junction cancer
1614,2,Medical Sciences,4,"""cancer"" +3; ""therapeutic"" (generic) +1",NBK596652,2022,Canadian Agency for Drugs and Technologies in Health,Alpelisib (Piqray): CADTH Reimbursement Review: Therapeutic area: Advanced or metastatic breast cancer
1615,2,Medical Sciences,4,"""cancer"" +3; ""therapeutic"" (generic) +1",NBK596655,2022,Canadian Agency for Drugs and Technologies in Health,Osimertinib (Tagrisso): CADTH Reimbursement Review: Therapeutic area: Non–small cell lung cancer
1616,2,Medical Sciences,4,"""lymphoma"" +3; ""therapeutic"" (generic) +1",NBK596666,2022,Canadian Agency for Drugs and Technologies in Health,Chlormethine Gel (Ledaga): CADTH Reimbursement Review: Therapeutic area: Mycosis fungoides-type cutaneous T-cell lymphoma
1617,2,Medical Sciences,4,"""surgical"" +3; ""health"" (generic) +1",NBK596670,2022,Canadian Agency for Drugs and Technologies in Health,Robotic-Assisted Surgical Systems for Knee Arthroplasty: CADTH Health Technology Review
1618,2,Medical Sciences,4,"""infectious diseases"" +3; ""diseases"" (generic) +1",NBK596963,2018,Éditions Quae,Emergence of infectious diseases: Risks and issues for societies
1619,2,Medical Sciences,4,"""surgery"" +3; ""patients"" (generic) +1",NBK597152,2021,Patient-Centered Outcomes Research Institute (PCORI),Evaluating Different Ways to Help Patients Make Informed Choices about Surgery for Knee or Hip Osteoarthritis
1620,2,Medical Sciences,4,"""cancer"" +3; ""treatment"" (generic) +1",NBK597550,2023,National Institute for Health and Care Research,One versus three weeks hypofractionated whole breast radiotherapy for early breast cancer treatment: the FAST-Forward phase III RCT
1621,2,Medical Sciences,4,"""clinical trials"" +3; ""clinical"" (generic) +1",NBK597716,2023,National Institute for Health and Care Research,"Appropriate design and reporting of superiority, equivalence and non-inferiority clinical trials incorporating a benefit–risk assessment: the BRAINS study including expert workshop"
1622,2,Medical Sciences,4,"""surgery"" +3; ""patients"" (generic) +1",NBK597785,2021,Patient-Centered Outcomes Research Institute (PCORI),Testing a Decision Aid to Help Patients Choose between Two Types of Bariatric Surgery
1623,2,Medical Sciences,4,"""diabetes"" +3; ""health"" (generic) +1",NBK598216,2023,Canadian Agency for Drugs and Technologies in Health,Semaglutide for Type 2 Diabetes (2 mg): CADTH Health Technology Review
1624,2,Medical Sciences,4,"""surgery"" +3; ""health"" (generic) +1",NBK598220,2023,Canadian Agency for Drugs and Technologies in Health,Refractive Laser Surgery for Vision Conditions: CADTH Health Technology Review
1625,2,Medical Sciences,4,"""hepatitis"" +3; ""diagnosis"" (generic) +1",NBK598241,2023,Johns Hopkins University,"Hepatitis C Virus Screening, Testing, and Diagnosis in Adults"
1626,2,Medical Sciences,4,"""sepsis"" +3; ""patients"" (generic) +1",NBK598311,2023,Michigan Medicine University of Michigan,Early Recognition and Initial Management of Sepsis in Adult Patients
1627,2,Medical Sciences,4,"""cardiac"" +3; ""health"" (generic) +1",NBK598995,2022,Canadian Agency for Drugs and Technologies in Health,Enablers for Remote Monitoring Programs for Cardiac Conditions: Lessons From the COVID-19 Pandemic: CADTH Health Technology Review
1628,2,Medical Sciences,4,"""cancer"" +3; ""therapeutic"" (generic) +1",NBK599015,2022,Canadian Agency for Drugs and Technologies in Health,Sacituzumab Govitecan (Trodelvy): CADTH Reimbursement Review: Therapeutic area: Locally advanced or metastatic triple-negative breast cancer
1629,2,Medical Sciences,4,"""cancer"" +3; ""therapeutic"" (generic) +1",NBK599017,2022,Canadian Agency for Drugs and Technologies in Health,Pertuzumab (Perjeta): CADTH Reimbursement Review: Therapeutic area: Early-stage breast cancer
1630,2,Medical Sciences,4,"""surgical"" +3; ""care"" (generic) +1",NBK599212,2023,World Health Organization,WHO guideline for non-surgical management of chronic primary low back pain in adults in primary and community care settings
1631,2,Medical Sciences,4,"""surgical"" +3; ""health"" (generic) +1",NBK599310,2022,Canadian Agency for Drugs and Technologies in Health,Robotic-Assisted Surgical Systems for Hip Arthroplasty: CADTH Health Technology Review
1632,2,Medical Sciences,4,"""cancer"" +3; ""health"" (generic) +1",NBK599311,2022,Canadian Agency for Drugs and Technologies in Health,Radioiodine Resensitization for Radioiodine-Refractory Metastatic Differentiated Thyroid Cancer: CADTH Health Technology Review
1633,2,Medical Sciences,4,"""cancer"" +3; ""treatment"" (generic) +1",NBK599587,2019,Patient-Centered Outcomes Research Institute (PCORI),Treatment Decision Support for Men with Prostate Cancer and Their Caregivers
1634,2,Medical Sciences,4,"""epilepsy"" +3; ""therapy"" (generic) +1",NBK599775,2023,Canadian Agency for Drugs and Technologies in Health,Cenobamate (Xcopri): CADTH Reimbursement Recommendation: Indication: As adjunctive therapy in the management of partial onset seizures in adults with epilepsy who are not satisfactorily controlled with conventional therapy
1635,2,Medical Sciences,4,"""cancer"" +3; ""therapeutic"" (generic) +1",NBK599778,2023,Canadian Agency for Drugs and Technologies in Health,Trastuzumab deruxtecan (Enhertu): CADTH Reimbursement Review: Therapeutic area: Unresectable or metastatic HER2-low breast cancer
1636,2,Medical Sciences,4,"""pediatrics"" +3; ""therapeutic"" (generic) +1",NBK599846,2023,Canadian Agency for Drugs and Technologies in Health,"Dupilumab (Dupixent): CADTH Reimbursement Review: Therapeutic area: Atopic dermatitis, pediatrics"
1637,2,Medical Sciences,4,"""cancer"" +3; ""health"" (generic) +1",NBK599848,2023,Canadian Agency for Drugs and Technologies in Health,Screening for Colorectal Cancer in Individuals Younger Than 50 Years: CADTH Health Technology Review
1638,2,Medical Sciences,4,"""cancer"" +3; ""health"" (generic) +1",NBK599849,2023,Canadian Agency for Drugs and Technologies in Health,Ketamine for Chronic Non-Cancer Pain: A 2023 Update: CADTH Health Technology Review
1639,2,Medical Sciences,4,"""cancer"" +3; ""health"" (generic) +1",NBK599851,2023,Canadian Agency for Drugs and Technologies in Health,Leucovorin Dosing for Gastrointestinal Cancer: CADTH Health Technology Review
1640,2,Medical Sciences,4,"""surgical"" +3; ""health"" (generic) +1",NBK599972,2023,Canadian Agency for Drugs and Technologies in Health,Case Carts in Surgical Settings: CADTH Health Technology Review
1641,2,Medical Sciences,4,"""surgery"" +3; ""health"" (generic) +1",NBK599976,2023,Canadian Agency for Drugs and Technologies in Health,Intraocular Lenses for Cataract Surgery: CADTH Health Technology Review
1642,2,Medical Sciences,4,"""radiology"" +3; ""health"" (generic) +1",NBK599981,2023,Canadian Agency for Drugs and Technologies in Health,Implications of ChatGPT on Radiology Workflow: CADTH Health Technology Review
1643,2,Medical Sciences,4,"""lymphoma"" +3; ""therapeutic"" (generic) +1",NBK599991,2023,Canadian Agency for Drugs and Technologies in Health,Tisagenlecleucel (Kymriah): CADTH Reimbursement Review: Therapeutic area: Relapsed or refractory follicular lymphoma
1644,2,Medical Sciences,4,"""leukemia"" +3; ""therapeutic"" (generic) +1",NBK599995,2023,Canadian Agency for Drugs and Technologies in Health,Nelarabine (Atriance): CADTH Reimbursement Review: Therapeutic area: T-cell acute lymphoblastic leukemia
1645,2,Medical Sciences,4,"""leukemia"" +3; ""therapeutic"" (generic) +1",NBK600003,2023,Canadian Agency for Drugs and Technologies in Health,Zanubrutinib (Brukinsa): CADTH Reimbursement Review: Therapeutic area: Chronic lymphocytic leukemia
1646,2,Medical Sciences,4,"""epilepsy"" +3; ""therapeutic"" (generic) +1",NBK600012,2023,Canadian Agency for Drugs and Technologies in Health,"Cenobamate (Xcopri): CADTH Reimbursement Review: Therapeutic area: Epilepsy, partial onset seizures"
1647,2,Medical Sciences,4,"""surgery"" +3; ""clinical"" (generic) +1",NBK600259,2024,National Institute for Health and Care Research,Clinical outcomes and adverse events of bariatric surgery in adults with severe obesity in Scotland: the SCOTS observational cohort study
1648,2,Medical Sciences,4,"""stroke"" +3; ""care"" (generic) +1",NBK601028,2024,National Institute for Health and Care Research,Developing primary care services for stroke survivors: the Improving Primary Care After Stroke (IPCAS) research programme
1649,2,Medical Sciences,4,"""diabetic"" +3; ""therapeutic"" (generic) +1",NBK601681,2023,Canadian Agency for Drugs and Technologies in Health,Faricimab (Vabysmo): CADTH Reimbursement Review: Therapeutic area: Diabetic macular edema
1650,2,Medical Sciences,4,"""cancer"" +3; ""therapeutic"" (generic) +1",NBK601702,2022,Canadian Agency for Drugs and Technologies in Health,Pembrolizumab in Combination With Lenvatinib (Keytruda and Lenvima): CADTH Reimbursement Review: Therapeutic area: Advanced endometrial cancer
1651,2,Medical Sciences,4,"""cancer"" +3; ""therapeutic"" (generic) +1",NBK601708,2023,Canadian Agency for Drugs and Technologies in Health,Cabozantinib (Cabometyx): CADTH Reimbursement Review: Therapeutic area: Differentiated thyroid cancer
1652,2,Medical Sciences,4,"""cancer"" +3; ""therapeutic"" (generic) +1",NBK601711,2023,Canadian Agency for Drugs and Technologies in Health,Trastuzumab Deruxtecan (Enhertu): CADTH Reimbursement Review: Therapeutic area: Metastatic HER2-positive breast cancer
1653,2,Medical Sciences,4,"""tumours"" +3; ""therapeutic"" (generic) +1",NBK601715,2023,Canadian Agency for Drugs and Technologies in Health,Lutetium (177Lu) oxodotreotide (Lutathera): CADTH Reimbursement Review: Therapeutic area: Gastroenteropancreatic neuroendocrine tumours
1654,2,Medical Sciences,4,"""cancer"" +3; ""therapeutic"" (generic) +1",NBK601719,2023,Canadian Agency for Drugs and Technologies in Health,Pralsetinib (Gavreto): CADTH Reimbursement Review: Therapeutic area: RET fusion–positive non–small cell lung cancer
1655,2,Medical Sciences,4,"""cancer"" +3; ""therapeutic"" (generic) +1",NBK601727,2022,Canadian Agency for Drugs and Technologies in Health,Tepotinib (Tepmetko): CADTH Reimbursement Review: Therapeutic area: Locally advanced or metastatic non–small cell lung cancer
1656,2,Medical Sciences,4,"""cancer"" +3; ""therapeutic"" (generic) +1",NBK601730,2022,Canadian Agency for Drugs and Technologies in Health,Selpercatinib (Retevmo): CADTH Reimbursement Review: Therapeutic area: Thyroid cancer
1657,2,Medical Sciences,4,"""lymphoma"" +3; ""therapeutic"" (generic) +1",NBK601735,2023,Canadian Agency for Drugs and Technologies in Health,Tafasitamab (Minjuvi): CADTH Reimbursement Review: Therapeutic area: Diffuse large B-cell lymphoma (DLBCL)
1658,2,Medical Sciences,4,"""cancer"" +3; ""therapeutic"" (generic) +1",NBK601740,2022,Canadian Agency for Drugs and Technologies in Health,Atezolizumab (Tecentriq): CADTH Reimbursement Review: Therapeutic area: Non–small cell lung cancer
1659,2,Medical Sciences,4,"""carcinoma"" +3; ""therapeutic"" (generic) +1",NBK601744,2022,Canadian Agency for Drugs and Technologies in Health,Nivolumab (Opdivo): CADTH Reimbursement Review: Therapeutic area: Urothelial carcinoma
1660,2,Medical Sciences,4,"""cancer"" +3; ""therapeutic"" (generic) +1",NBK601752,2022,Canadian Agency for Drugs and Technologies in Health,Atezolizumab (Tecentriq): CADTH Reimbursement Review: Therapeutic area: Extensive-stage small cell lung cancer
1661,2,Medical Sciences,4,"""cancer"" +3; ""therapeutic"" (generic) +1",NBK601756,2022,Canadian Agency for Drugs and Technologies in Health,Pembrolizumab (Keytruda): CADTH Reimbursement Review: Therapeutic area: Early-stage triple-negative breast cancer
1662,2,Medical Sciences,4,"""asthma"" +3; ""therapeutic"" (generic) +1",NBK601780,2023,Canadian Agency for Drugs and Technologies in Health,Tezepelumab (Tezspire): CADTH Reimbursement Review: Therapeutic area: Asthma
1663,2,Medical Sciences,4,"""tumours"" +3; ""treatment"" (generic) +1",NBK601792,2023,Canadian Agency for Drugs and Technologies in Health,Entrectinib (Rozlytrek): CADTH Reimbursement Review: Indication: For the treatment of extracranial solid tumours with NTRK gene fusion
1664,2,Medical Sciences,4,"""asthma"" +3; ""treatment"" (generic) +1",NBK601802,2022,Canadian Agency for Drugs and Technologies in Health,Tezepelumab (Tezspire): CADTH Reimbursement Recommendation: Indication: As an add-on maintenance treatment in adults and adolescents 12 years and older with severe asthma
1665,2,Medical Sciences,4,"""tuberculosis"" +3; ""health"" (generic) +1",NBK601825,2023,Canadian Agency for Drugs and Technologies in Health,Community Supports for People With Tuberculosis: CADTH Health Technology Review
1666,2,Medical Sciences,4,"""diabetic"" +3; ""treatment"" (generic) +1",NBK601836,2023,Canadian Agency for Drugs and Technologies in Health,Brolucizumab (Beovu): CADTH Reimbursement Recommendation: Indication: For the treatment of diabetic macular edema
1667,2,Medical Sciences,4,"""tuberculosis"" +3; ""care"" (generic) +1",NBK602233,2024,National Institute for Health and Care Research,Approaches to deliver depression care and understanding barriers and facilitators to implementation in people with tuberculosis in LMICs: a systematic review
1668,2,Medical Sciences,4,"""hiv"" +3; ""health"" (generic) +1",NBK602281,2019,Patient-Centered Outcomes Research Institute (PCORI),Creating Survey Questions to Measure Important Aspects of Health for People Living with HIV
1669,2,Medical Sciences,4,"""carcinoma"" +3; ""therapeutic"" (generic) +1",NBK602397,2024,Canadian Agency for Drugs and Technologies in Health,Tremelimumab (Imjudo) in Combination With Durvalumab (Imfinzi): CADTH Reimbursement Review: Therapeutic area: Unresectable hepatocellular carcinoma
1670,2,Medical Sciences,4,"""lymphoma"" +3; ""therapeutic"" (generic) +1",NBK602401,2024,Canadian Agency for Drugs and Technologies in Health,Axicabtagene Ciloleucel (Yescarta): CADTH Reimbursement Review: Therapeutic area: Relapsed or refractory follicular lymphoma
1671,2,Medical Sciences,4,"""leukemia"" +3; ""therapeutic"" (generic) +1",NBK602515,2024,Canadian Agency for Drugs and Technologies in Health,Ibrutinib (Imbruvica): CADTH Reimbursement Review: Therapeutic area: Chronic lymphocytic leukemia
1672,2,Medical Sciences,4,"""lymphoma"" +3; ""therapeutic"" (generic) +1",NBK602518,2024,Canadian Agency for Drugs and Technologies in Health,Polatuzumab Vedotin (Polivy): CADTH Reimbursement Review: Therapeutic area: Large B-cell lymphoma
1673,2,Medical Sciences,4,"""carcinoma"" +3; ""therapeutic"" (generic) +1",NBK602523,2024,Canadian Agency for Drugs and Technologies in Health,Cabozantinib (Cabometyx): CADTH Reimbursement Review: Therapeutic area: Advanced or metastatic renal cell carcinoma
1674,2,Medical Sciences,4,"""leukemia"" +3; ""treatment"" (generic) +1",NBK602611,2022,Canadian Agency for Drugs and Technologies in Health,Subcutaneous Injection of Azacitidine for the Treatment of Acute Myeloid Leukemia: Technology Review
1675,2,Medical Sciences,4,"""surgery"" +3; ""patients"" (generic) +1",NBK602616,2022,Canadian Agency for Drugs and Technologies in Health,Intravenous Iron Isomaltoside for Patients With Iron Deficiency Undergoing Elective Surgery: Rapid Review
1676,2,Medical Sciences,4,"""diabetic"" +3; ""treatment"" (generic) +1",NBK602628,2022,Canadian Agency for Drugs and Technologies in Health,Faricimab (Vabysmo): CADTH Reimbursement Recommendation: Indication: For the treatment of diabetic macular edema
1677,2,Medical Sciences,4,"""carcinoma"" +3; ""therapeutic"" (generic) +1",NBK602632,2022,Canadian Agency for Drugs and Technologies in Health,Lenvatinib and Pembrolizumab (Lenvima and Keytruda): CADTH Reimbursement Review: Therapeutic area: Advanced or metastatic renal cell carcinoma
1678,2,Medical Sciences,4,"""lymphoma"" +3; ""therapeutic"" (generic) +1",NBK602639,2022,Canadian Agency for Drugs and Technologies in Health,Lisocabtagene Maraleucel (Breyanzi): CADTH Reimbursement Review: Therapeutic area: Relapsed or refractory large B-cell lymphoma
1679,2,Medical Sciences,4,"""cancer"" +3; ""patient"" (generic) +1",NBK602658,2019,Patient-Centered Outcomes Research Institute (PCORI),A Patient Decision Aid to Help Heavy Smokers Make Decisions about Lung Cancer Screening
1680,2,Medical Sciences,4,"""surgical"" +3; ""health"" (generic) +1",NBK602663,2022,Canadian Agency for Drugs and Technologies in Health,Robotic Surgical Systems for Orthopedics: Emerging Health Technologies
1681,2,Medical Sciences,4,"""surgery"" +3; ""patients"" (generic) +1",NBK602669,2022,Canadian Agency for Drugs and Technologies in Health,Intravenous Iron Preparations for Patients Undergoing Elective Surgery: A 2022 Update: Rapid Review
1682,2,Medical Sciences,4,"""tumours"" +3; ""treatment"" (generic) +1",NBK602676,2022,Canadian Agency for Drugs and Technologies in Health,"Entrectinib (Rozlytrek): CADTH Reimbursement Recommendation: Indication: For the treatment of adults with unresectable locally advanced or metastatic extracranial solid tumours, including brain metastases, that have a neurotrophic tyrosine receptor kinase (NTRK) gene fusion without a known acquired resistance mutation and with no satisfactory treatment options"
1683,2,Medical Sciences,4,"""leukemia"" +3; ""therapeutic"" (generic) +1",NBK602682,2022,Canadian Agency for Drugs and Technologies in Health,Asciminib (Scemblix): CADTH Reimbursement Review: Therapeutic area: Philadelphia chromosome-positive chronic myeloid leukemia
1684,2,Medical Sciences,4,"""cancer"" +3; ""therapeutic"" (generic) +1",NBK602689,2022,Canadian Agency for Drugs and Technologies in Health,Dostarlimab (Jemperli): CADTH Reimbursement Review: Therapeutic area: Endometrial cancer
1685,2,Medical Sciences,4,"""diabetes"" +3; ""patients"" (generic) +1",NBK602704,2019,Patient-Centered Outcomes Research Institute (PCORI),Comparing Three Methods to Help Patients Manage Type 2 Diabetes
1686,2,Medical Sciences,4,"""surgery"" +3; ""patients"" (generic) +1",NBK602913,2024,Canadian Agency for Drugs and Technologies in Health,Opioid-Sparing Effects of IV Acetaminophen for Patients Undergoing Surgery: Rapid Review
1687,2,Medical Sciences,4,"""lymphoma"" +3; ""therapeutic"" (generic) +1",NBK603333,2022,Canadian Agency for Drugs and Technologies in Health,Zanubrutinib (Brukinsa): CADTH Reimbursement Review: Therapeutic area: Mantle cell lymphoma
1688,2,Medical Sciences,4,"""cancer"" +3; ""therapeutic"" (generic) +1",NBK603384,2022,Canadian Agency for Drugs and Technologies in Health,Cemiplimab (Libtayo): CADTH Reimbursement Review: Therapeutic area: Non–small cell lung cancer
1689,2,Medical Sciences,4,"""tumours"" +3; ""therapeutic"" (generic) +1",NBK603389,2022,Canadian Agency for Drugs and Technologies in Health,Ripretinib (Qinlock): CADTH Reimbursement Review: Therapeutic area: Gastrointestinal stromal tumours
1690,2,Medical Sciences,4,"""cancer"" +3; ""therapeutic"" (generic) +1",NBK603616,2022,Canadian Agency for Drugs and Technologies in Health,Selpercatinib (Retevmo): CADTH Reimbursement Review: Therapeutic area: RET fusion–positive non–small cell lung cancer
1691,2,Medical Sciences,4,"""alzheimer"" +3; ""disease"" (generic) +1",NBK603631,2022,Canadian Agency for Drugs and Technologies in Health,Utilization of Cholinesterase Inhibitors for Alzheimer Disease in Canada: Technology Review
1692,2,Medical Sciences,4,"""cancer"" +3; ""therapeutic"" (generic) +1",NBK603635,2022,Canadian Agency for Drugs and Technologies in Health,Lorlatinib (Lorbrena): CADTH Reimbursement Review: Therapeutic area: ALK-positive locally advanced or metastatic non–small cell lung cancer
1693,2,Medical Sciences,4,"""carcinoma"" +3; ""treatment"" (generic) +1",NBK603848,2021,Patient-Centered Outcomes Research Institute (PCORI),Comparing Two Treatment Approaches for Women with Ductal Carcinoma In Situ (DCIS) — The PORTAL Study
1694,2,Medical Sciences,4,"""diabetes"" +3; ""diagnosed"" (generic) +1",NBK603967,2024,National Institute for Health and Care Research,The effect of closed-loop glucose control on C-peptide secretion in youth with newly diagnosed type 1 diabetes: the CLOuD RCT
1695,2,Medical Sciences,4,"""leukemia"" +3; ""therapeutic"" (generic) +1",NBK604420,2024,Canadian Agency for Drugs and Technologies in Health,Calaspargase Pegol (Asparlas): CADTH Reimbursement Review: Therapeutic area: Acute lymphoblastic leukemia
1696,2,Medical Sciences,4,"""lymphoma"" +3; ""therapeutic"" (generic) +1",NBK604439,2024,Canadian Agency for Drugs and Technologies in Health,Glofitamab (Columvi): CADTH Reimbursement Review: Therapeutic area: Relapsed or refractory diffuse large B-cell lymphoma
1697,2,Medical Sciences,4,"""cancer"" +3; ""therapeutic"" (generic) +1",NBK604441,2024,Canadian Agency for Drugs and Technologies in Health,"Sacituzumab Govitecan (Trodelvy): CADTH Reimbursement Review: Therapeutic area: HR-positive, HER2-negative advanced or metastatic breast cancer"
1698,2,Medical Sciences,4,"""cancer"" +3; ""therapeutic"" (generic) +1",NBK604447,2024,Canadian Agency for Drugs and Technologies in Health,Olaparib (Lynparza): CADTH Reimbursement Review: Therapeutic area: Metastatic castration-resistant prostate cancer (mCRPC)
1699,2,Medical Sciences,4,"""cancer"" +3; ""therapeutic"" (generic) +1",NBK604456,2024,Canadian Agency for Drugs and Technologies in Health,Niraparib and Abiraterone Acetate (Akeega): CADTH Reimbursement Review: Therapeutic area: Metastatic castration-resistant prostate cancer
1700,2,Medical Sciences,4,"""cancer"" +3; ""patients"" (generic) +1",NBK604467,2019,Patient-Centered Outcomes Research Institute (PCORI),Does Decision Support by Phone Increase Colorectal Cancer Screening in Hispanic Patients?
1701,2,Medical Sciences,4,"""cancer"" +3; ""treatment"" (generic) +1",NBK604763,2024,World Health Organization,WHO guideline for screening and treatment of cervical pre-cancer lesions for cervical cancer prevention: Use of dual-stain cytology to triage women after a positive test for human papillomavirus (HPV). 2nd edition
1702,2,Medical Sciences,4,"""surgery"" +3; ""treatment"" (generic) +1",NBK605082,2022,Canadian Agency for Drugs and Technologies in Health,Dexamethasone Intravitreal Implant for the Treatment of Macular Edema Following Retinal Detachment Surgery: Rapid Review
1703,2,Medical Sciences,4,"""carcinoma"" +3; ""therapeutic"" (generic) +1",NBK605088,2022,Canadian Agency for Drugs and Technologies in Health,Cemiplimab (Libtayo): CADTH Reimbursement Review: Therapeutic area: Basal cell carcinoma
1704,2,Medical Sciences,4,"""hiv"" +3; ""care"" (generic) +1",NBK605110,2022,Canadian Agency for Drugs and Technologies in Health,Management of HIV Care in Primary Care Settings: Custom Report
1705,2,Medical Sciences,4,"""carcinoma"" +3; ""therapeutic"" (generic) +1",NBK605115,2022,Canadian Agency for Drugs and Technologies in Health,Enfortumab Vedotin (Padcev): CADTH Reimbursement Review: Therapeutic area: Locally advanced or metastatic urothelial carcinoma
1706,2,Medical Sciences,4,"""diabetic"" +3; ""treatment"" (generic) +1",NBK605526,2024,Canadian Agency for Drugs and Technologies in Health,Aflibercept 8 mg/0.07 mL (Eylea HD): CADTH Reimbursement Recommendation: Indication: For the treatment of diabetic macular edema
1707,2,Medical Sciences,4,"""diabetes"" +3; ""treatment"" (generic) +1",NBK605533,2024,Canadian Agency for Drugs and Technologies in Health,Insulin Icodec (Awiqli): CADTH Reimbursement Recommendation: Indication: For the once-weekly treatment of adults with diabetes mellitus to improve glycemic control
1708,2,Medical Sciences,4,"""cancer"" +3; ""therapeutic"" (generic) +1",NBK605548,2024,Canadian Agency for Drugs and Technologies in Health,Trifluridine-Tipiracil (Lonsurf): CADTH Reimbursement Review: Therapeutic area: Metastatic colorectal cancer
1709,2,Medical Sciences,4,"""diabetes"" +3; ""patient"" (generic) +1",NBK605644,2021,Patient-Centered Outcomes Research Institute (PCORI),Benchmarking the Comparative Effectiveness of Diabetes Treatments Using Patient-Reported Outcomes and Socio-Demographic Factors
1710,2,Medical Sciences,4,"""parkinson"" +3; ""disease"" (generic) +1",NBK605966,2024,National Institute for Health and Care Research,Devices for remote continuous monitoring of people with Parkinson’s disease: a systematic review and cost-effectiveness analysis
1711,2,Medical Sciences,4,"""epilepsy"" +3; ""care"" (generic) +1",NBK606396,2024,National Institute for Health and Care Research,Developing feasible person-centred care alternatives to emergency department responses for adults with epilepsy: a discrete choice analysis mixed-methods study
1712,2,Medical Sciences,4,"""cancer"" +3; ""therapeutic"" (generic) +1",NBK606545,2024,Canadian Agency for Drugs and Technologies in Health,"Sotorasib (Lumakras): Therapeutic area: KRAS G12C-mutated, advanced non–small cell lung cancer: CADTH Reimbursement Review"
1713,2,Medical Sciences,4,"""cancer"" +3; ""therapeutic"" (generic) +1",NBK606548,2024,Canadian Agency for Drugs and Technologies in Health,"Dostarlimab (Jemperli): Therapeutic area: endometrial cancer, in combination with carboplatin and paclitaxel: CADTH Reimbursement Review"
1714,2,Medical Sciences,4,"""cancer"" +3; ""treatment"" (generic) +1",NBK606780,2024,National Institute for Health and Care Research,Image directed redesign of bladder cancer treatment pathways: the BladderPath RCT
1715,2,Medical Sciences,4,"""cancer"" +3; ""treatment"" (generic) +1",NBK606881,2024,National Institute for Health and Care Research,Temporary treatment cessation compared with continuation of tyrosine kinase inhibitors for adults with renal cancer: the STAR non-inferiority RCT
1716,2,Medical Sciences,4,"""stroke"" +3; ""clinical"" (generic) +1",NBK607201,2024,National Institute for Health and Care Research,Clinical and cost-effectiveness of clopidogrel resistance genotype testing after ischaemic stroke or transient ischaemic attack: a systematic review and economic model
1717,2,Medical Sciences,4,"""tuberculosis"" +3; ""treatment"" (generic) +1",NBK607290,2024,World Health Organization,"WHO consolidated guidelines on tuberculosis: Module 1: Prevention – Tuberculosis preventive treatment, second edition"
1718,2,Medical Sciences,4,"""cancer"" +3; ""treatment"" (generic) +1",NBK607733,2021,Patient-Centered Outcomes Research Institute (PCORI),Comparing the Effects of Acupressure on Cancer Treatment Side Effects in Children and Youth—The ACT-CC Study
1719,2,Medical Sciences,4,"""parkinson"" +3; ""disease"" (generic) +1",NBK607785,2024,National Institute for Health and Care Research,The effect of two speech and language approaches on speech problems in people with Parkinson’s disease: the PD COMM RCT
1720,2,Medical Sciences,4,"""clinical practice"" +3; ""clinical"" (generic) +1",NBK607904,2024,World Health Organization,Clinical practice guidelines for influenza
1721,2,Medical Sciences,4,"""diabetes"" +3; ""therapeutic"" (generic) +1",NBK608445,2024,Canadian Agency for Drugs and Technologies in Health,"Insulin icodec (Awiqli): Therapeutic area: Diabetes mellitus, type 2: CADTH Reimbursement Review"
1722,2,Medical Sciences,4,"""cancer"" +3; ""therapeutic"" (generic) +1",NBK608467,2024,Canadian Agency for Drugs and Technologies in Health,Cemiplimab (Libtayo): Therapeutic area: Locally advanced or metastatic non–small cell lung cancer (first line): CADTH Reimbursement Review
1723,2,Medical Sciences,4,"""diagnostic imaging"" +3; ""diagnostic"" (generic) +1",NBK608468,2024,Canadian Agency for Drugs and Technologies in Health,Optimal Team for Diagnostic Imaging Equipment Installation: CMII Service Report
1724,2,Medical Sciences,4,"""carcinoma"" +3; ""treatment"" (generic) +1",NBK608478,2024,Canadian Agency for Drugs and Technologies in Health,Lenvatinib for the Treatment of Hepatocellular Carcinoma After Liver Transplant: Rapid Review
1725,2,Medical Sciences,4,"""cancer"" +3; ""patients"" (generic) +1",NBK608480,2019,Patient-Centered Outcomes Research Institute (PCORI),Measuring How Well Patients with Colorectal Cancer and Their Doctors Communicate
1726,2,Medical Sciences,4,"""stroke"" +3; ""disorders"" (generic) +1",NBK608776,2024,National Institute for Health and Care Research,"Interventions for people with perceptual disorders after stroke: the PIONEER scoping review, Cochrane systematic review and priority setting project"
1727,2,Medical Sciences,4,"""cancer"" +3; ""treatment"" (generic) +1",NBK608904,2024,Agency for Healthcare Research and Quality (US),Treatment of Stages I-III Squamous Cell Anal Cancer: A Systematic Review
1728,2,Medical Sciences,4,"""cancer"" +3; ""patients"" (generic) +1",NBK608993,2020,Patient-Centered Outcomes Research Institute (PCORI),Using a Program to Lower Stress for Caregivers of Patients with Cancer Who Have Received Stem Cell Transplants
1729,2,Medical Sciences,4,"""clinical trial"" +3; ""clinical"" (generic) +1",NBK609006,2024,Office of the Assistant Secretary for Planning and Evaluation (ASPE),Transformation of the Clinical Trial Enterprise: Lessons Learned from the COVID-19 Pandemic: Final Report
1730,2,Medical Sciences,4,"""asthma"" +3; ""patients"" (generic) +1",NBK609112,2019,Patient-Centered Outcomes Research Institute (PCORI),Training Staff at Doctors’ Offices to Use Shared Decision-Making with Patients Choosing Asthma Treatments
1731,2,Medical Sciences,4,"""cancer"" +3; ""care"" (generic) +1",NBK609620,2019,Patient-Centered Outcomes Research Institute (PCORI),Evaluating Different Types of Cancer Survivorship Care
1732,2,Medical Sciences,4,"""psychiatric"" +3; ""disorders"" (generic) +1",NBK609759,2023,MIT Press,Exploring and Exploiting Genetic Risk for Psychiatric Disorders
1733,2,Medical Sciences,4,"""cancer"" +3; ""therapeutic"" (generic) +1",NBK610040,2024,Canadian Agency for Drugs and Technologies in Health,Relugolix (Orgovyx): Therapeutic area: Advanced prostate cancer: Reimbursement Review
1734,2,Medical Sciences,4,"""lymphoma"" +3; ""therapeutic"" (generic) +1",NBK610045,2024,Canadian Agency for Drugs and Technologies in Health,Epcoritamab (Epkinly): Therapeutic area: Relapsed or refractory diffuse large B-cell lymphoma: Reimbursement Review
1735,2,Medical Sciences,4,"""cardiovascular"" +3; ""disease"" (generic) +1",NBK610062,2024,National Institute for Health and Care Research,Impact of short-term aircraft noise on cardiovascular disease risk in the area surrounding London Heathrow airport: the RISTANCO epidemiological study
1736,2,Medical Sciences,4,"""surgery"" +3; ""patients"" (generic) +1",NBK610129,2024,National Institute for Health and Care Research,"Collagenase injection versus limited fasciectomy surgery to treat Dupuytren’s contracture in adult patients in the UK: DISC, a non-inferiority RCT and economic evaluation"
1737,2,Medical Sciences,4,"""cancer"" +3; ""care"" (generic) +1",NBK610190,2022,Patient-Centered Outcomes Research Institute (PCORI),Comparing Three Ways to Help Cancer Survivors Plan for Follow-Up Care
1738,2,Medical Sciences,4,"""carcinoma"" +3; ""therapeutic"" (generic) +1",NBK610410,2024,Canadian Agency for Drugs and Technologies in Health,Pembrolizumab (Keytruda): Therapeutic area: Biliary tract carcinoma: Reimbursement Review
1739,2,Medical Sciences,4,"""diabetic"" +3; ""therapeutic"" (generic) +1",NBK610415,2024,Canadian Agency for Drugs and Technologies in Health,Aflibercept (Eylea HD): Therapeutic area: Diabetic Macular Edema: Reimbursement Review
1740,2,Medical Sciences,4,"""stroke"" +3; ""health"" (generic) +1",NBK610424,2024,Canadian Agency for Drugs and Technologies in Health,RapidAI for Stroke Detection: Main Report: Health Technologies
1741,2,Medical Sciences,4,"""clinical trial"" +3; ""clinical"" (generic) +1",NBK610811,2024,Office of the Assistant Secretary for Planning and Evaluation (ASPE),Commentary: Transformation of the Clinical Trial Enterprise: Lessons Learned from the COVID-19 Pandemic
1742,2,Medical Sciences,4,"""neonatal"" +3; ""care"" (generic) +1",NBK610843,2024,National Institute for Health and Care Research,Advancing care and support for women and families after stillbirth or neonatal death in Kenya and Uganda: a feasibility study
1743,2,Medical Sciences,4,"""cancer"" +3; ""patients"" (generic) +1",NBK610970,2020,Patient-Centered Outcomes Research Institute (PCORI),Does Helping Patients with Cancer Manage Their Symptoms at Home Improve Their Quality of Life?
1744,2,Medical Sciences,4,"""cancer"" +3; ""health"" (generic) +1",NBK611312,2024,Canadian Agency for Drugs and Technologies in Health,"Artificial Intelligence–Assisted Colonoscopy for Detecting Polyps, Adenomas, Precancerous Lesions, and Colorectal Cancer: Health Technologies"
1745,2,Medical Sciences,4,"""lymphoma"" +3; ""therapeutic"" (generic) +1",NBK611315,2024,Canadian Agency for Drugs and Technologies in Health,Brentuximab Vedotin (Adcetris): Therapeutic area: Hodgkin lymphoma: Reimbursement Review
1746,2,Medical Sciences,4,"""diabetes"" +3; ""health"" (generic) +1",NBK611325,2020,Patient-Centered Outcomes Research Institute (PCORI),Evaluating Home-Based Health Coaching from Community Health Representatives for Navajo Adults with Type 2 Diabetes
1747,2,Medical Sciences,4,"""stroke"" +3; ""health"" (generic) +1",NBK611329,2024,Canadian Agency for Drugs and Technologies in Health,RapidAI for Stroke Detection: Health Technologies
1748,2,Medical Sciences,4,"""hypertension"" +3; ""patients"" (generic) +1",NBK611333,2022,Patient-Centered Outcomes Research Institute (PCORI),Association of Angiotensin-Converting Enzyme Inhibitors and Angiotensin Receptor Blockers with COVID-19 Outcomes in Patients with Hypertension
1749,2,Medical Sciences,4,"""diabetes"" +3; ""treatment"" (generic) +1",NBK611337,2020,Patient-Centered Outcomes Research Institute (PCORI),Treatment Device Decision Aids for Youth With Type 1 Diabetes and Their Parents
1750,2,Medical Sciences,4,"""cancer"" +3; ""care"" (generic) +1",NBK611653,2022,Patient-Centered Outcomes Research Institute (PCORI),Evaluating a Telehealth Program for Ostomy Self-Care among Cancer Survivors
1751,2,Medical Sciences,4,"""diabetic"" +3; ""treatment"" (generic) +1",NBK611656,2025,National Institute for Health and Care Research,A systematic review of the cost-effectiveness of anti-VEGF drugs for the treatment of diabetic retinopathy
1752,2,Medical Sciences,4,"""alzheimer"" +3; ""disease"" (generic) +1",NBK611701,2024,United States Department of Agriculture,"Dietary Patterns and Risk of Cognitive Decline, Dementia, Alzheimer’s Disease, and Mild Cognitive Impairment: A Systematic Review"
1753,2,Medical Sciences,4,"""cardiovascular"" +3; ""disease"" (generic) +1",NBK612141,2024,United States Department of Agriculture,Food Sources of Saturated Fat and Risk of Cardiovascular Disease: A Systematic Review
1754,2,Medical Sciences,4,"""surgical"" +3; ""patients"" (generic) +1",NBK612153,2025,Canadian Agency for Drugs and Technologies in Health,Methadone for Surgical Patients: Drugs
1755,2,Medical Sciences,4,"""cancer"" +3; ""therapeutic"" (generic) +1",NBK612154,2025,Canadian Agency for Drugs and Technologies in Health,Osimertinib (Tagrisso): Therapeutic area: Non–small cell lung cancer: Reimbursement Review
1756,2,Medical Sciences,4,"""leukemia"" +3; ""therapeutic"" (generic) +1",NBK612165,2025,Canadian Agency for Drugs and Technologies in Health,Ivosidenib (Tibsovo): Therapeutic area: Acute myeloid leukemia: Reimbursement Review
1757,2,Medical Sciences,4,"""cancer"" +3; ""therapeutic"" (generic) +1",NBK612200,2025,Canadian Agency for Drugs and Technologies in Health,"Capivasertib (Truqap): Therapeutic area: Hormone receptor–positive, human epidermal growth factor receptor 2–negative, locally advanced or metastatic breast cancer: Reimbursement Review"
1758,2,Medical Sciences,4,"""hiv"" +3; ""therapeutic"" (generic) +1",NBK612248,2025,Canadian Agency for Drugs and Technologies in Health,"Cabotegravir (Apretude): Therapeutic area: HIV-1 infection, pre-exposure prophylaxis: Reimbursement Review"
1759,2,Medical Sciences,4,"""diabetes"" +3; ""diagnosed"" (generic) +1",NBK612279,2025,National Institute for Health and Care Research,The efficacy and safety of ustekinumab in adolescents newly diagnosed with type 1 diabetes: the USTEK1D RCT
1760,2,Medical Sciences,4,"""hepatitis"" +3; ""medicines"" (generic) +1",NBK612359,2022,Patient-Centered Outcomes Research Institute (PCORI),Comparing Oral Medicines to Treat Hepatitis C Virus: The PRIORITIZE Study
1761,2,Medical Sciences,4,"""cancer"" +3; ""treatment"" (generic) +1",NBK612383,2022,Patient-Centered Outcomes Research Institute (PCORI),Comparing Ways to Improve Prescribing of Colony-Stimulating Factor in Cancer Treatment -- The TrACER Study
1762,2,Medical Sciences,4,"""diabetes"" +3; ""care"" (generic) +1",NBK612496,2025,National Institute for Health and Care Research,Increasing uptake of self-management education programmes for type 2 diabetes in primary care: the Embedding research programme including an RCT
1763,2,Medical Sciences,4,"""paediatric"" +3; ""care"" (generic) +1",NBK612510,2025,National Institute for Health and Care Research,Learnings from the establishment and delivery of the UK Collaborative Paediatric Palliative Care Research Network
1764,2,Medical Sciences,4,"""clinical practice"" +3; ""clinical"" (generic) +1",NBK612511,2025,National Institute for Health and Care Research,Interventions that challenge established and accepted clinical practice: lessons learnt from a process evaluation of the STOP-APE trial
1765,2,Medical Sciences,4,"""cardiovascular"" +3; ""disease"" (generic) +1",NBK612535,2024,United States Department of Agriculture,Dietary Patterns and Risk of Cardiovascular Disease: A Systematic Review
1766,2,Medical Sciences,4,"""hypertension"" +3; ""therapeutic"" (generic) +1",NBK612744,2025,Canadian Agency for Drugs and Technologies in Health,Sotatercept (Winrevair): Therapeutic area: Pulmonary arterial hypertension (WHO group 1): Reimbursement Review
1767,2,Medical Sciences,4,"""diabetic"" +3; ""treatment"" (generic) +1",NBK613299,2025,National Institute for Health and Care Research,Anti-VEGF drugs compared with laser photocoagulation for the treatment of proliferative diabetic retinopathy: a systematic review and individual participant data meta-analysis
1768,2,Medical Sciences,4,"""cancer"" +3; ""therapeutic"" (generic) +1",NBK613814,2025,Canadian Agency for Drugs and Technologies in Health,Alectinib (Alecensaro): Therapeutic area: Non–small cell lung cancer: Reimbursement Review
1769,2,Medical Sciences,4,"""cancer"" +3; ""therapeutic"" (generic) +1",NBK613819,2025,Canadian Agency for Drugs and Technologies in Health,Enfortumab Vedotin (Padcev): Therapeutic area: Metastatic urothelial cancer: Reimbursement Review
1770,2,Medical Sciences,4,"""leukemia"" +3; ""therapeutic"" (generic) +1",NBK613833,2025,Canadian Agency for Drugs and Technologies in Health,Venetoclax (Venclexta): Therapeutic area: Chronic lymphocytic leukemia: Reimbursement Review
1771,2,Medical Sciences,4,"""lymphoma"" +3; ""therapeutic"" (generic) +1",NBK613836,2025,Canadian Agency for Drugs and Technologies in Health,Lisocabtagene Maraleucel (Breyanzi): Therapeutic area: Relapsed or refractory large B-cell lymphoma: Reimbursement Review
1772,2,Medical Sciences,4,"""diabetes"" +3; ""patients"" (generic) +1",NBK613899,2022,Patient-Centered Outcomes Research Institute (PCORI),Comparing Two Programs to Help Latino Patients from Low-Income Households Manage Their Diabetes
1773,2,Medical Sciences,4,"""hiv"" +3; ""care"" (generic) +1",NBK613901,2020,Patient-Centered Outcomes Research Institute (PCORI),Using a Palliative Approach Early in HIV Care—The CASA Study
1774,2,Medical Sciences,4,"""surgery"" +3; ""patients"" (generic) +1",NBK614057,2020,Patient-Centered Outcomes Research Institute (PCORI),Comparing Treatments for Improving Physical Function in Patients Who Had Knee Replacement Surgery
1775,2,Medical Sciences,4,"""diabetes"" +3; ""health"" (generic) +1",NBK614060,2022,Patient-Centered Outcomes Research Institute (PCORI),COVID-19–Related Telehealth Enhancement Project for Natural Experiments on the Impact of Population-Targeted Health Policies to Prevent Diabetes and Its Complications
1776,2,Medical Sciences,4,"""cancer"" +3; ""patients"" (generic) +1",NBK614061,2023,Patient-Centered Outcomes Research Institute (PCORI),Comparing Two Types of Blood Thinners to Prevent Blood Clots in Patients with Cancer – The CANVAS Trial
1777,2,Medical Sciences,4,"""cancer"" +3; ""patients"" (generic) +1",NBK614154,2025,National Institute for Health and Care Research,A network approach to addressing the needs of patients with incurable head and neck cancer and their families
1778,2,Medical Sciences,4,"""tuberculosis"" +3; ""diagnosis"" (generic) +1",NBK614646,2025,World Health Organization,WHO consolidated guidelines on tuberculosis: module 3: diagnosis
1779,2,Medical Sciences,4,"""carcinoma"" +3; ""treatment"" (generic) +1",NBK614932,2025,Canadian Agency for Drugs and Technologies in Health,Cabozantinib for Second-Line Treatment of Advanced or Metastatic Renal Cell Carcinoma: Drugs
1780,2,Medical Sciences,4,"""cancer"" +3; ""therapeutic"" (generic) +1",NBK614936,2025,Canadian Agency for Drugs and Technologies in Health,Fruquintinib (Fruzaqla): Therapeutic area: Metastatic colorectal cancer: Reimbursement Review
1781,2,Medical Sciences,4,"""carcinoma"" +3; ""treatment"" (generic) +1",NBK615405,2020,Patient-Centered Outcomes Research Institute (PCORI),Comparing Treatment for Ductal Carcinoma In Situ (DCIS) With or Without Sentinel Lymph Node Biopsy
1782,2,Medical Sciences,4,"""diabetic"" +3; ""treatment"" (generic) +1",NBK615488,2025,National Institute for Health and Care Research,Anti-VEGF drugs compared with laser photocoagulation for the treatment of diabetic retinopathy: a systematic review and economic analysis
1783,2,Medical Sciences,4,"""diabetes"" +3; ""care"" (generic) +1",NBK615682,2023,Patient-Centered Outcomes Research Institute (PCORI),Comparing Three Approaches to Improve Diabetes Self-Care among African American Adults – The MODEL Study
1784,2,Medical Sciences,4,"""pathology"" +3; ""diagnosis"" (generic) +1",NBK616152,2025,National Institute for Health and Care Research,Variation within and between digital pathology and light microscopy for the diagnosis of histopathology slides: blinded crossover comparison study
1785,2,Medical Sciences,4,"""tumours"" +3; ""therapeutic"" (generic) +1",NBK616200,2025,Canadian Agency for Drugs and Technologies in Health,Pembrolizumab (Keytruda): Therapeutic area: Unresectable or metastatic microsatellite instability-high or mismatch repair deficient solid tumours: Reimbursement Review
1786,2,Medical Sciences,4,"""cancer"" +3; ""therapeutic"" (generic) +1",NBK616202,2025,Canadian Agency for Drugs and Technologies in Health,Amivantamab (Rybrevant): Therapeutic area: Locally advanced or metastatic non-small cell lung cancer: Reimbursement Review
1787,2,Medical Sciences,4,"""cancer"" +3; ""therapeutic"" (generic) +1",NBK616206,2025,Canadian Agency for Drugs and Technologies in Health,Pembrolizumab (Keytruda): Therapeutic area: Non-small cell lung cancer: Reimbursement Review
1788,2,Medical Sciences,4,"""carcinoma"" +3; ""therapeutic"" (generic) +1",NBK616220,2025,Canadian Agency for Drugs and Technologies in Health,Erdafitinib (Balversa): Therapeutic area: Locally advanced unresectable or metastatic urothelial carcinoma: Reimbursement Review
1789,2,Medical Sciences,4,"""cancer"" +3; ""treatment"" (generic) +1",NBK616538,2020,Patient-Centered Outcomes Research Institute (PCORI),Helping Men With Prostate Cancer Determine Their Preferences for Treatment
1790,2,Medical Sciences,4,"""cancer"" +3; ""therapeutic"" (generic) +1",NBK616657,2025,Canadian Agency for Drugs and Technologies in Health,Tarlatamab (Imdelltra): Therapeutic area: Extensive-stage small cell lung cancer: Reimbursement Review
1791,2,Medical Sciences,4,"""cancer"" +3; ""patients"" (generic) +1",NBK616759,2025,National Institute for Health and Care Research,Methylphenidate versus placebo for fatigue in patients with advanced cancer: the MePFAC randomised controlled trial
1792,2,Medical Sciences,4,"""cardiovascular"" +3; ""disease"" (generic) +1",NBK617276,2025,National Institute for Health and Care Research,Identifying optimal primary prevention interventions for major cardiovascular disease events and all-cause mortality: a systematic review and hierarchical network meta-analysis of RCTs
1793,2,Medical Sciences,4,"""cardiovascular"" +3; ""disease"" (generic) +1",NBK617279,2025,National Institute for Health and Care Research,Determining optimal strategies for primary prevention of cardiovascular disease: a synopsis of an evidence synthesis study
1794,2,Medical Sciences,4,"""cardiovascular"" +3; ""disease"" (generic) +1",NBK617289,2023,National Institute for Health and Care Research,The potential impact of policies and structural interventions in reducing cardiovascular disease and mortality: a systematic review of simulation-based studies
1795,2,Medical Sciences,4,"""cardiovascular"" +3; ""disease"" (generic) +1",NBK617308,2024,National Institute for Health and Care Research,Interventions for primary prevention of cardiovascular disease: umbrella review of systematic reviews
1796,2,Medical Sciences,4,"""diabetic"" +3; ""treatment"" (generic) +1",NBK617427,2024,National Institute for Health and Care Research,Anti-VEGF drugs compared with laser photocoagulation for the treatment of diabetic retinopathy: a systematic review and meta-analysis
1797,2,Medical Sciences,4,"""carcinoma"" +3; ""patients"" (generic) +1",NBK617490,2025,National Institute for Health and Care Research,Addition of a dendritic cell vaccine to conditioning cyclophosphamide and chemoembolisation to prolong progression-free survival in patients with hepatocellular carcinoma: the ImmunoTACE RCT
1798,2,Medical Sciences,4,"""cancer"" +3; ""diagnostic"" (generic) +1",NBK617569,2023,Patient-Centered Outcomes Research Institute (PCORI),Comparing the Effectiveness of Breast Cancer Screening and Diagnostic Tests among Women with Different Breast Densities—The BCSC-ADVANCE Study
1799,2,Medical Sciences,4,"""hypertension"" +3; ""medication"" (generic) +1",NBK618194,2025,Agency for Healthcare Research and Quality (US),"Quartz App for Hypertension Medication Management: Feasibility, Usability, and Acceptability Assessment"
1800,2,Medical Sciences,4,"""stroke"" +3; ""patients"" (generic) +1",NBK618415,2020,Patient-Centered Outcomes Research Institute (PCORI),Does a Community Education Program Help Increase Early Hospital Arrival and Ambulance Use for Patients Who Experience Stroke?—The CEERIAS Study
1801,2,Medical Sciences,4,"""lymphoma"" +3; ""therapeutic"" (generic) +1",NBK618420,2025,Canadian Agency for Drugs and Technologies in Health,Nivolumab: Therapeutic Area: Hodgkin lymphoma: Reimbursement Review
1802,2,Medical Sciences,4,"""cancer"" +3; ""care"" (generic) +1",NBK618583,2025,National Institute for Health and Care Research,"Quantitative faecal immunochemical tests to guide colorectal cancer pathway referral in primary care. A systematic review, meta-analysis and cost-effectiveness analysis"
1803,2,Medical Sciences,4,"""surgical"" +3; ""patients"" (generic) +1",NBK618604,2025,National Institute for Health and Care Research,Effectiveness of surgical interventions in patients with severe pressure ulcers: the SIPS mixed-methods exploratory study
1804,2,Medical Sciences,4,"""cancer"" +3; ""therapy"" (generic) +1",NBK618697,2020,Patient-Centered Outcomes Research Institute (PCORI),Comparing Acupuncture and Cognitive Behavioral Therapy to Treat Insomnia among Cancer Survivors—The CHOICE Trial
1805,2,Medical Sciences,4,"""parkinson"" +3; ""disease"" (generic) +1",NBK618960,2025,National Institute for Health and Care Research,Effectiveness of Escitalopram and Nortriptyline on Depressive Symptoms in Parkinson’s disease: the ADepT-PD RCT pilot
1806,2,Medical Sciences,4,"""intensive care"" +3; ""care"" (generic) +1",NBK619053,2025,National Institute for Health and Care Research,"An exploration of the factors influencing successful implementation, delivery and outcomes in an intensive care sedation study: process evaluation of the A2B RCT"
1807,2,Medical Sciences,4,"""diabetes"" +3; ""care"" (generic) +1",NBK619432,2025,World Health Organization,WHO recommendations on care for women with diabetes during pregnancy
1808,2,Medical Sciences,4,"""psychiatry"" +3; ""medical"" (generic) +1",NBK619624,2025,National Institute for Health and Care Research,Proactive Integrated Consultation-Liaison Psychiatry for older medical inpatients: The HOME Study RCT of its effectiveness and cost-effectiveness
1809,2,Medical Sciences,4,"""leukemia"" +3; ""therapeutic"" (generic) +1",NBK619744,2025,Canadian Agency for Drugs and Technologies in Health,Blinatumomab (Blincyto): Therapeutic area: B-cell precursor acute lymphoblastic leukemia: Reimbursement Review
1810,2,Medical Sciences,4,"""carcinoma"" +3; ""therapeutic"" (generic) +1",NBK619749,2025,Canadian Agency for Drugs and Technologies in Health,Pembrolizumab (Keytruda): Therapeutic area: Advanced or recurrent endometrial carcinoma: Reimbursement Review
1811,2,Medical Sciences,4,"""cancer"" +3; ""therapeutic"" (generic) +1",NBK619756,2025,Canadian Agency for Drugs and Technologies in Health,Pertuzumab: Therapeutic area: Early-stage breast cancer: Reimbursement Review
1812,2,Medical Sciences,4,"""cancer"" +3; ""therapeutic"" (generic) +1",NBK619895,2025,Canadian Agency for Drugs and Technologies in Health,Leuprolide Mesylate (Camcevi): Therapeutic area: Prostate cancer: Reimbursement Review
1813,2,Medical Sciences,4,"""cancer"" +3; ""therapeutic"" (generic) +1",NBK619899,2025,Canadian Agency for Drugs and Technologies in Health,"Pembrolizumab (Keytruda): Therapeutic area: Non–small cell lung cancer, neoadjuvant: Reimbursement Review"
1814,2,Medical Sciences,4,"""cancer"" +3; ""therapeutic"" (generic) +1",NBK619902,2025,Canadian Agency for Drugs and Technologies in Health,Durvalumab (Imfinzi) and Tremelimumab (Imjudo): Therapeutic area: Metastatic non–small cell lung cancer (NSCLC): Reimbursement Review
1815,2,Medical Sciences,4,"""lymphoma"" +3; ""therapeutic"" (generic) +1",NBK619909,2025,Canadian Agency for Drugs and Technologies in Health,Polatuzumab Vedotin (Polivy): Therapeutic area: Large B-cell lymphoma: Reimbursement Review
1816,2,Medical Sciences,4,"""tumours"" +3; ""therapeutic"" (generic) +1",NBK619916,2025,Canadian Agency for Drugs and Technologies in Health,Cabozantinib: Therapeutic area: Neuroendocrine tumours: Reimbursement Review
1817,2,Medical Sciences,4,"""cancer"" +3; ""therapeutic"" (generic) +1",NBK619931,2025,Canadian Agency for Drugs and Technologies in Health,Dostarlimab (Jemperli): Therapeutic area: Endometrial cancer: Reimbursement Review
1818,2,Medical Sciences,4,"""cancer"" +3; ""therapeutic"" (generic) +1",NBK619934,2025,Canadian Agency for Drugs and Technologies in Health,"Durvalumab (Imfinzi), Carboplatin, Paclitaxel: Therapeutic area: Endometrial cancer that is mismatch repair deficient (dMMR): Reimbursement Review"
1819,2,Medical Sciences,4,"""lymphoma"" +3; ""therapeutic"" (generic) +1",NBK619959,2025,Canadian Agency for Drugs and Technologies in Health,Ibrutinib: Therapeutic area: Mantle cell lymphoma: Reimbursement Review
1820,2,Medical Sciences,4,"""hiv"" +3; ""disease"" (generic) +1",NBK620050,2025,World Health Organization,WHO guidelines on the management of advanced HIV disease
1821,2,Medical Sciences,4,"""cancer"" +3; ""therapeutic"" (generic) +1",NBK620285,2025,Canadian Agency for Drugs and Technologies in Health,"Abemaciclib (Verzenio): Therapeutic area: HR-positive, HER2-negative advanced or metastatic breast cancer: Reimbursement Review"
1822,2,Medical Sciences,4,"""cancer"" +3; ""therapeutic"" (generic) +1",NBK620331,2025,Canadian Agency for Drugs and Technologies in Health,Lazertinib and Amivantamab (Lazcluze and Rybrevant): Therapeutic area: Locally advanced or metastatic non–small cell lung cancer: Reimbursement Review
1823,2,Medical Sciences,4,"""carcinoma"" +3; ""treatment"" (generic) +1",NBK620374,2026,National Institute for Health and Care Research,Treatments for renal cell carcinoma: NICE Pilot Treatment Pathways Appraisal
1824,2,Medical Sciences,4,"""leukemia"" +3; ""therapeutic"" (generic) +1",NBK620551,2025,Canadian Agency for Drugs and Technologies in Health,Quizartinib (Vanflyta): Therapeutic area: Acute myeloid leukemia: Reimbursement Review
1825,2,Medical Sciences,4,"""cancer"" +3; ""therapeutic"" (generic) +1",NBK620555,2025,Canadian Agency for Drugs and Technologies in Health,Darolutamide (Nubeqa): Therapeutic area: Metastatic castration-sensitive prostate cancer: Reimbursement Review
1826,2,Medical Sciences,4,"""surgical"" +3; ""patients"" (generic) +1",NBK620667,2026,National Institute for Health and Care Research,Gabapentin as an adjunct to multimodal pain regimens in surgical patients: the GAP placebo-controlled RCT and economic evaluation
1827,2,Medical Sciences,4,"""stroke"" +3; ""patients"" (generic) +1",NBK621048,2023,Patient-Centered Outcomes Research Institute (PCORI),Comparison of Early versus Standard Timing of Tracheostomy in Patients with Severe Stroke and Breathing Failure—The SETPOINT 2 Study
1828,2,Medical Sciences,4,"""cancer"" +3; ""care"" (generic) +1",NBK621091,2026,National Institute for Health and Care Research,Artificial Intelligence technologies for assessing skin lesions for referral on the urgent suspected cancer pathway to detect benign lesions and reduce secondary care specialist appointments: early value assessment
1829,2,Medical Sciences,4,"""diagnostic imaging"" +3; ""diagnostic"" (generic) +1",NBK621126,2026,National Institute for Health and Care Research,Utilisation of the support workforce in diagnostic imaging: a mixed-methods investigation
1830,2,Medical Sciences,4,"""sepsis"" +3; ""patient"" (generic) +1",NBK621165,2026,National Institute for Health and Care Research,Digital alerting to improve sepsis detection and patient outcomes in NHS Trusts: a multi-methods study
1831,2,Medical Sciences,4,"""cancer"" +3; ""diagnostic"" (generic) +1",NBK621208,2026,National Institute for Health and Care Research,Identifying the best diagnostic test for ovarian cancer – synopsis of Refining Ovarian Cancer Test accuracy Scores (ROCkeTS) research
1832,2,Medical Sciences,4,"""diabetes"" +3; ""patients"" (generic) +1",NBK621210,2026,National Institute for Health and Care Research,Implementation of eye screening programmes for patients with diabetes: a systematic map of evidence from five countries
1833,2,Medical Sciences,4,"""sepsis"" +3; ""clinical"" (generic) +1",NBK621512,2026,National Institute for Health and Care Research,Clinical utility of biomarkers for outcomes prediction in adults with suspected sepsis presenting to the emergency department: a synthesis of current evidence
1834,2,Medical Sciences,4,"""cancer"" +3; ""patients"" (generic) +1",NBK621747,2020,Patient-Centered Outcomes Research Institute (PCORI),Testing a Decision Aid to Help Patients with Ovarian Cancer Choose between Two Ways to Get Chemotherapy
1835,2,Medical Sciences,4,"""tuberculosis"" +3; ""treatment"" (generic) +1",NBK621906,2026,National Institute for Health and Care Research,Manualised package intervention to achieve treatment adherence in people with tuberculosis: the IMPACT pilot cluster-RCT
1836,2,Medical Sciences,4,"""cancer"" +3; ""patient"" (generic) +1",NBK621933,2026,National Institute for Health and Care Research,A novel methodology using direct patient contact and UK national registries to collect long-term data from randomised trials: TARGIT-X – an extended follow-up study of the TARGIT-A trial of targeted intraoperative radiotherapy for breast cancer
1837,2,Medical Sciences,4,"""stroke"" +3; ""care"" (generic) +1",NBK622028,2026,National Institute for Health and Care Research,"Establishing collaborative partnerships to improve stroke care in India: a synopsis of IMPROVISE, a multi-site feasibility study"
1838,2,Medical Sciences,4,"""cancer"" +3; ""therapeutic"" (generic) +1",NBK622123,2026,Canadian Agency for Drugs and Technologies in Health,Durvalumab (Imfinzi): Therapeutic area: Limited-stage small cell lung cancer: Reimbursement Review
1839,2,Medical Sciences,4,"""lymphoma"" +3; ""therapeutic"" (generic) +1",NBK622129,2026,Canadian Agency for Drugs and Technologies in Health,Acalabrutinib (Calquence): Therapeutic area: Mantle cell lymphoma: Reimbursement Review
1840,2,Medical Sciences,4,"""lymphoma"" +3; ""therapeutic"" (generic) +1",NBK622132,2026,Canadian Agency for Drugs and Technologies in Health,Brentuximab Vedotin: Therapeutic area: Hodgkin lymphoma: Reimbursement Review
1841,2,Medical Sciences,4,"""cancer"" +3; ""therapeutic"" (generic) +1",NBK622155,2026,Canadian Agency for Drugs and Technologies in Health,"Mirvetuximab Soravtansine (Elahere): Therapeutic area: Epithelial ovarian, fallopian tube, or primary peritoneal cancer: Reimbursement Review"
1842,2,Medical Sciences,4,"""carcinoma"" +3; ""treatment"" (generic) +1",NBK622156,2026,Canadian Agency for Drugs and Technologies in Health,"Toripalimab (Loqtorzi): Indication: In combination with cisplatin and gemcitabine, for the first-line treatment of adults with metastatic or with recurrent, locally advanced nasopharyngeal carcinoma (NPC): Reimbursement Recommendation"
1843,2,Medical Sciences,4,"""cancer"" +3; ""therapeutic"" (generic) +1",NBK622182,2026,Canadian Agency for Drugs and Technologies in Health,Pembrolizumab (Keytruda): Therapeutic area: Cervical Cancer: Reimbursement Review
1844,2,Medical Sciences,4,"""carcinoma"" +3; ""therapeutic"" (generic) +1",NBK622197,2026,Canadian Agency for Drugs and Technologies in Health,Nivolumab Plus Ipilimumab (Opdivo Plus Yervoy): Therapeutic area: Unresectable or advanced hepatocellular carcinoma: Reimbursement Review
1845,2,Medical Sciences,4,"""cancer"" +3; ""patients"" (generic) +1",NBK622381,2026,National Institute for Health and Care Research,Mammographic surveillance in breast cancer patients aged 50 years or older: a synopsis of the Mammo-50 RCT
1846,2,Medical Sciences,4,"""surgical"" +3; ""patients"" (generic) +1",NBK622444,2024,Patient-Centered Outcomes Research Institute (PCORI),Comparing the Effects of Different Surgical Treatments on Quality of Life for Patients with Obesity
1847,2,Medical Sciences,4,"""cancer"" +3; ""therapeutic"" (generic) +1",NBK622454,2026,Canadian Agency for Drugs and Technologies in Health,Amivantamab (Rybrevant): Therapeutic area: Locally advanced or metastatic non–small cell lung cancer with EGFR exon 19 deletions or exon 21 L858R substitution mutations: Reimbursement Review
1848,2,Medical Sciences,4,"""carcinoma"" +3; ""therapeutic"" (generic) +1",NBK622459,2026,Canadian Agency for Drugs and Technologies in Health,Pembrolizumab (Keytruda): Therapeutic area: Head and neck squamous cell carcinoma: Reimbursement Review
1849,2,Medical Sciences,4,"""cancer"" +3; ""therapeutic"" (generic) +1",NBK622462,2026,Canadian Agency for Drugs and Technologies in Health,Talazoparib (Talzenna): Therapeutic area: Metastatic castration-resistant prostate cancer: Reimbursement Review
1850,2,Medical Sciences,4,"""cancer"" +3; ""therapeutic"" (generic) +1",NBK622488,2026,Canadian Agency for Drugs and Technologies in Health,Olaparib: Therapeutic area: Pancreatic cancer: Reimbursement Review
1851,2,Medical Sciences,4,"""cancer"" +3; ""therapeutic"" (generic) +1",NBK622490,2026,Canadian Agency for Drugs and Technologies in Health,Bevacizumab: Therapeutic area: Endometrial cancer: Reimbursement Review
1852,2,Medical Sciences,4,"""diabetes"" +3; ""therapeutic"" (generic) +1",NBK622499,2026,Canadian Agency for Drugs and Technologies in Health,Teplizumab (Tzield): Therapeutic area: Delay onset of stage 3 type 1 diabetes: Reimbursement Review
1853,2,Medical Sciences,4,"""cardiovascular"" +3; ""care"" (generic) +1",NBK622514,2026,Canadian Agency for Drugs and Technologies in Health,"Finerenone (Kerendia): Indication: As an adjunct to standard of care in adults with heart failure with left ventricular ejection fraction (LVEF) = 40% to reduce the risk of cardiovascular death, hospitalization for heart failure, and urgent heart failure visits: Reimbursement Recommendation"
1854,2,Medical Sciences,4,"""cancer"" +3; ""therapeutic"" (generic) +1",NBK622519,2026,Canadian Agency for Drugs and Technologies in Health,Osimertinib (Tagrisso): Therapeutic area: Unresectable (stage III) non–small cell lung cancer: Reimbursement Review
1855,2,Medical Sciences,4,"""leukemia"" +3; ""therapeutic"" (generic) +1",NBK622521,2026,Canadian Agency for Drugs and Technologies in Health,Asciminib (Scemblix): Therapeutic area: Philadelphia chromosome–positive chronic myeloid leukemia: Reimbursement Review
1856,2,Medical Sciences,4,"""cancer"" +3; ""therapeutic"" (generic) +1",NBK622525,2026,Canadian Agency for Drugs and Technologies in Health,Atezolizumab (Tecentriq): Therapeutic area: Metastatic non–small cell lung cancer: Reimbursement Review
1857,2,Medical Sciences,4,"""carcinoma"" +3; ""therapeutic"" (generic) +1",NBK622526,2026,Canadian Agency for Drugs and Technologies in Health,Toripalimab (Loqtorzi): Therapeutic area: Nasopharyngeal carcinoma: Reimbursement Review
1858,2,Medical Sciences,4,"""lymphoma"" +3; ""therapeutic"" (generic) +1",NBK622590,2026,Canadian Agency for Drugs and Technologies in Health,Glofitamab (Columvi): Therapeutic area: Relapsed or refractory diffuse large B-cell lymphoma: Reimbursement Review
1859,2,Medical Sciences,4,"""cancer"" +3; ""therapeutic"" (generic) +1",NBK622592,2026,Canadian Agency for Drugs and Technologies in Health,Nivolumab and Ipilimumab (Opdivo and Yervoy): Therapeutic area: Unresectable or metastatic MSI-H or dMMR colorectal cancer: Reimbursement Review
1860,2,Medical Sciences,4,"""leukemia"" +3; ""therapeutic"" (generic) +1",NBK622598,2026,Canadian Agency for Drugs and Technologies in Health,Blinatumomab: Therapeutic area: Philadelphia chromosome–positive acute lymphoblastic leukemia: Reimbursement Review
1861,2,Medical Sciences,4,"""leukemia"" +3; ""therapeutic"" (generic) +1",NBK622599,2026,Canadian Agency for Drugs and Technologies in Health,Acalabrutinib (Calquence): Therapeutic area: Previously untreated chronic lymphocytic leukemia: Reimbursement Review
1862,2,Medical Sciences,4,"""cancer"" +3; ""therapeutic"" (generic) +1",NBK622601,2026,Canadian Agency for Drugs and Technologies in Health,Encorafenib (Braftovi): Therapeutic area: Metastatic colorectal cancer with a BRAF V600E mutation: Reimbursement Review
1863,2,Medical Sciences,4,"""cancer"" +3; ""therapeutic"" (generic) +1",NBK622603,2026,Canadian Agency for Drugs and Technologies in Health,Trastuzumab Deruxtecan (Enhertu): Therapeutic area: HER2-low or HER2-ultralow breast cancer: Reimbursement Review
1864,2,Medical Sciences,4,"""cancer"" +3; ""therapeutic"" (generic) +1",NBK622604,2026,Canadian Agency for Drugs and Technologies in Health,Durvalumab (Imfinzi): Therapeutic area: Muscle invasive bladder cancer: Reimbursement Review
1865,2,Medical Sciences,4,"""cancer"" +3; ""therapeutic"" (generic) +1",NBK622607,2026,Canadian Agency for Drugs and Technologies in Health,Inavolisib (Itovebi): Therapeutic area: Advanced or metastatic breast cancer: Reimbursement Review
1866,2,Medical Sciences,4,"""cancer"" +3; ""treatment"" (generic) +1",NBK622616,2026,World Health Organization,WHO guideline for screening and treatment of cervical pre-cancer lesions for cervical cancer prevention: use of human papillomavirus (HPV) DNA genotyping
1867,2,Medical Sciences,4,"""lymphoma"" +3; ""therapeutic"" (generic) +1",NBK622633,2026,Canadian Agency for Drugs and Technologies in Health,Venetoclax (Venclexta): Therapeutic area: Mantle cell lymphoma (MCL): Reimbursement Review
1868,2,Medical Sciences,4,"""psychiatric"" +3; ""care"" (generic) +1",NBK622655,2026,National Institute for Health and Care Research,"Effectiveness of intensive community care services for adolescents with acute psychiatric emergencies: findings from a feasibility multi-centre, parallel-group, single-blinded RCT"
1869,2,Medical Sciences,4,"""leukemia"" +3; ""therapeutic"" (generic) +1",NBK623186,2026,Canadian Agency for Drugs and Technologies in Health,Asciminib (Scemblix): Therapeutic area: Philadelphia chromosome–positive chronic myeloid leukemia: Reimbursement Review
1870,2,Medical Sciences,4,"""hepatitis"" +3; ""therapeutic"" (generic) +1",NBK623200,2026,Canadian Agency for Drugs and Technologies in Health,Bulevirtide (Hepcludex): Therapeutic area: Chronic hepatitis delta virus (HDV) infection: Reimbursement Review
1871,2,Medical Sciences,4,"""oncology"" +3; ""care"" (generic) +1",NBK623356,2026,National Institute for Health and Care Research,A realist synthesis of integrated palliative care and oncology: Synopsis
1872,2,Medical Sciences,4,"""hepatitis"" +3; ""patients"" (generic) +1",NBK623467,2020,Patient-Centered Outcomes Research Institute (PCORI),Testing a Program to Help Monitor Chronic Hepatitis B among Asian-American Patients
1873,2,Medical Sciences,4,"""cancer"" +3; ""patients"" (generic) +1",NBK623470,2024,Patient-Centered Outcomes Research Institute (PCORI),Comparing Acupuncture and Massage to Treat Pain in Patients with Advanced Cancer—The IMPACT Study
1874,2,Medical Sciences,4,"""clinical trial"" +3; ""clinical"" (generic) +1",NBK623516,2026,National Institute for Health and Care Research,"Evaluating the effectiveness of simvastatin in slowing the progression of disability in secondary progressive multiple sclerosis: a synopsis of MS-STAT2, a multicentre, randomised controlled, double-blind, phase 3 clinical trial"
1875,2,Medical Sciences,4,"""cancer"" +3; ""care"" (generic) +1",NBK623559,2026,Springer,Cancer Care in the Post-COVID World: A UK and European Perspective on Learning from the Pandemic
1876,2,Medical Sciences,4,"""cancer"" +3; ""treatment"" (generic) +1",NBK623572,2020,Patient-Centered Outcomes Research Institute (PCORI),Comparing the Effects of How Often Men Have PSA Testing in the First Year after Prostate Cancer Treatment
1877,2,Medical Sciences,4,"""carcinoma"" +3; ""therapeutic"" (generic) +1",NBK623697,2026,Canadian Agency for Drugs and Technologies in Health,Toripalimab (Loqtorzi): Therapeutic area: Recurrent or metastatic nasopharyngeal carcinoma: Reimbursement Review
1878,2,Medical Sciences,4,"""cancer"" +3; ""therapeutic"" (generic) +1",NBK623700,2026,Canadian Agency for Drugs and Technologies in Health,Durvalumab (Imfinzi): Therapeutic area: Resectable non–small cell lung cancer: Reimbursement Review
1879,2,Medical Sciences,4,"""surgery"" +3; ""patients"" (generic) +1",NBK623729,2024,Patient-Centered Outcomes Research Institute (PCORI),Comparing Two Antiseptic Skin Solutions to Prevent Infection in Patients Undergoing Surgery to Treat Fractures: The PREPARE Trials
1880,2,Medical Sciences,4,"""cardiovascular"" +3; ""disease"" (generic) +1",NBK624203,2026,Canadian Agency for Drugs and Technologies in Health,Bempedoic Acid (Nilemdo): Indication: Primary hyperlipidemia and cardiovascular disease: Reimbursement Recommendation
1881,2,Medical Sciences,4,"""cancer"" +3; ""therapeutic"" (generic) +1",NBK624207,2026,Canadian Agency for Drugs and Technologies in Health,Lurbinectedin (Zepzelca): Therapeutic area: Metastatic small cell lung cancer: Reimbursement Review
1882,2,Medical Sciences,4,"""diabetes"" +3; ""treatment"" (generic) +1",NBK624267,2026,National Institute for Health and Care Research,Scalable behavioural weight management programmes for the prevention and treatment of type 2 diabetes: research programme including three RCTs
1883,2,Medical Sciences,4,"""surgical"" +3; ""patients"" (generic) +1",NBK624437,2026,National Institute for Health and Care Research,Decompressive craniectomy versus craniotomy for patients undergoing surgical evacuation of an acute subdural hematoma: RESCUE-ASDH RCT and cost effectiveness
1884,2,Medical Sciences,4,"""leukemia"" +3; ""disease"" (generic) +1",NBK624885,2026,Canadian Agency for Drugs and Technologies in Health,Gilteritinib (Xospata): Indication: For post-transplant maintenance for measurable residual disease positive FLT3-ITD mutated acute myeloid leukemia: Reimbursement Recommendation
1885,2,Medical Sciences,4,"""lymphoma"" +3; ""therapeutic"" (generic) +1",NBK624931,2026,Canadian Agency for Drugs and Technologies in Health,Mosunetuzumab IV (Lunsumio) and Mosunetuzumab SC (Lunsumio SC): Therapeutic area: Relapsed or refractory follicular lymphoma: Reimbursement Review
1886,2,Medical Sciences,4,"""pediatric"" +3; ""care"" (generic) +1",NBK625089,2021,Agency for Healthcare Research and Quality (US),Improving ADHD Behavioral Care Quality in Community-Based Pediatric Settings
1887,2,Medical Sciences,4,"""pediatric"" +3; ""care"" (generic) +1",NBK625215,2021,Agency for Healthcare Research and Quality (US),Care Transitions and Teamwork in Pediatric Trauma: Implications for HIT Design
1888,2,Medical Sciences,4,"""diabetes"" +3; ""patient"" (generic) +1",NBK625260,2024,Agency for Healthcare Research and Quality (US),i-Matter: Investigating an mHealth texting tool for embedding patient-reported data into diabetes management: Final Progress Report: AHRQ R01 Project
1889,2,Bio Technology,3,"""gene expression"" +3",NBK38448,2008,Agency for Healthcare Research and Quality (US),Impact of Gene Expression Profiling Tests on Breast Cancer Outcomes
1890,2,Bio Technology,3,"""recombinant"" +3",NBK61941,2010,Agency for Healthcare Research and Quality (US),Effectiveness of Recombinant Human Growth Hormone (rhGH) in the Treatment of Patients With Cystic Fibrosis
1891,2,Bio Technology,3,"""recombinant"" +3",NBK98697,2010,Agency for Healthcare Research and Quality (US),Comparative Effectiveness of In-Hospital Use of Recombinant Factor VIIa for Off-Label Indications vs. Usual Care
1892,2,Bio Technology,3,"""gene expression"" +3",NBK115808,2012,Agency for Healthcare Research and Quality (US),Gene Expression Profiling for Predicting Outcomes in Stage II Colon Cancer
1893,2,Bio Technology,3,"""gene expression"" +3",NBK261098,2013,National Institute for Health and Care Research,Gene expression profiling and expanded immunohistochemistry tests to guide the use of adjuvant chemotherapy in breast cancer management: a systematic review and cost-effectiveness analysis
1894,2,Bio Technology,3,"""gene therapy"" +3",NBK373650,2016,National Institute for Health and Care Research,"A randomised, double-blind, placebo-controlled trial of repeated nebulisation of non-viral cystic fibrosis transmembrane conductance regulator (CFTR) gene therapy in patients with cystic fibrosis"
1895,2,Bio Technology,3,"""gene expression"" +3",NBK545134,2019,Canadian Agency for Drugs and Technologies in Health,Gene Expression Profiling Tests for Breast Cancer: A Rapid Qualitative Review
1896,2,Bio Technology,3,"""recombinant"" +3",NBK583269,2021,Canadian Agency for Drugs and Technologies in Health,"Pharmacoeconomic Review Report: von Willebrand Factor (Recombinant) (Vonvendi): (Shire Pharma Canada ULC, now part of Takeda Canada Inc.): Indication: For the treatment and control of bleeding episodes in adults diagnosed with von Willebrand diseas"
1897,2,Bio Technology,3,"""recombinant"" +3",NBK583275,2021,Canadian Agency for Drugs and Technologies in Health,"Pharmacoeconomic Review Report: von Willebrand Factor (Recombinant) (Vonvendi) (Shire Pharma Canada ULC, now part of Takeda Canada Inc.): Indication: For the treatment and control of bleeding episodes in adults diagnosed with von Willebrand disease (aged ≥ 18), and perioperative management of bleeding in adults diagnosed with von Willebrand disease (aged ≥ 18)"
1898,2,Bio Technology,3,"""recombinant"" +3",NBK583292,2021,Canadian Agency for Drugs and Technologies in Health,"Clinical Review Report: von Willebrand Factor (Recombinant) (Vonvendi) (Shire Pharma Canada ULC, now part of Takeda Canada Inc.): Indication: For the treatment and control of bleeding episodes in adults diagnosed with von Willebrand disease (aged ≥ 18), and perioperative management of bleeding in adults diagnosed with von Willebrand disease (aged ≥ 18)"
1899,2,Bio Technology,3,"""transgenic"" +3",NBK588733,2022,CAB International,Transgenic Insects. 2nd edition
1900,2,Bio Technology,3,"""recombinant"" +3",NBK603401,2022,Canadian Agency for Drugs and Technologies in Health,Normal Immunoglobulin (Human) 10% and Recombinant Human Hyaluronidase (HyQvia): CADTH Reimbursement Review: Therapeutic area: Humoral immunodeficiency
1901,2,Bio Technology,3,"""recombinant"" +3",NBK603596,2022,Canadian Agency for Drugs and Technologies in Health,Normal Immunoglobulin (Human) 10% and Recombinant Human Hyaluronidase (HyQvia): CADTH Reimbursement Recommendation: Indication: As replacement therapy for primary humoral immunodeficiency and secondary humoral immunodeficiency in adult patients
1902,2,Bio Technology,3,"""monoclonal"" +3",NBK604440,2024,Canadian Agency for Drugs and Technologies in Health,"Teclistamab (Tecvayli): CADTH Reimbursement Recommendation: Indication: For the treatment of adult patients with relapsed or refractory multiple myeloma who have received at least 3 prior lines of therapy, including a proteasome inhibitor, an immunomodulatory agent, and an anti-CD38 monoclonal antibody, and who have demonstrated disease progression on the last therapy"
1903,2,Bio Technology,3,"""monoclonal"" +3",NBK605555,2024,Canadian Agency for Drugs and Technologies in Health,"Elranatamab (Elrexfio): CADTH Reimbursement Recommendation: Indication: For the treatment of adult patients with relapsed or refractory multiple myeloma who have received at least 3 prior lines of therapy including a proteasome inhibitor, an immunomodulatory agent, and an anti-CD38 monoclonal antibody, and who have demonstrated disease progression on the last therapy"
1904,2,Bio Technology,3,"""monoclonal"" +3",NBK613793,2025,Canadian Agency for Drugs and Technologies in Health,"Talquetamab (Talvey): Indication: For the treatment of adult patients with relapsed or refractory multiple myeloma who have received at least three prior lines of therapy, including a proteasome inhibitor, an immunomodulatory agent and an anti-CD38 monoclonal antibody, and have demonstrated disease progression on or after the last therapy: Reimbursement Recommendation"
1905,2,Medical Sciences,3,"""diabetes"" +3",NBK1667,2004,National Center for Biotechnology Information (US),The Genetic Landscape of Diabetes
1906,2,Medical Sciences,3,"""hypertension"" +3",NBK33137,2000,Agency for Healthcare Research and Quality (US),Management of Chronic Hypertension During Pregnancy
1907,2,Medical Sciences,3,"""cancer"" +3",NBK33359,2001,Agency for Healthcare Research and Quality (US),The Efficacy of Interventions to Modify Dietary Behavior Related to Cancer Risk
1908,2,Medical Sciences,3,"""cancer"" +3",NBK33464,2007,Agency for Healthcare Research and Quality (US),Use of Aspirin and NSAIDs to Prevent Colorectal Cancer
1909,2,Medical Sciences,3,"""cardiac"" +3",NBK33519,2001,Agency for Healthcare Research and Quality (US),Evaluation of Technologies for Identifying Acute Cardiac Ischemia in Emergency Departments
1910,2,Medical Sciences,3,"""oncology"" +3",NBK33589,2001,Agency for Healthcare Research and Quality (US),Uses of Epoetin for Anemia in Oncology
1911,2,Medical Sciences,3,"""cancer"" +3",NBK33664,2001,Agency for Healthcare Research and Quality (US),Management of Cancer Pain
1912,2,Medical Sciences,3,"""diabetes"" +3",NBK33787,2001,Agency for Healthcare Research and Quality (US),Ayurvedic Interventions for Diabetes Mellitus: A Systematic Review
1913,2,Medical Sciences,3,"""asthma"" +3",NBK33814,2001,Agency for Healthcare Research and Quality (US),Management of Chronic Asthma
1914,2,Medical Sciences,3,"""cancer"" +3",NBK33857,2002,Agency for Healthcare Research and Quality (US),Impact of Cancer-Related Decision Aids
1915,2,Medical Sciences,3,"""stroke"" +3",NBK33912,2002,Agency for Healthcare Research and Quality (US),Effectiveness and Cost-Effectiveness of Echocardiography and Carotid Imaging in the Management of Stroke
1916,2,Medical Sciences,3,"""diabetes"" +3",NBK33981,2008,Agency for Healthcare Research and Quality (US),Screening for Type 2 Diabetes Mellitus: Update of 2003 Systematic Evidence Review for the U.S. Preventive Services Task Force
1917,2,Medical Sciences,3,"""cancer"" +3",NBK34013,2009,Agency for Healthcare Research and Quality (US),"Evaluating Test Strategies for Colorectal Cancer Screening—Age to Begin, Age to Stop, and Timing of Screening Intervals: A Decision Analysis of Colorectal Cancer Screening for the U.S. Preventive Services Task Force from the Cancer Intervention and Surveillance Modeling Network (CISNET)"
1918,2,Medical Sciences,3,"""cancer"" +3",NBK34051,2009,Agency for Healthcare Research and Quality (US),Screening for Skin Cancer: An Update of the Evidence for the U.S. Preventive Services Task Force
1919,2,Medical Sciences,3,"""cancer"" +3",NBK35179,2008,Agency for Healthcare Research and Quality (US),Screening for Colorectal Cancer: An Updated Systematic Review
1920,2,Medical Sciences,3,"""cardiovascular"" +3",NBK35203,2009,Agency for Healthcare Research and Quality (US),Aspirin for the Primary Prevention of Cardiovascular Events: An Update of the Evidence for the U.S. Preventive Services Task Force
1921,2,Medical Sciences,3,"""cancer"" +3",NBK36392,2009,Agency for Healthcare Research and Quality (US),Screening for Breast Cancer: Systematic Evidence Review Update for the US Preventive Services Task Force
1922,2,Medical Sciences,3,"""hepatitis"" +3",NBK36665,2002,Agency for Healthcare Research and Quality (US),Management of Chronic Hepatitis C
1923,2,Medical Sciences,3,"""cancer"" +3",NBK36676,2002,Agency for Healthcare Research and Quality (US),"Management of Cancer Symptoms: Pain, Depression, and Fatigue"
1924,2,Medical Sciences,3,"""neonatal"" +3",NBK36709,2003,Agency for Healthcare Research and Quality (US),Management of Neonatal Hyperbilirubinemia
1925,2,Medical Sciences,3,"""cancer"" +3",NBK36992,2003,Agency for Healthcare Research and Quality (US),Diffusion and Dissemination of Evidence-based Cancer Control Interventions
1926,2,Medical Sciences,3,"""diabetes"" +3",NBK37080,2003,Agency for Healthcare Research and Quality (US),Use of Glycated Hemoglobin and Microalbuminuria in the Monitoring of Diabetes Mellitus
1927,2,Medical Sciences,3,"""cancer"" +3",NBK37626,2005,Agency for Healthcare Research and Quality (US),Effects of Omega-3 Fatty Acids on Cancer
1928,2,Medical Sciences,3,"""pediatric"" +3",NBK38110,2006,Agency for Healthcare Research and Quality (US),Pediatric Anthrax: Implications for Bioterrorism Preparedness
1929,2,Medical Sciences,3,"""cancer"" +3",NBK38159,2006,Agency for Healthcare Research and Quality (US),Management of Small Cell Lung Cancer
1930,2,Medical Sciences,3,"""surgical"" +3",NBK38176,2006,Agency for Healthcare Research and Quality (US),Comparison of Endovascular and Open Surgical Repairs for Abdominal Aortic Aneurysm
1931,2,Medical Sciences,3,"""cancer"" +3",NBK38216,2006,Agency for Healthcare Research and Quality (US),Genomic Tests for Ovarian Cancer Detection and Management
1932,2,Medical Sciences,3,"""diabetes"" +3",NBK38526,2008,Agency for Healthcare Research and Quality (US),Diabetes Education for Children With Type 1 Diabetes Mellitus and Their Families
1933,2,Medical Sciences,3,"""surgery"" +3",NBK38559,2008,Agency for Healthcare Research and Quality (US),Bariatric Surgery in Women of Reproductive Age: Special Concerns for Pregnancy
1934,2,Medical Sciences,3,"""neonatal"" +3",NBK38683,2009,Agency for Healthcare Research and Quality (US),Maternal and Neonatal Outcomes of Elective Induction of Labor
1935,2,Medical Sciences,3,"""hepatitis"" +3",NBK38701,2008,Agency for Healthcare Research and Quality (US),Management of Chronic Hepatitis B
1936,2,Medical Sciences,3,"""cancer"" +3",NBK42584,2002,Agency for Healthcare Research and Quality (US),Chemoprevention of Breast Cancer
1937,2,Medical Sciences,3,"""cancer"" +3",NBK42629,2002,Agency for Healthcare Research and Quality (US),Screening for Colorectal Cancer in Adults
1938,2,Medical Sciences,3,"""cancer"" +3",NBK42669,2001,Agency for Healthcare Research and Quality (US),Screening for Skin Cancer
1939,2,Medical Sciences,3,"""cancer"" +3",NBK42732,2002,Agency for Healthcare Research and Quality (US),Screening for Prostate Cancer
1940,2,Medical Sciences,3,"""cancer"" +3",NBK42742,2002,Agency for Healthcare Research and Quality (US),Screening for Breast Cancer
1941,2,Medical Sciences,3,"""diabetes"" +3",NBK42823,2003,Agency for Healthcare Research and Quality (US),Screening for Gestational Diabetes Mellitus
1942,2,Medical Sciences,3,"""cancer"" +3",NBK42831,2002,Agency for Healthcare Research and Quality (US),Screening for Cervical Cancer
1943,2,Medical Sciences,3,"""cancer"" +3",NBK42872,2004,Agency for Healthcare Research and Quality (US),Lung Cancer Screening: An Update for the U.S. Preventive Services Task Force
1944,2,Medical Sciences,3,"""diabetes"" +3",NBK42917,2003,Agency for Healthcare Research and Quality (US),Screening for Type 2 Diabetes Mellitus
1945,2,Medical Sciences,3,"""hypertension"" +3",NBK43073,2007,Agency for Healthcare Research and Quality (US),Comparative Effectiveness of Angiotensin-Converting Enzyme Inhibitors (ACEIs) and Angiotensin II Receptor Antagonists (ARBs) for Treating Essential Hypertension
1946,2,Medical Sciences,3,"""diabetes"" +3",NBK43174,2008,Agency for Healthcare Research and Quality (US),"Comparative Effectiveness, Safety, and Indications of Insulin Analogues in Premixed Formulations for Adults With Type 2 Diabetes"
1947,2,Medical Sciences,3,"""hepatitis"" +3",NBK43248,2004,Agency for Healthcare Research and Quality (US),Screening for Hepatitis C Virus Infection
1948,2,Medical Sciences,3,"""cancer"" +3",NBK43308,2005,Agency for Healthcare Research and Quality (US),Genetic Risk Assessment and BRCA Mutation Testing for Breast and Ovarian Cancer Susceptibility
1949,2,Medical Sciences,3,"""diabetes"" +3",NBK43368,2008,Agency for Healthcare Research and Quality (US),Screening for Gestational Diabetes Mellitus
1950,2,Medical Sciences,3,"""cancer"" +3",NBK43401,2008,Agency for Healthcare Research and Quality (US),Benefits and Harms of Prostate-Specific Antigen Screening for Prostate Cancer: An Evidence Update for the U.S. Preventive Services Task Force
1951,2,Medical Sciences,3,"""cancer"" +3",NBK43812,1998,Agency for Healthcare Research and Quality (US),Colorectal Cancer Screening
1952,2,Medical Sciences,3,"""asthma"" +3",NBK44508,2010,Agency for Healthcare Research and Quality (US),Exercise-Induced Bronchoconstriction and Asthma
1953,2,Medical Sciences,3,"""cancer"" +3",NBK44526,2010,Agency for Healthcare Research and Quality (US),Enhancing the Use and Quality of Colorectal Cancer Screening
1954,2,Medical Sciences,3,"""cancer"" +3",NBK45242,2010,Agency for Healthcare Research and Quality (US),Comparative Effectiveness and Safety of Radiotherapy Treatments for Head and Neck Cancer
1955,2,Medical Sciences,3,"""cancer"" +3",NBK47510,2010,Agency for Healthcare Research and Quality (US),Screening Adults for Bladder Cancer: Update of the 2004 Evidence Review for the US Preventive Services Task Force
1956,2,Medical Sciences,3,"""epilepsies"" +3",NBK50785,2012,National Center for Biotechnology Information (US),Jasper's Basic Mechanisms of the Epilepsies. 4th edition
1957,2,Medical Sciences,3,"""cancer"" +3",NBK51261,2010,Agency for Healthcare Research and Quality (US),Future Research Needs To Reduce the Risk of Primary Breast Cancer in Women: Identification of Future Research Needs from Comparative Effectiveness Review No. 17
1958,2,Medical Sciences,3,"""diabetes"" +3",NBK51282,2010,Agency for Healthcare Research and Quality (US),Future Research Needs for the Management of Gestational Diabetes
1959,2,Medical Sciences,3,"""cancer"" +3",NBK51323,2010,Agency for Healthcare Research and Quality (US),Future Research Needs for Comparative Effectiveness of Treatments of Localized Prostate Cancer: Identification of Future Research Needs from Comparative Effectiveness Review No. 13
1960,2,Medical Sciences,3,"""cancer"" +3",NBK52307,1994,Agency for Healthcare Research and Quality (US),Management of Cancer Pain
1961,2,Medical Sciences,3,"""cancer"" +3",NBK53508,2011,Agency for Healthcare Research and Quality (US),Behavioral Counseling to Prevent Skin Cancer: Systematic Evidence Review to Update the 2003 U.S. Preventive Services Task Force Recommendation
1962,2,Medical Sciences,3,"""surgical"" +3",NBK54520,2011,Agency for Healthcare Research and Quality (US),Maternal-Fetal Surgical Procedures
1963,2,Medical Sciences,3,"""hypertension"" +3",NBK61789,2011,Agency for Healthcare Research and Quality (US),"Angiotensin-Converting Enzyme Inhibitors (ACEIs), Angiotensin II Receptor Antagonists (ARBs), and Direct Renin Inhibitors for Treating Essential Hypertension: An Update"
1964,2,Medical Sciences,3,"""cancer"" +3",NBK66099,2011,Agency for Healthcare Research and Quality (US),Screening for Cervical Cancer: A Systematic Evidence Review for the U.S. Preventive Services Task Force
1965,2,Medical Sciences,3,"""cancer"" +3",NBK82221,2002,National Cancer Institute (US),PDQ Cancer Information Summaries
1966,2,Medical Sciences,3,"""cancer"" +3",NBK82303,2011,Agency for Healthcare Research and Quality (US),Prostate-Specific Antigen-Based Screening for Prostate Cancer: An Evidence Update for the U.S. Preventive Services Task Force
1967,2,Medical Sciences,3,"""cancer"" +3",NBK82315,2011,Agency for Healthcare Research and Quality (US),Treatments for Localized Prostate Cancer: Systematic Review to Update the 2002 U.S. Preventive Services Task Force Recommendation
1968,2,Medical Sciences,3,"""cancer"" +3",NBK83054,2011,Agency for Healthcare Research and Quality (US),An Evidence Review of Active Surveillance in Men With Localized Prostate Cancer
1969,2,Medical Sciences,3,"""pediatric"" +3",NBK84482,2012,Agency for Healthcare Research and Quality (US),Future Research Needs for Hematopoietic Stem-Cell Transplantation in the Pediatric Population: Identification of Future Research Needs From Comparative Effectiveness Review No. 48
1970,2,Medical Sciences,3,"""pediatric"" +3",NBK84626,2012,Agency for Healthcare Research and Quality (US),Hematopoietic Stem-Cell Transplantation in the Pediatric Population
1971,2,Medical Sciences,3,"""hypertension"" +3",NBK84673,2012,Agency for Healthcare Research and Quality (US),"Future Research Needs for Angiotensin-Converting Enzyme Inhibitors (ACEIs), Angiotensin II Receptor Antagonists (ARBs), or Direct Renin Inhibitors (DRIs) for Treating Hypertension: Identification of Future Research Needs From Comparative Effectiveness Review No. 34"
1972,2,Medical Sciences,3,"""cancer"" +3",NBK91369,2012,Agency for Healthcare Research and Quality (US),Fecal DNA Testing in Screening for Colorectal Cancer in Average-Risk Adults
1973,2,Medical Sciences,3,"""surgery"" +3",NBK92319,2012,Agency for Healthcare Research and Quality (US),Venous Thromboembolism Prophylaxis in Orthopedic Surgery
1974,2,Medical Sciences,3,"""cancer"" +3",NBK92546,2011,Agency for Healthcare Research and Quality (US),Screening for Cervical Cancer: A Decision Analysis for the U.S. Preventive Services Task Force
1975,2,Medical Sciences,3,"""cardiovascular"" +3",NBK97368,2012,Agency for Healthcare Research and Quality (US),Dietary Supplements in Adults Taking Cardiovascular Drugs
1976,2,Medical Sciences,3,"""sepsis"" +3",NBK97451,2012,National Institute for Health and Care Research,"An Evaluation of the Feasibility, Cost and Value of Information of a Multicentre Randomised Controlled Trial of Intravenous Immunoglobulin for Sepsis (Severe Sepsis and Septic Shock): Incorporating a Systematic Review, Meta-Analysis and Value of Information Analysis"
1977,2,Medical Sciences,3,"""diabetes"" +3",NBK98685,2012,National Institute for Health and Care Research,Screening for Cystic Fibrosis-Related Diabetes: A Systematic Review
1978,2,Medical Sciences,3,"""leukaemia"" +3",NBK98839,2012,National Institute for Health and Care Research,Dasatinib and Nilotinib for Imatinib-Resistant or -Intolerant Chronic Myeloid Leukaemia: A Systematic Review and Economic Evaluation
1979,2,Medical Sciences,3,"""cancer"" +3",NBK99070,2012,Agency for Healthcare Research and Quality (US),Multigene Panels in Prostate Cancer Risk Assessment
1980,2,Medical Sciences,3,"""cancer"" +3",NBK99944,2011,National Institute for Health and Care Research,The Value of FDG Positron Emission Tomography/Computerised Tomography (PET/CT) in Pre-Operative Staging of Colorectal Cancer: A Systematic Review and Economic Evaluation
1981,2,Medical Sciences,3,"""hypertension"" +3",NBK100061,2012,National Institute for Health and Care Research,Surveillance for Ocular Hypertension: An Evidence Synthesis and Economic Evaluation
1982,2,Medical Sciences,3,"""surgical"" +3",NBK100633,2012,Agency for Healthcare Research and Quality (US),Surgical Options for Inguinal Hernia: Comparative Effectiveness Review
1983,2,Medical Sciences,3,"""cancer"" +3",NBK109179,2011,National Institute for Health and Care Research,Positron Emission Tomography (PET) and Magnetic Resonance Imaging (MRI) for the Assessment of Axillary Lymph Node Metastases in Early Breast Cancer: Systematic Review and Economic Evaluation
1984,2,Medical Sciences,3,"""diabetes"" +3",NBK109429,2012,National Institute for Health and Care Research,Non-Pharmacological Interventions to Reduce the Risk of Diabetes in People with Impaired Glucose Regulation: A Systematic Review and Economic Evaluation
1985,2,Medical Sciences,3,"""hiv"" +3",NBK114872,2012,Agency for Healthcare Research and Quality (US),Screening for HIV: Systematic Review to Update the U.S. Preventive Services Task Force Recommendation
1986,2,Medical Sciences,3,"""hiv"" +3",NBK114880,2012,Agency for Healthcare Research and Quality (US),Screening for HIV in Pregnant Women: Systematic Review to Update the U.S. Preventive Services Task Force Recommendation
1987,2,Medical Sciences,3,"""diabetes"" +3",NBK114893,2012,Department of Veterans Affairs (US),Predictors and Consequences of Severe Hypoglycemia in Adults with Diabetes - A Systematic Review of the Evidence
1988,2,Medical Sciences,3,"""hepatitis"" +3",NBK115423,2012,Agency for Healthcare Research and Quality (US),Screening for Hepatitis C Virus Infection in Adults
1989,2,Medical Sciences,3,"""stroke"" +3",NBK127507,2012,National Institute for Health and Care Research,Systematic Review of Head Cooling in Adults After Traumatic Brain Injury and Stroke
1990,2,Medical Sciences,3,"""cardiovascular"" +3",NBK138237,2013,Agency for Healthcare Research and Quality (US),Interventions To Improve Cardiovascular Risk Factors in People With Serious Mental Illness
1991,2,Medical Sciences,3,"""cancer"" +3",NBK148769,2013,Agency for Healthcare Research and Quality (US),Oral Contraceptive Use for the Primary Prevention of Ovarian Cancer
1992,2,Medical Sciences,3,"""cancer"" +3",NBK154610,2013,Agency for Healthcare Research and Quality (US),Screening for Lung Cancer: Systematic Review to Update the U.S. Preventive Services Task Force Recommendation
1993,2,Medical Sciences,3,"""stroke"" +3",NBK159054,2013,Agency for Healthcare Research and Quality (US),Stroke Prevention in Atrial Fibrillation
1994,2,Medical Sciences,3,"""cardiovascular"" +3",NBK179079,2013,Agency for Healthcare Research and Quality (US),Evaluation of the Benefits and Harms of Aspirin for Primary Prevention of Cardiovascular Events: A Comparison of Quantitative Approaches
1995,2,Medical Sciences,3,"""cancer"" +3",NBK179201,2013,Agency for Healthcare Research and Quality (US),"Risk Assessment, Genetic Counseling, and Genetic Testing for BRCA-Related Cancer: Systematic Review to Update the U.S. Preventive Services Task Force Recommendation"
1996,2,Medical Sciences,3,"""surgery"" +3",NBK185089,2013,Department of Veterans Affairs (US),Benefits and Harms of Femtosecond Laser Assisted Cataract Surgery: A Systematic Review
1997,2,Medical Sciences,3,"""cancer"" +3",NBK195817,2013,Canadian Agency for Drugs and Technologies in Health,Prostate Cancer Screening: A Review of the Guidelines
1998,2,Medical Sciences,3,"""surgery"" +3",NBK207401,2014,Agency for Healthcare Research and Quality (US),Oral Mechanical Bowel Preparation for Colorectal Surgery
1999,2,Medical Sciences,3,"""hepatitis"" +3",NBK208504,2014,Agency for Healthcare Research and Quality (US),Screening for Hepatitis B Virus Infection in Nonpregnant Adolescents and Adults: Systematic Review to Update the 2004 U.S. Preventive Services Task Force Recommendation
2000,2,Medical Sciences,3,"""cancer"" +3",NBK247172,2014,Office of the Surgeon General (US),The Surgeon General's Call to Action to Prevent Skin Cancer
2001,2,Medical Sciences,3,"""cancer"" +3",NBK248261,2014,Agency for Healthcare Research and Quality (US),Imaging Tests for the Staging of Colorectal Cancer
2002,2,Medical Sciences,3,"""cardiac"" +3",NBK248310,2013,Agency for Healthcare Research and Quality (US),Assessment on Implantable Defibrillators and the Evidence for Primary Prevention of Sudden Cardiac Death
2003,2,Medical Sciences,3,"""cancer"" +3",NBK253499,2010,Agency for Healthcare Research and Quality (US),Comparative Evaluation of Radiation Treatments for Clinically Localized Prostate Cancer: an Update
2004,2,Medical Sciences,3,"""surgical"" +3",NBK254104,2014,Canadian Agency for Drugs and Technologies in Health,Techniques and Products for Surgical Hand Antisepsis: A Review of Guidelines
2005,2,Medical Sciences,3,"""cardiovascular"" +3",NBK254169,2008,Agency for Healthcare Research and Quality (US),Low Density Lipoprotein Subfractions: Systematic Review of Measurement Methods and Association with Cardiovascular Outcomes
2006,2,Medical Sciences,3,"""surgery"" +3",NBK258861,2006,Agency for Healthcare Research and Quality (US),Horizon Scan on Hip Replacement Surgery
2007,2,Medical Sciences,3,"""stroke"" +3",NBK259289,2014,National Institute for Health and Care Research,"Imaging perfusion deficits, arterial patency and thrombolysis safety and efficacy in acute ischaemic stroke. An observational study of the effect of advanced imaging methods in The Third International Stroke Trial (IST-3), a randomised controlled trial"
2008,2,Medical Sciences,3,"""surgical"" +3",NBK259567,2014,National Institute for Health and Care Research,Variations in outcome and costs among NHS providers for common surgical procedures: econometric analyses of routinely collected data
2009,2,Medical Sciences,3,"""asthma"" +3",NBK260076,2014,National Institute for Health and Care Research,"The use of a collaborative structured methodology for the development of a multifaceted intervention programme for the management of asthma (the MIA project), tailored to the needs of children and families of South Asian origin: a community-based, participatory study"
2010,2,Medical Sciences,3,"""cancer"" +3",NBK260408,2013,National Institute for Health and Care Research,Evaluation of mammographic surveillance services in women aged 40–49 years with a moderate family history of breast cancer: a single-arm cohort study
2011,2,Medical Sciences,3,"""cancer"" +3",NBK260428,2013,National Institute for Health and Care Research,"Positron emission tomography/computerised tomography imaging in detecting and managing recurrent cervical cancer: systematic review of evidence, elicitation of subjective probabilities and economic modelling"
2012,2,Medical Sciences,3,"""diabetes"" +3",NBK260923,2013,National Institute for Health and Care Research,Screening for type 2 diabetes: a short report for the National Screening Committee
2013,2,Medical Sciences,3,"""tuberculosis"" +3",NBK260967,2013,National Institute for Health and Care Research,Systematic review and meta-analysis of the current evidence on the duration of protection by bacillus Calmette–Guérin vaccination against tuberculosis
2014,2,Medical Sciences,3,"""cancer"" +3",NBK260998,2013,National Institute for Health and Care Research,Cancer of Oesophagus or Gastricus – New Assessment of Technology of Endosonography (COGNATE): report of pragmatic randomised trial
2015,2,Medical Sciences,3,"""asthma"" +3",NBK261134,2013,National Institute for Health and Care Research,"MAGNEsium Trial In Children (MAGNETIC): a randomised, placebo-controlled trial and economic evaluation of nebulised magnesium sulphate in acute severe asthma in children"
2016,2,Medical Sciences,3,"""cancer"" +3",NBK261420,2013,National Institute for Health and Care Research,Sentinel lymph node status in vulval cancer: systematic reviews of test accuracy and decision-analytic model-based economic evaluation
2017,2,Medical Sciences,3,"""stroke"" +3",NBK261721,2014,National Institute for Health and Care Research,Routine echocardiography in the management of stroke and transient ischaemic attack: a systematic review and economic evaluation
2018,2,Medical Sciences,3,"""diabetes"" +3",NBK261810,2014,National Institute for Health and Care Research,"Structured, intensive education maximising engagement, motivation and long-term change for children and young people with diabetes: a cluster randomised controlled trial with integral process and economic evaluation – the CASCADE study"
2019,2,Medical Sciences,3,"""asthma"" +3",NBK261851,2014,National Institute for Health and Care Research,The 3Mg trial: a randomised controlled trial of intravenous or nebulised magnesium sulphate versus placebo in adults with acute severe asthma
2020,2,Medical Sciences,3,"""neonatal"" +3",NBK262120,2014,National Institute for Health and Care Research,United Kingdom Oscillation Study: long-term outcomes of a randomised trial of two modes of neonatal ventilation
2021,2,Medical Sciences,3,"""cardiac"" +3",NBK262886,2014,National Institute for Health and Care Research,Systematic review and modelling of the cost-effectiveness of cardiac magnetic resonance imaging compared with current existing testing pathways in ischaemic cardiomyopathy
2022,2,Medical Sciences,3,"""cancer"" +3",NBK263133,2014,National Institute for Health and Care Research,Epidermal growth factor receptor tyrosine kinase (EGFR-TK) mutation testing in adults with locally advanced or metastatic non-small cell lung cancer: a systematic review and cost-effectiveness analysis
2023,2,Medical Sciences,3,"""cancer"" +3",NBK263458,2014,Canadian Agency for Drugs and Technologies in Health,Radiation Emissions from Computed Tomography: A Review of the Risk of Cancer and Guidelines
2024,2,Medical Sciences,3,"""psychiatric"" +3",NBK263740,2014,National Institute for Health and Care Research,"Variation in compulsory psychiatric inpatient admission in England: a cross-sectional, multilevel analysis"
2025,2,Medical Sciences,3,"""cancer"" +3",NBK269018,2014,Agency for Healthcare Research and Quality (US),Radiotherapy Treatments for Head and Neck Cancer Update
2026,2,Medical Sciences,3,"""cancer"" +3",NBK269043,2015,National Institute for Health and Care Research,A systematic review and economic evaluation of intraoperative tests [RD-100i one-step nucleic acid amplification (OSNA) system and Metasin test] for detecting sentinel lymph node metastases in breast cancer
2027,2,Medical Sciences,3,"""cancer"" +3",NBK269573,2015,National Institute for Health and Care Research,"Topotecan, pegylated liposomal doxorubicin hydrochloride, paclitaxel, trabectedin and gemcitabine for advanced recurrent or refractory ovarian cancer: a systematic review and economic evaluation"
2028,2,Medical Sciences,3,"""cancer"" +3",NBK284750,2009,Agency for Healthcare Research and Quality (US),Cost-Effectiveness of CT Colonography to Screen for Colorectal Cancer
2029,2,Medical Sciences,3,"""cancer"" +3",NBK284801,2013,Agency for Healthcare Research and Quality (US),Fluorescence In Situ Hybridization (FISH) or Other In Situ Hybridization (ISH) Testing of Uterine Cervical Cells to Predict Precancer and Cancer
2030,2,Medical Sciences,3,"""cardiac"" +3",NBK285036,2005,Agency for Healthcare Research and Quality (US),Cardiac Catheterization in Freestanding Clinics
2031,2,Medical Sciences,3,"""cancer"" +3",NBK285154,2006,Agency for Healthcare Research and Quality (US),Genetic Tests for Cancer
2032,2,Medical Sciences,3,"""cancer"" +3",NBK285164,2007,Agency for Healthcare Research and Quality (US),Cost-Effectiveness of DNA Stool Testing to Screen for Colorectal Cancer
2033,2,Medical Sciences,3,"""cancers"" +3",NBK285290,2004,Agency for Healthcare Research and Quality (US),"Positron Emission Testing for Six Cancers (Brain, Cervical, Small Cell Lung, Ovarian, Pancreatic And Testicular)"
2034,2,Medical Sciences,3,"""cardiovascular"" +3",NBK285350,2014,Agency for Healthcare Research and Quality (US),Cognitive Outcomes After Cardiovascular Procedures in Older Adults: A Systematic Review
2035,2,Medical Sciences,3,"""cancer"" +3",NBK285403,2002,Agency for Healthcare Research and Quality (US),Systematic Review of Positron Emission Tomography for Follow-up of Treated Thyroid Cancer
2036,2,Medical Sciences,3,"""tumors"" +3",NBK285614,2003,Agency for Healthcare Research and Quality (US),Magnetic Resonance Spectroscopy For Brain Tumors
2037,2,Medical Sciences,3,"""cancers"" +3",NBK285889,2008,Agency for Healthcare Research and Quality (US),"Positron Emission Tomography for Nine Cancers (Bladder, Brain, Cervical, Kidney, Ovarian, Pancreatic, Prostate, Small Cell Lung, Testicular)"
2038,2,Medical Sciences,3,"""diabetes"" +3",NBK293799,2015,National Institute for Health and Care Research,The cost-effectiveness of testing strategies for type 2 diabetes: a modelling study
2039,2,Medical Sciences,3,"""diabetes"" +3",NBK293871,2015,Agency for Healthcare Research and Quality (US),Screening for Abnormal Glucose and Type 2 Diabetes Mellitus: A Systematic Review to Update the 2008 U.S. Preventive Services Task Force Recommendation
2040,2,Medical Sciences,3,"""surgery"" +3",NBK294395,2015,National Institute for Health and Care Research,An external pilot study to test the feasibility of a randomised controlled trial comparing eye muscle surgery against active monitoring for childhood intermittent exotropia [X(T)]
2041,2,Medical Sciences,3,"""psychiatric"" +3",NBK294451,2015,Agency for Healthcare Research and Quality (US),Management Strategies To Reduce Psychiatric Readmissions
2042,2,Medical Sciences,3,"""cardiac"" +3",NBK299129,2007,Agency for Healthcare Research and Quality (US),Remote Cardiac Monitoring: A Systematic Review
2043,2,Medical Sciences,3,"""cancer"" +3",NBK304027,2015,National Institute for Health and Care Research,Erlotinib and gefitinib for treating non-small cell lung cancer that has progressed following prior chemotherapy (review of NICE technology appraisals 162 and 175): a systematic review and economic evaluation
2044,2,Medical Sciences,3,"""surgery"" +3",NBK304839,2015,Canadian Agency for Drugs and Technologies in Health,Oral Laxative Use Pre- and Post-Hip Fracture or Other Emergency Orthopedic Surgery: A Review of the Guidelines
2045,2,Medical Sciences,3,"""cancer"" +3",NBK305583,2015,National Institute for Health and Care Research,"Development, validation and evaluation of an instrument for active monitoring of men with clinically localised prostate cancer: systematic review, cohort studies and qualitative study"
2046,2,Medical Sciences,3,"""cancer"" +3",NBK310872,2014,Department of Veterans Affairs (US),The Effects of Shared Decision Making on Cancer Screening – A Systematic Review
2047,2,Medical Sciences,3,"""diabetic"" +3",NBK316349,2015,National Institute for Health and Care Research,Development of a cost-effectiveness model for optimisation of the screening interval in diabetic retinopathy screening
2048,2,Medical Sciences,3,"""diabetes"" +3",NBK316443,2013,Swedish Agency for Health Technology Assessment and Assessment of Social Services (SBU),Insulin Pumps for Diabetes
2049,2,Medical Sciences,3,"""diabetes"" +3",NBK316448,2013,Swedish Agency for Health Technology Assessment and Assessment of Social Services (SBU),Continuous Subcutaneous Glucose Monitoring for Diabetes
2050,2,Medical Sciences,3,"""stroke"" +3",NBK316597,2015,National Institute for Health and Care Research,The Clots in Legs Or sTockings after Stroke (CLOTS) 3 trial: a randomised controlled trial to determine whether or not intermittent pneumatic compression reduces the risk of post-stroke deep vein thrombosis and to estimate its cost-effectiveness
2051,2,Medical Sciences,3,"""cardiovascular"" +3",NBK321623,2015,Agency for Healthcare Research and Quality (US),Aspirin for the Primary Prevention of Cardiovascular Events: A Systematic Evidence Review for the U.S. Preventive Services Task Force
2052,2,Medical Sciences,3,"""cancer"" +3",NBK321643,2015,Agency for Healthcare Research and Quality (US),"Aspirin Use in Adults: Cancer, All-Cause Mortality, and Harms"
2053,2,Medical Sciences,3,"""cancer"" +3",NBK321661,2015,Agency for Healthcare Research and Quality (US),Aspirin Use for the Prevention of Colorectal Cancer: An Updated Systematic Evidence Review for the U.S. Preventive Services Task Force
2054,2,Medical Sciences,3,"""asthma"" +3",NBK321824,2015,National Institute for Health and Care Research,"Measurement of exhaled nitric oxide concentration in asthma: a systematic review and economic evaluation of NIOX MINO, NIOX VERO and NObreath"
2055,2,Medical Sciences,3,"""diabetes"" +3",NBK326699,2015,Agency for Healthcare Research and Quality (US),Behavioral Programs for Diabetes Mellitus
2056,2,Medical Sciences,3,"""cardiovascular"" +3",NBK338698,2016,National Institute for Health and Care Research,The randomised Complete versus Lesion-only PRimary percutaneous coronary Intervention Trial: Cardiovascular Magnetic Resonance imaging substudy (CvLPRIT-CMR)
2057,2,Medical Sciences,3,"""tumour"" +3",NBK343703,2016,National Institute for Health and Care Research,Tumour necrosis factor-α inhibitors for ankylosing spondylitis and non-radiographic axial spondyloarthritis: a systematic review and economic evaluation
2058,2,Medical Sciences,3,"""cancer"" +3",NBK343784,2016,Agency for Healthcare Research and Quality (US),Screening for Breast Cancer With Digital Breast Tomosynthesis
2059,2,Medical Sciences,3,"""cancer"" +3",NBK343793,2016,Agency for Healthcare Research and Quality (US),Supplemental Screening for Breast Cancer in Women With Dense Breasts: A Systematic Review for the U.S. Preventive Service Task Force
2060,2,Medical Sciences,3,"""cancer"" +3",NBK343819,2016,Agency for Healthcare Research and Quality (US),Screening for Breast Cancer: A Systematic Review to Update the 2009 U.S. Preventive Services Task Force Recommendation
2061,2,Medical Sciences,3,"""tuberculosis"" +3",NBK344402,2015,Springer,Tuberculosis in Adults and Children
2062,2,Medical Sciences,3,"""diabetes"" +3",NBK349202,2015,Canadian Agency for Drugs and Technologies in Health,Alogliptin (Nesina) for Type 2 Diabetes Mellitus
2063,2,Medical Sciences,3,"""diabetes"" +3",NBK349227,2015,Canadian Agency for Drugs and Technologies in Health,Alogliptin Plus Metformin (Kazano) for Type 2 Diabetes Mellitus
2064,2,Medical Sciences,3,"""hypertension"" +3",NBK349365,2015,Canadian Agency for Drugs and Technologies in Health,Riociguat (Adempas): Management of Inoperable Chronic Thromboembolic Pulmonary Hypertension
2065,2,Medical Sciences,3,"""diabetes"" +3",NBK349575,2015,Canadian Agency for Drugs and Technologies in Health,Canagliflozin (Invokana) for Type 2 Diabetes Mellitus
2066,2,Medical Sciences,3,"""neonatal"" +3",NBK349674,2016,National Institute for Health and Care Research,"Preparing for Home: a before-and-after study to investigate the effects of a neonatal discharge package aimed at increasing parental knowledge, understanding and confidence in caring for their preterm infant before and after discharge from hospital"
2067,2,Medical Sciences,3,"""cancer"" +3",NBK349684,2003,Swedish Agency for Health Technology Assessment and Assessment of Social Services (SBU),Radiotherapy for Cancer: A Systematic Literature Review
2068,2,Medical Sciences,3,"""surgery"" +3",NBK349803,2015,Canadian Agency for Drugs and Technologies in Health,Anticoagulant Use Pre- and Post-Hip Fracture and Other Emergency Orthopedic Surgery: A Review of Guidelines
2069,2,Medical Sciences,3,"""cancer"" +3",NBK350333,2016,Agency for Healthcare Research and Quality (US),Management of Renal Masses and Localized Renal Cancer
2070,2,Medical Sciences,3,"""neonates"" +3",NBK350515,2016,National Institute for Health and Care Research,Nutritional Evaluation and Optimisation in Neonates (NEON) trial of amino acid regimen and intravenous lipid composition in preterm parenteral nutrition: a randomised double-blind controlled trial
2071,2,Medical Sciences,3,"""cancer"" +3",NBK350744,2015,Taylor & Francis,Anthropologies of Cancer in Transnational Worlds
2072,2,Medical Sciences,3,"""hepatitis"" +3",NBK355777,2015,Canadian Agency for Drugs and Technologies in Health,Drugs for Chronic Hepatitis C Infection — Project Protocol
2073,2,Medical Sciences,3,"""hepatitis"" +3",NBK355799,2016,Canadian Agency for Drugs and Technologies in Health,Drugs for Chronic Hepatitis C Infection: Cost-Effectiveness Analysis
2074,2,Medical Sciences,3,"""hepatitis"" +3",NBK355804,2015,Canadian Agency for Drugs and Technologies in Health,Drugs for Chronic Hepatitis C Infection: Recommendations Report
2075,2,Medical Sciences,3,"""hypertension"" +3",NBK355815,2014,Canadian Agency for Drugs and Technologies in Health,Drugs for Pulmonary Arterial Hypertension — Project Protocol
2076,2,Medical Sciences,3,"""hypertension"" +3",NBK355844,2015,Canadian Agency for Drugs and Technologies in Health,"Drugs for Pulmonary Arterial Hypertension: Comparative Efficacy, Safety, and Cost-Effectiveness"
2077,2,Medical Sciences,3,"""hypertension"" +3",NBK355855,2015,Canadian Agency for Drugs and Technologies in Health,"Drugs for Pulmonary Arterial Hypertension: Comparative Efficacy, Safety, and Cost-Effectiveness — Recommendations Report"
2078,2,Medical Sciences,3,"""hepatitis"" +3",NBK361277,2014,Canadian Agency for Drugs and Technologies in Health,Direct-Acting Antivirals for Chronic Hepatitis C Genotype 1 — Project Protocol
2079,2,Medical Sciences,3,"""hepatitis"" +3",NBK361300,2014,Canadian Agency for Drugs and Technologies in Health,Direct-Acting Antiviral Agents for Chronic Hepatitis C Genotype 1
2080,2,Medical Sciences,3,"""hepatitis"" +3",NBK361323,2014,Canadian Agency for Drugs and Technologies in Health,Recommendations for Direct-Acting Antiviral Agents for Chronic Hepatitis C Genotype 1
2081,2,Medical Sciences,3,"""hepatitis"" +3",NBK361830,2015,Canadian Agency for Drugs and Technologies in Health,Screening for Hepatitis C Virus: A Systematic Review and Meta-analysis — Project Protocol
2082,2,Medical Sciences,3,"""diabetes"" +3",NBK361981,2013,Canadian Agency for Drugs and Technologies in Health,Combination Use of Insulin and Incretins in Type 2 Diabetes
2083,2,Medical Sciences,3,"""cancer"" +3",NBK362066,2016,Agency for Healthcare Research and Quality (US),Imaging for the Pretreatment Staging of Small Cell Lung Cancer
2084,2,Medical Sciences,3,"""cancer"" +3",NBK362752,2016,National Institute for Health and Care Research,The UK Lung Cancer Screening Trial: a pilot randomised controlled trial of low-dose computed tomography screening for the early detection of lung cancer
2085,2,Medical Sciences,3,"""diabetes"" +3",NBK362890,2015,Department of Veterans Affairs (US),"Mapping the Evidence: Sex Effects in High-Impact Conditions for Women Veterans – Depression, Diabetes, and Chronic Pain"
2086,2,Medical Sciences,3,"""sepsis"" +3",NBK368616,2016,National Institute for Health and Care Research,"Sepsis: the LightCycler SeptiFast Test MGRADE®, SepsiTest™ and IRIDICA BAC BSI assay for rapidly identifying bloodstream bacteria and fungi – a systematic review and economic evaluation"
2087,2,Medical Sciences,3,"""tumor"" +3",NBK373360,2016,Codon Publications,Wilms Tumor
2088,2,Medical Sciences,3,"""cancer"" +3",NBK373584,2016,Agency for Healthcare Research and Quality (US),Screening for Colorectal Cancer: A Systematic Review for the U.S. Preventive Services Task Force
2089,2,Medical Sciences,3,"""stroke"" +3",NBK373817,2013,National Institute for Health and Care Research,A cluster randomised controlled trial and economic evaluation of a structured training programme for caregivers of inpatients after stroke: the TRACS trial
2090,2,Medical Sciences,3,"""stroke"" +3",NBK373890,2014,National Institute for Health and Care Research,"Modelling, evaluating and implementing cost-effective services to reduce the impact of stroke"
2091,2,Medical Sciences,3,"""surgical"" +3",NBK378997,2016,Canadian Agency for Drugs and Technologies in Health,Changing of Surgical Attire Upon Re-Entry to the Peri-Operative Environment: A Review of Guidelines
2092,2,Medical Sciences,3,"""tumor"" +3",NBK379386,2003,Swedish Agency for Health Technology Assessment and Assessment of Social Services (SBU),Tumor Vaccination
2093,2,Medical Sciences,3,"""cancer"" +3",NBK379387,2003,Swedish Agency for Health Technology Assessment and Assessment of Social Services (SBU),Computed Tomography in Screening for Lung Cancer
2094,2,Medical Sciences,3,"""cancer"" +3",NBK379488,2016,National Institute for Health and Care Research,"Improvement in risk prediction, early detection and prevention of breast cancer in the NHS Breast Screening Programme and family history clinics: a dual cohort study"
2095,2,Medical Sciences,3,"""cancer"" +3",NBK379854,2016,Agency for Healthcare Research and Quality (US),Screening for Skin Cancer in Adults: An Updated Systematic Evidence Review for the U.S. Preventive Services Task Force
2096,2,Medical Sciences,3,"""sepsis"" +3",NBK379897,2016,National Institute for Health and Care Research,"A randomised controlled trial of the probiotic Bifidobacterium breve BBG-001 in preterm babies to prevent sepsis, necrotising enterocolitis and death: the Probiotics in Preterm infantS (PiPS) trial"
2097,2,Medical Sciences,3,"""tuberculosis"" +3",NBK385122,2016,Agency for Healthcare Research and Quality (US),Screening for Latent Tuberculosis Infection in Adults: An Evidence Review for the U.S. Preventive Services Task Force
2098,2,Medical Sciences,3,"""diabetic"" +3",NBK395851,2016,National Institute for Health and Care Research,Concordance in diabetic foot ulceration: a cross-sectional study of agreement between wound swabbing and tissue sampling in infected ulcers
2099,2,Medical Sciences,3,"""hiv"" +3",NBK401283,2016,Agency for Healthcare Research and Quality (US),Strategies for Improving the Lives of Women Aged 40 and Above Living With HIV/AIDS
2100,2,Medical Sciences,3,"""surgical"" +3",NBK401839,2016,National Institute for Health and Care Research,Safer delivery of surgical services: a programme of controlled before-and-after intervention studies with pre-planned pooled data analysis
2101,2,Medical Sciences,3,"""diabetic"" +3",NBK401895,2016,National Institute for Health and Care Research,An observational study to assess if automated diabetic retinopathy image assessment software can replace one or more steps of manual imaging grading and to determine their cost-effectiveness
2102,2,Medical Sciences,3,"""asthma"" +3",NBK402196,2016,National Institute for Health and Care Research,PLEASANT: Preventing and Lessening Exacerbations of Asthma in School-age children Associated with a New Term – a cluster randomised controlled trial and economic evaluation
2103,2,Medical Sciences,3,"""surgery"" +3",NBK402302,2016,National Institute for Health and Care Research,The use of fibrin sealant during non-emergency surgery: a systematic review of evidence of benefits and harms
2104,2,Medical Sciences,3,"""malaria"" +3",NBK402332,2013,InTech,Anopheles Mosquitoes: New Insights into Malaria Vectors
2105,2,Medical Sciences,3,"""tuberculosis"" +3",NBK409249,2017,National Institute for Health and Care Research,Interventions to improve contact tracing for tuberculosis in specific groups and in wider populations: an evidence synthesis
2106,2,Medical Sciences,3,"""diabetes"" +3",NBK409282,2017,National Institute for Health and Care Research,A community-based primary prevention programme for type 2 diabetes mellitus integrating identification and lifestyle intervention for prevention: a cluster randomised controlled trial
2107,2,Medical Sciences,3,"""diabetes"" +3",NBK409430,2017,National Institute for Health and Care Research,"Canagliflozin, dapagliflozin and empagliflozin monotherapy for treating type 2 diabetes: systematic review and economic evaluation"
2108,2,Medical Sciences,3,"""cancer"" +3",NBK409586,2016,Canadian Agency for Drugs and Technologies in Health,Behavioural and Psychological Interventions for Chronic Non-Cancer Pain: A Review of Guidelines
2109,2,Medical Sciences,3,"""diabetic"" +3",NBK425298,2017,National Institute for Health and Care Research,Incentives in Diabetic Eye Assessment by Screening (IDEAS) trial: a three-armed randomised controlled trial of financial incentives
2110,2,Medical Sciences,3,"""cancer"" +3",NBK425325,2017,National Institute for Health and Care Research,Testing innovative strategies to reduce the social gradient in the uptake of bowel cancer screening: a programme of four qualitatively enhanced randomised controlled trials
2111,2,Medical Sciences,3,"""cardiac"" +3",NBK425462,2017,National Institute for Health and Care Research,"Prehospital randomised assessment of a mechanical compression device in out-of-hospital cardiac arrest (PARAMEDIC): a pragmatic, cluster randomised trial and economic evaluation"
2112,2,Medical Sciences,3,"""cancer"" +3",NBK426112,2017,National Institute for Health and Care Research,What carcinoembryonic antigen level should trigger further investigation during colorectal cancer follow-up? A systematic review and secondary analysis of a randomised controlled trial
2113,2,Medical Sciences,3,"""diabetes"" +3",NBK436445,2017,National Institute for Health and Care Research,Evaluation of the effectiveness and cost-effectiveness of lightweight fibreglass heel casts in the management of ulcers of the heel in diabetes: a randomised controlled trial
2114,2,Medical Sciences,3,"""diabetes"" +3",NBK436671,2017,National Institute for Health and Care Research,Screening for glucose intolerance and development of a lifestyle education programme for prevention of type 2 diabetes in a population with intellectual disabilities: the STOP Diabetes research project
2115,2,Medical Sciences,3,"""paediatrics"" +3",NBK436918,2016,The Federation Press,"When Doctors and Parents Disagree: Ethics, Paediatrics & the Zone of Parental Discretion"
2116,2,Medical Sciences,3,"""surgery"" +3",NBK441819,2017,University of Rochester Press,Technological Change in Modern Surgery: Historical Perspectives on Innovation
2117,2,Medical Sciences,3,"""gynecologic"" +3",NBK442154,2017,Agency for Healthcare Research and Quality (US),Screening for Gynecologic Conditions With Pelvic Examination: A Systematic Review for the U.S. Preventive Services Task Force
2118,2,Medical Sciences,3,"""tuberculosis"" +3",NBK442246,2017,National Institute for Health and Care Research,Observational study to estimate the changes in the effectiveness of bacillus Calmette–Guérin (BCG) vaccination with time since vaccination for preventing tuberculosis in the UK
2119,2,Medical Sciences,3,"""hepatitis"" +3",NBK442272,2017,World Health Organization,WHO Guidelines on Hepatitis B and C Testing
2120,2,Medical Sciences,3,"""diabetic"" +3",NBK442335,2017,Agency for Healthcare Research and Quality (US),Preventing Complications and Treating Symptoms of Diabetic Peripheral Neuropathy
2121,2,Medical Sciences,3,"""cancer"" +3",NBK447370,2017,Agency for Healthcare Research and Quality (US),Screening for Thyroid Cancer: A Systematic Evidence Review for the U.S. Preventive Services Task Force
2122,2,Medical Sciences,3,"""surgery"" +3",NBK447438,2017,National Institute for Health and Care Research,"A realist process evaluation of robot-assisted surgery: integration into routine practice and impacts on communication, collaboration and decision-making"
2123,2,Medical Sciences,3,"""surgery"" +3",NBK447969,2007,Swedish Agency for Health Technology Assessment and Assessment of Social Services (SBU),Laser Eye Surgery for the Correction of Refractive Errors
2124,2,Medical Sciences,3,"""cancer"" +3",NBK447972,2008,Swedish Agency for Health Technology Assessment and Assessment of Social Services (SBU),General Childhood Vaccination Against HPV 16 and 18 Aimed at Preventing Cervical Cancer
2125,2,Medical Sciences,3,"""psychiatric"" +3",NBK447987,2005,Swedish Agency for Health Technology Assessment and Assessment of Social Services (SBU),Psychiatric Risk Assessment Methods: Are Violent Acts Predictable?: A Systematic Review
2126,2,Medical Sciences,3,"""diabetes"" +3",NBK447996,2009,Swedish Agency for Health Technology Assessment and Assessment of Social Services (SBU),Self-Monitoring of Blood Glucose in Noninsulin-Treated Diabetes: A Systematic Review
2127,2,Medical Sciences,3,"""cancer"" +3",NBK448005,2005,Swedish Agency for Health Technology Assessment and Assessment of Social Services (SBU),Aromatase Inhibitors in Breast Cancer
2128,2,Medical Sciences,3,"""surgical"" +3",NBK448007,2010,Swedish Agency for Health Technology Assessment and Assessment of Social Services (SBU),Antibiotic Prophylaxis for Surgical Procedures: A Systematic Review
2129,2,Medical Sciences,3,"""surgery"" +3",NBK448013,2016,Swedish Agency for Health Technology Assessment and Assessment of Social Services (SBU),Surgery to Treat Gallstones and Acute Inflammation of the Gallbladder
2130,2,Medical Sciences,3,"""anesthetic"" +3",NBK448017,2008,Swedish Agency for Health Technology Assessment and Assessment of Social Services (SBU),EEG-Based Monitoring of Anesthetic Depth
2131,2,Medical Sciences,3,"""surgical"" +3",NBK459079,2017,National Institute for Health and Care Research,Timing of surgical intervention for developmental dysplasia of the hip: a randomised controlled trial (Hip ’Op)
2132,2,Medical Sciences,3,"""surgery"" +3",NBK464735,2014,Norwegian Institute for Public Health,Long Term Effects of Bariatric Surgery
2133,2,Medical Sciences,3,"""cancer"" +3",NBK464737,2008,Norwegian Institute for Public Health,HPV RNA Test for Cervical Cancer
2134,2,Medical Sciences,3,"""psychiatric"" +3",NBK464753,2006,Norwegian Institute for Public Health,"The Effect of Early Intervention Programmes for Families at Risk, on the Psychiatric Outcomes of Small Children Aged 3 and Under"
2135,2,Medical Sciences,3,"""cancer"" +3",NBK464763,2008,Norwegian Institute for Public Health,Genetic Tests for Breast and Ovarian Cancer
2136,2,Medical Sciences,3,"""obstetric"" +3",NBK464778,2013,Norwegian Institute for Public Health,Obstetric Consequences of Female Genital Mutilation/Cutting (FGM/C)
2137,2,Medical Sciences,3,"""psychiatric"" +3",NBK464810,2004,Norwegian Institute for Public Health,Identification of Need for Psychiatric Help Among Asylum Seekers
2138,2,Medical Sciences,3,"""gynecological"" +3",NBK464818,2014,Norwegian Institute for Public Health,Gynecological Consequences of Female Genital Mutilation/Cutting (FGM/C)
2139,2,Medical Sciences,3,"""hiv"" +3",NBK464852,2011,Norwegian Institute for Public Health,Motivational Interviewing for HIV-Related Behaviors Among Men who Have Sex with Men
2140,2,Medical Sciences,3,"""cancer"" +3",NBK464865,2013,Norwegian Institute for Public Health,Acetylsalicylic Acid (ASA) in Prevention of Cancer
2141,2,Medical Sciences,3,"""cancer"" +3",NBK464903,2011,Norwegian Institute for Public Health,Cancer Risk with Folic Acid Supplements
2142,2,Medical Sciences,3,"""cancer"" +3",NBK464909,2008,Norwegian Institute for Public Health,Colorectal Cancer Screening - Effect on Mortality and Incidence Rate of Colorectal Cancer: Overview of Documentation and International Recommendations
2143,2,Medical Sciences,3,"""diabetes"" +3",NBK469886,2017,National Institute for Health and Care Research,Managing diabetes in people with dementia: a realist review
2144,2,Medical Sciences,3,"""obstetrics"" +3",NBK475710,2018,National Institute for Health and Care Research,A randomised controlled trial and economic evaluation of intraoperative cell salvage during caesarean section in women at risk of haemorrhage: the SALVO (cell SALVage in Obstetrics) trial
2145,2,Medical Sciences,3,"""surgery"" +3",NBK476632,2017,Agency for Healthcare Research and Quality (US),Venous Thromboembolism Prophylaxis in Major Orthopedic Surgery: Systematic Review Update
2146,2,Medical Sciences,3,"""hepatitis"" +3",NBK481446,2017,Canadian Agency for Drugs and Technologies in Health,Screening for Hepatitis C Virus: A Systematic Review
2147,2,Medical Sciences,3,"""surgery"" +3",NBK481550,2017,Springer,The Palgrave Handbook of the History of Surgery
2148,2,Medical Sciences,3,"""stroke"" +3",NBK482074,2016,Norwegian Institute for Public Health,Mechanical Thrombectomy for Acute Ischemic Stroke
2149,2,Medical Sciences,3,"""cancer"" +3",NBK482097,2016,Norwegian Institute for Public Health,The Effectiveness of Physical Exercise for People with Cancer
2150,2,Medical Sciences,3,"""cancer"" +3",NBK482099,2017,Norwegian Institute for Public Health,Digital Breast Tomosynthesis with Hologic 3D Mammography Selenia Dimensions System for Use in Breast Cancer Screening: A Single Technology Assessment
2151,2,Medical Sciences,3,"""stroke"" +3",NBK482108,2017,Norwegian Institute for Public Health,Interventions for Visual Field Defects After Stroke: A Systematic Review
2152,2,Medical Sciences,3,"""carcinoma"" +3",NBK487552,2017,Agency for Healthcare Research and Quality (US),Treatments for Basal Cell and Squamous Cell Carcinoma of the Skin
2153,2,Medical Sciences,3,"""stroke"" +3",NBK488051,2018,National Institute for Health and Care Research,Routine low-dose continuous or nocturnal oxygen for people with acute stroke: three-arm Stroke Oxygen Supplementation RCT
2154,2,Medical Sciences,3,"""radiological"" +3",NBK493280,2017,World Health Organization,Iodine Thyroid Blocking: Guidelines for Use in Planning for and Responding to Radiological and Nuclear Emergencies
2155,2,Medical Sciences,3,"""cancer"" +3",NBK493399,2018,Agency for Healthcare Research and Quality (US),Screening for Ovarian Cancer: An Updated Evidence Review for the U.S. Preventive Services Task Force
2156,2,Medical Sciences,3,"""diabetic"" +3",NBK493485,2018,National Institute for Health and Care Research,Metformin in non-diabetic hyperglycaemia: the GLINT feasibility RCT
2157,2,Medical Sciences,3,"""asthma"" +3",NBK493517,2017,Agency for Healthcare Research and Quality (US),Effectiveness and Safety of Bronchial Thermoplasty in Management of Asthma
2158,2,Medical Sciences,3,"""cancer"" +3",NBK493547,2014,Institute of Health Economics,Low Dose Computed Tomography for The Screening of Lung Cancer in Adults
2159,2,Medical Sciences,3,"""cancer"" +3",NBK493693,2018,Agency for Healthcare Research and Quality (US),Behavioral Counseling for Skin Cancer Prevention: A Systematic Evidence Review for the U.S. Preventive Services Task Force
2160,2,Medical Sciences,3,"""asthma"" +3",NBK493778,2018,Agency for Healthcare Research and Quality (US),Effectiveness of Indoor Allergen Reduction in Management of Asthma
2161,2,Medical Sciences,3,"""epilepsy"" +3",NBK493908,2018,National Institute for Health and Care Research,Self-Management education for adults with poorly controlled epILEpsy [SMILE (UK)]: a randomised controlled trial
2162,2,Medical Sciences,3,"""hiv"" +3",NBK498677,2018,National Institute for Health and Care Research,Self-sampling kits to increase HIV testing among black Africans in the UK: the HAUS mixed-methods study
2163,2,Medical Sciences,3,"""asthma"" +3",NBK499563,2018,Agency for Healthcare Research and Quality (US),Intermittent Inhaled Corticosteroids and Long-Acting Muscarinic Antagonists for Asthma
2164,2,Medical Sciences,3,"""diabetes"" +3",NBK500507,2018,National Institute for Health and Care Research,Managing with Learning Disability and Diabetes: OK-Diabetes – a case-finding study and feasibility randomised controlled trial
2165,2,Medical Sciences,3,"""diabetic"" +3",NBK501971,2018,National Institute for Health and Care Research,What works to increase attendance for diabetic retinopathy screening? An evidence synthesis and economic analysis
2166,2,Medical Sciences,3,"""tumour"" +3",NBK507299,2018,National Institute for Health and Care Research,Alternative tumour necrosis factor inhibitors (TNFi) or abatacept or rituximab following failure of initial TNFi in rheumatoid arthritis: the SWITCH RCT
2167,2,Medical Sciences,3,"""anatomy"" +3",NBK513145,2017,Peter Lang,Avatar Assembled: The Social and Technical Anatomy of Digital Bodies
2168,2,Medical Sciences,3,"""cancer"" +3",NBK513447,2018,National Institute for Health and Care Research,Multiparametric MRI to improve detection of prostate cancer compared with transrectal ultrasound-guided prostate biopsy alone: the PROMIS study
2169,2,Medical Sciences,3,"""cancer"" +3",NBK518890,2018,Agency for Healthcare Research and Quality (US),Prostate-Specific Antigen-Based Screening for Prostate Cancer: A Systematic Evidence Review for the U.S. Preventive Services Task Force
2170,2,Medical Sciences,3,"""diabetes"" +3",NBK518944,2018,Agency for Healthcare Research and Quality (US),Mobile Applications for Self-Management of Diabetes
2171,2,Medical Sciences,3,"""surgery"" +3",NBK524959,2018,Department of Veterans Affairs (US),"Comparative Effectiveness of Multifocal, Accommodative, and Monofocal Intraocular Lenses for Cataract Surgery and Lens Replacement"
2172,2,Medical Sciences,3,"""diabetes"" +3",NBK525026,2018,National Institute for Health and Care Research,A web-based self-management programme for people with type 2 diabetes: the HeLP-Diabetes research programme including RCT
2173,2,Medical Sciences,3,"""neurology"" +3",NBK525719,2018,National Institute for Health and Care Research,Evaluating nuanced practices for initiating decision-making in neurology clinics: a mixed-methods study
2174,2,Medical Sciences,3,"""diabetes"" +3",NBK525832,2017,Canadian Agency for Drugs and Technologies in Health,Third-line Drugs for Type 2 Diabetes — Project Protocol
2175,2,Medical Sciences,3,"""cancer"" +3",NBK526306,2018,Agency for Healthcare Research and Quality (US),Screening for Cervical Cancer With High-Risk Human Papillomavirus Testing: A Systematic Evidence Review for the U.S. Preventive Services Task Force
2176,2,Medical Sciences,3,"""cancer"" +3",NBK526331,2018,National Institute for Health and Care Research,Partial ablation versus radical prostatectomy in intermediate-risk prostate cancer: the PART feasibility RCT
2177,2,Medical Sciences,3,"""tuberculosis"" +3",NBK531235,2018,World Health Organization,Latent tuberculosis infection: updated and consolidated guidelines for programmatic management
2178,2,Medical Sciences,3,"""cancer"" +3",NBK531631,2017,Canadian Agency for Drugs and Technologies in Health,HPV Testing for Primary Cervical Cancer Screening — Project Protocol
2179,2,Medical Sciences,3,"""diabetic"" +3",NBK531673,2018,National Institute for Health and Care Research,Intravitreal aflibercept compared with panretinal photocoagulation for proliferative diabetic retinopathy: the CLARITY non-inferiority RCT
2180,2,Medical Sciences,3,"""tuberculosis"" +3",NBK532121,2018,National Institute for Health and Care Research,Two interferon gamma release assays for predicting active tuberculosis: the UK PREDICT TB prognostic test study
2181,2,Medical Sciences,3,"""neonatal"" +3",NBK532158,2018,National Institute for Health and Care Research,A framework to address key issues of neonatal service configuration in England: the NeoNet multimethods study
2182,2,Medical Sciences,3,"""hepatitis"" +3",NBK532703,2018,Canadian Agency for Drugs and Technologies in Health,"CADTH Canadian Drug Expert Committee Recommendation: Tenofovir Alafenamide (Vemlidy - Gilead Sciences Canada, Inc.): Indication: Chronic Hepatitis B"
2183,2,Medical Sciences,3,"""hypertension"" +3",NBK532704,2018,Canadian Agency for Drugs and Technologies in Health,CADTH Canadian Drug Expert Committee Recommendation: Latanoprost (Monoprost — Laboratoires Théa): Indication: Glaucoma and Ocular Hypertension
2184,2,Medical Sciences,3,"""diabetes"" +3",NBK532796,2016,Canadian Agency for Drugs and Technologies in Health,CADTH Canadian Drug Expert Committee Final Recommendation: Empagliflozin / Metformin Hydrochloride (Synjardy — Boehringer Ingelheim Canada Ltd.): Indication: Type 2 Diabetes Mellitus
2185,2,Medical Sciences,3,"""hepatitis"" +3",NBK533004,2018,Canadian Agency for Drugs and Technologies in Health,"CADTH Canadian Drug Expert Committee Recommendation: Sofosbuvir/Velpatasvir/Voxilaprevir (Vosevi — Gilead Sciences Canada, Inc.): Indication: Chronic hepatitis C virus infection"
2186,2,Medical Sciences,3,"""sepsis"" +3",NBK533044,2018,National Institute for Health and Care Research,Levosimendan to prevent acute organ dysfunction in sepsis: the LeoPARDS RCT
2187,2,Medical Sciences,3,"""hepatitis"" +3",NBK533338,2018,Canadian Agency for Drugs and Technologies in Health,CADTH Canadian Drug Expert Committee Recommendation: Glecaprevir / Pibrentasvir (Maviret — Abbvie Corporation): Indication: Chronic hepatitis C virus infection
2188,2,Medical Sciences,3,"""diabetes"" +3",NBK533339,2017,Canadian Agency for Drugs and Technologies in Health,"CADTH Canadian Drug Expert Committee Recommendation: Insulin Degludec (Tresiba — Novo Nordisk Canada Inc.): Indication: Diabetes Mellitus, Types I and II"
2189,2,Medical Sciences,3,"""hepatitis"" +3",NBK533682,2018,Canadian Agency for Drugs and Technologies in Health,Pharmacoeconomic Review Report: Glecaprevir / Pibrentasvir (Maviret) (AbbVie Corporation): Indication: Hepatitis C genotype 1 to 6
2190,2,Medical Sciences,3,"""asthma"" +3",NBK533755,2016,Canadian Agency for Drugs and Technologies in Health,CADTH Canadian Drug Expert Committee Final Recommendation Omalizumab — Resubmission (Xolair — Novartis Pharmaceuticals Canada Inc.): Indication: Asthma
2191,2,Medical Sciences,3,"""hypertension"" +3",NBK533883,2016,Canadian Agency for Drugs and Technologies in Health,CADTH Canadian Drug Expert Committee Final Recommendation Selexipag (Uptravi — Actelion Pharmaceuticals Canada Inc.): Indication: Pulmonary Arterial Hypertension
2192,2,Medical Sciences,3,"""diabetes"" +3",NBK534039,2015,Canadian Agency for Drugs and Technologies in Health,CADTH CDEC Final Recommendation: Empagliflozin (Jardiance — Boehringer Ingelheim (Canada) Ltd.): Indication: Type 2 Diabetes Mellitus
2193,2,Medical Sciences,3,"""diabetes"" +3",NBK534071,2017,Canadian Agency for Drugs and Technologies in Health,"CADTH Canadian Drug Expert Committee Recommendation: Lixisenatide (Adlyxine — Sanofi-aventis Canada Inc.): Indication: Diabetes mellitus, type 2"
2194,2,Medical Sciences,3,"""hepatitis"" +3",NBK534109,2018,Canadian Agency for Drugs and Technologies in Health,"Pharmacoeconomic Review Report: Sofosbuvir/Velpatasvir/Voxilaprevir (Vosevi) (Gilead Sciences Canada, Inc.): Indication: Hepatitis C infection genotype 1 to 6"
2195,2,Medical Sciences,3,"""surgery"" +3",NBK534545,2018,National Institute for Health and Care Research,"Bariatric surgery, lifestyle interventions and orlistat for severe obesity: the REBALANCE mixed-methods systematic review and economic evaluation"
2196,2,Medical Sciences,3,"""cancer"" +3",NBK534572,2018,National Institute for Health and Care Research,Low-dose computed tomography for lung cancer screening in high-risk populations: a systematic review and economic evaluation
2197,2,Medical Sciences,3,"""asthma"" +3",NBK534646,2018,National Institute for Health and Care Research,Temporarily quadrupling the dose of inhaled steroid to prevent asthma exacerbations: FAST
2198,2,Medical Sciences,3,"""pediatric"" +3",NBK534726,2017,Canadian Agency for Drugs and Technologies in Health,Pharmacoeconomic Review Report: Propiverine hydrochloride (Mictoryl/Mictoryl Pediatric)
2199,2,Medical Sciences,3,"""cardiac"" +3",NBK536335,2019,National Institute for Health and Care Research,Interventions to reduce mortality from in-hospital cardiac arrest: a mixed-methods study
2200,2,Medical Sciences,3,"""surgical"" +3",NBK536404,2018,World Health Organization,Global Guidelines for the Prevention of Surgical Site Infection
2201,2,Medical Sciences,3,"""neonatorum"" +3",NBK537596,2019,Agency for Healthcare Research and Quality (US),Ocular Prophylaxis for Gonococcal Ophthalmia Neonatorum: A Reaffirmation Evidence Update for the U.S. Preventive Services Task Force
2202,2,Medical Sciences,3,"""stroke"" +3",NBK537642,2019,National Institute for Health and Care Research,Evaluation of reconfigurations of acute stroke services in different regions of England and lessons for implementation: a mixed-methods study
2203,2,Medical Sciences,3,"""cancer"" +3",NBK537887,2019,National Institute for Health and Care Research,Cabozantinib and vandetanib for unresectable locally advanced or metastatic medullary thyroid cancer: a systematic review and economic model
2204,2,Medical Sciences,3,"""diabetic"" +3",NBK537920,2019,National Institute for Health and Care Research,Lightmasks that prevent dark adaptation for non-central diabetic macular oedema: the CLEOPATRA RCT
2205,2,Medical Sciences,3,"""geriatric"" +3",NBK538035,2019,National Institute for Health and Care Research,Comprehensive Geriatric Assessment in hospital and hospital-at-home settings: a mixed-methods study
2206,2,Medical Sciences,3,"""malaria"" +3",NBK538118,2019,World Health Organization,Guidelines for Malaria Vector Control
2207,2,Medical Sciences,3,"""hiv"" +3",NBK538372,2016,Canadian Agency for Drugs and Technologies in Health,"CADTH Canadian Drug Expert Committee Final Recommendation: Emtricitabine/Tenofovir Alafenamide (Descovy — Gilead Sciences Canada, Inc.): Indication: HIV-1 Infection"
2208,2,Medical Sciences,3,"""diabetes"" +3",NBK538386,2016,Canadian Agency for Drugs and Technologies in Health,CADTH Canadian Drug Expert Committee Final Recommendation: Dapagliflozin (Forxiga — AstraZeneca Canada Inc.): Indication: Type 2 Diabetes
2209,2,Medical Sciences,3,"""hypertension"" +3",NBK538738,2015,Canadian Agency for Drugs and Technologies in Health,CADTH Canadian Drug Expert Review Committee Final Recommendation: Riociguat (Adempas – Bayer HealthCare Inc.): Indication: Pulmonary Arterial Hypertension
2210,2,Medical Sciences,3,"""hiv"" +3",NBK538939,2016,Canadian Agency for Drugs and Technologies in Health,CADTH Canadian Drug Expert Committee Final Recommendation: Tesamorelin (Egrifta — Theratechnologies Inc.): Indication: HIV-associated lipohypertrophy
2211,2,Medical Sciences,3,"""surgical"" +3",NBK539098,2019,National Institute for Health and Care Research,Surgical treatments for women with stress urinary incontinence: the ESTER systematic review and economic evaluation
2212,2,Medical Sciences,3,"""tuberculosis"" +3",NBK539297,2019,World Health Organization,WHO guidelines on tuberculosis infection prevention and control: 2019 update
2213,2,Medical Sciences,3,"""cancer"" +3",NBK539386,2019,Department of Veterans Affairs (US),Evidence Brief: Accuracy of Self-report for Cervical and Breast Cancer Screening
2214,2,Medical Sciences,3,"""geriatric"" +3",NBK540056,2019,National Institute for Health and Care Research,Comprehensive geriatric assessment for frail older people in acute hospitals: the HoW-CGA mixed-methods study
2215,2,Medical Sciences,3,"""diabetes"" +3",NBK540288,2016,Canadian Agency for Drugs and Technologies in Health,CADTH Canadian Drug Expert Committee Final Recommendation: Canagliflozin and Metformin Hydrochloride (Invokamet — Janssen Inc.): Indication: Type 2 Diabetes Mellitus
2216,2,Medical Sciences,3,"""neonatal"" +3",NBK540307,2017,Michigan Medicine University of Michigan,Management of Indirect Neonatal Hyperbilirubinemia
2217,2,Medical Sciences,3,"""hiv"" +3",NBK540468,2017,London School of Hygiene & Tropical Medicine,"HIV/AIDS and the Prison Service of England & Wales, 1980s-1990s"
2218,2,Medical Sciences,3,"""asthma"" +3",NBK540611,2019,Agency for Healthcare Research and Quality (US),Standardized Library of Asthma Outcome Measures
2219,2,Medical Sciences,3,"""surgery"" +3",NBK541245,2019,National Institute for Health and Care Research,Anal fistula plug versus surgeon’s preference for surgery for trans-sphincteric anal fistula: the FIAT RCT
2220,2,Medical Sciences,3,"""diabetes"" +3",NBK541455,2019,Canadian Agency for Drugs and Technologies in Health,CADTH Canadian Drug Expert Committee Recommendation: Insulin Glargine and Lixisenatide (Soliqua — Sanofi-Aventis Canada Inc.): Indication: Adjunct to diet and exercise to improve glycemic control in adults with type 2 diabetes mellitus inadequately controlled on basal insulin (less than 60 units daily) alone or in combination with metformin
2221,2,Medical Sciences,3,"""asthma"" +3",NBK541458,2018,Canadian Agency for Drugs and Technologies in Health,CADTH Canadian Drug Expert Committee Recommendation: Benralizumab (Fasenra — Astrazeneca Canada Inc.): Indication: Severe Eosinophilic Asthma
2222,2,Medical Sciences,3,"""diabetes"" +3",NBK541621,2019,Canadian Agency for Drugs and Technologies in Health,Pharmacoeconomic Review Report: Insulin glargine + lixisenatide (Soliqua) (Sanofi-Aventis): Indication: adjunct to diet and exercise to improve glycemic control in adults with type 2 diabetes mellitus inadequately controlled on basal insulin (less than 60 units daily) alone or in combination with metformin
2223,2,Medical Sciences,3,"""diabetes"" +3",NBK542401,2019,Canadian Agency for Drugs and Technologies in Health,"CADTH Canadian Drug Expert Committee Recommendation: Ertugliflozin/Metformin (Segluromet — Merck Canada Inc.): Indication: Diabetes mellitus, type 2"
2224,2,Medical Sciences,3,"""diabetes"" +3",NBK542402,2019,Canadian Agency for Drugs and Technologies in Health,"CADTH Canadian Drug Expert Committee Recommendation: Ertugliflozin (Steglatro — Merck Canada Inc.): Indication: Diabetes mellitus, type 2"
2225,2,Medical Sciences,3,"""diabetes"" +3",NBK542500,2019,Canadian Agency for Drugs and Technologies in Health,Pharmacoeconomic Review Report: Ertugliflozin (Steglatro) (Merck Canada Inc.): Indication: Type 2 Diabetes Mellitus
2226,2,Medical Sciences,3,"""diabetes"" +3",NBK542579,2019,Canadian Agency for Drugs and Technologies in Health,Common Drug Review New Combination Product: Ertugliflozin/Metformin Fixed-Dose Combination (Segluromet): Merck Canada Inc. Indication: Type 2 Diabetes Mellitus
2227,2,Medical Sciences,3,"""cancer"" +3",NBK542754,2019,Canadian Agency for Drugs and Technologies in Health,Sentinel Lymph Node Biopsy for the Management of Breast Cancer: A Review of Guidelines
2228,2,Medical Sciences,3,"""asthma"" +3",NBK542874,2019,National Institute for Health and Care Research,Nocturnal temperature-controlled laminar airflow device for adults with severe allergic asthma: the LASER RCT
2229,2,Medical Sciences,3,"""hiv"" +3",NBK542888,2019,Agency for Healthcare Research and Quality (US),Pre-Exposure Prophylaxis for the Prevention of HIV Infection: A Systematic Review for the U.S. Preventive Services Task Force
2230,2,Medical Sciences,3,"""hiv"" +3",NBK542898,2019,Agency for Healthcare Research and Quality (US),Screening for HIV Infection in Pregnant Women: A Systematic Review for the U.S. Preventive Services Task Force
2231,2,Medical Sciences,3,"""hiv"" +3",NBK542908,2019,Agency for Healthcare Research and Quality (US),"Screening for HIV Infection in Asymptomatic, Nonpregnant Adolescents and Adults: A Systematic Review for the U.S. Preventive Services Task Force"
2232,2,Medical Sciences,3,"""surgery"" +3",NBK543013,2019,Canadian Agency for Drugs and Technologies in Health,Optimal Use of Minimally Invasive Glaucoma Surgery: Recommendations
2233,2,Medical Sciences,3,"""cancer"" +3",NBK543177,2019,National Institute for Health and Care Research,Eicosapentaenoic acid and/or aspirin for preventing colorectal adenomas during colonoscopic surveillance in the NHS Bowel Cancer Screening Programme: the seAFOod RCT
2234,2,Medical Sciences,3,"""surgery"" +3",NBK543291,2019,National Institute for Health and Care Research,The Arthroplasty Candidacy Help Engine tool to select candidates for hip and knee replacement surgery: development and economic modelling
2235,2,Medical Sciences,3,"""cancer"" +3",NBK543306,2019,Canadian Agency for Drugs and Technologies in Health,HPV Testing for Primary Cervical Cancer Screening: Recommendations Report
2236,2,Medical Sciences,3,"""diabetes"" +3",NBK543396,2019,Canadian Agency for Drugs and Technologies in Health,"CADTH Canadian Drug Expert Committee Recommendation: Semaglutide (Ozempic — Novo Nordisk Canada Inc.): Indication: Diabetes mellitus, type 2 to improve glycemic control"
2237,2,Medical Sciences,3,"""anaesthetic"" +3",NBK543931,2019,National Institute for Health and Care Research,Anaesthetic–analgesic ear drops to reduce antibiotic consumption in children with acute otitis media: the CEDAR RCT
2238,2,Medical Sciences,3,"""cardiovascular"" +3",NBK544461,2019,National Institute for Health and Care Research,A national registry to assess the value of cardiovascular magnetic resonance imaging after primary percutaneous coronary intervention pathway activation: a feasibility cohort study
2239,2,Medical Sciences,3,"""epilepsy"" +3",NBK544549,2019,Department of Veterans Affairs (US),Self-management of Epilepsy: A Systematic Review
2240,2,Medical Sciences,3,"""hepatitis"" +3",NBK544661,2019,Agency for Healthcare Research and Quality (US),Screening for Hepatitis B Virus Infection in Pregnant Women: An Updated Systematic Review for the U.S. Preventive Services Task Force
2241,2,Medical Sciences,3,"""stroke"" +3",NBK545111,2019,National Institute for Health and Care Research,Vertebral artery stenting to prevent recurrent stroke in symptomatic vertebral artery stenosis: the VIST RCT
2242,2,Medical Sciences,3,"""cancer"" +3",NBK545867,2019,Agency for Healthcare Research and Quality (US),"Risk Assessment, Genetic Counseling, and Genetic Testing for BRCA1/2-Related Cancer in Women: A Systematic Review for the U.S. Preventive Services Task Force"
2243,2,Medical Sciences,3,"""hiv"" +3",NBK546035,2019,World Health Organization,Contraceptive eligibility for women at high risk of HIV: Guidance statement: Recommendations on contraceptive methods used by women at high risk of HIV
2244,2,Medical Sciences,3,"""surgery"" +3",NBK546985,2019,National Institute for Health and Care Research,A national quality improvement programme to improve survival after emergency abdominal surgery: the EPOCH stepped-wedge cluster RCT
2245,2,Medical Sciences,3,"""cancer"" +3",NBK547257,2015,Springer,Constructions of Cancer in Early Modern England: Ravenous Natures
2246,2,Medical Sciences,3,"""cancer"" +3",NBK549182,2019,World Health Organization,WHO guidelines for the use of thermal ablation for cervical pre-cancer lesions
2247,2,Medical Sciences,3,"""carcinoma"" +3",NBK549195,2019,Exon Publications,Hepatocellular Carcinoma
2248,2,Medical Sciences,3,"""lymphoma"" +3",NBK550061,2019,Canadian Agency for Drugs and Technologies in Health,Axicabtagene Ciloleucel for Diffuse Large B-Cell Lymphoma: Economic Review Report
2249,2,Medical Sciences,3,"""lymphoma"" +3",NBK550075,2019,Canadian Agency for Drugs and Technologies in Health,Axicabtagene Ciloleucel for Large B-Cell Lymphoma: Ethics and Implementation Report
2250,2,Medical Sciences,3,"""lymphoma"" +3",NBK550089,2019,Canadian Agency for Drugs and Technologies in Health,Axicabtagene Ciloleucel for Large B-Cell Lymphoma: Recommendations
2251,2,Medical Sciences,3,"""lymphoma"" +3",NBK550115,2019,Canadian Agency for Drugs and Technologies in Health,Axicabtagene Ciloleucel for Large B-cell Lymphoma: Implementation and Ethics Project Protocol
2252,2,Medical Sciences,3,"""cancer"" +3",NBK550212,2019,National Cancer Institute (US),Assessment of cancer screening: a primer
2253,2,Medical Sciences,3,"""hypertension"" +3",NBK551303,2019,National Institute for Health and Care Research,Identifying and treating high blood pressure in men under 55 years with grade 1 hypertension: the TREAT CASP study and RCT
2254,2,Medical Sciences,3,"""surgery"" +3",NBK551762,2019,National Institute for Health and Care Research,Multicomponent hospital-led interventions to reduce hospital stay for older adults following elective surgery: a systematic review
2255,2,Medical Sciences,3,"""cardiovascular"" +3",NBK551784,2019,National Institute for Health and Care Research,Enhanced motivational interviewing for reducing weight and increasing physical activity in adults with high cardiovascular risk: the MOVE IT three-arm RCT
2256,2,Medical Sciences,3,"""neurological"" +3",NBK551870,2019,Canadian Agency for Drugs and Technologies in Health,Community Water Fluoridation Exposure: A Review of Neurological and Cognitive Effects
2257,2,Medical Sciences,3,"""diabetic"" +3",NBK551888,2019,Canadian Agency for Drugs and Technologies in Health,CADTH Canadian Drug Expert Committee Recommendation: Fluocinolone Acetonide (Iluvien — Knight Therapeutics Inc.): Indication: Diabetic macular edema
2258,2,Medical Sciences,3,"""cardiovascular"" +3",NBK552341,2020,National Institute for Health and Care Research,Implementation of interventions to reduce preventable hospital admissions for cardiovascular or respiratory conditions: an evidence map and realist synthesis
2259,2,Medical Sciences,3,"""cancer"" +3",NBK552390,2020,National Institute for Health and Care Research,Lenvatinib and sorafenib for differentiated thyroid cancer after radioactive iodine: a systematic review and economic evaluation
2260,2,Medical Sciences,3,"""diabetic"" +3",NBK553006,2019,Michigan Medicine University of Michigan,Diabetic Foot Infections
2261,2,Medical Sciences,3,"""stroke"" +3",NBK553477,2020,National Institute for Health and Care Research,Positron emission tomography to image cerebral neuroinflammation in ischaemic stroke: a pilot study
2262,2,Medical Sciences,3,"""sepsis"" +3",NBK553809,2019,Springer,Sepsis Management in Resource-limited Settings
2263,2,Medical Sciences,3,"""ophthalmology"" +3",NBK554051,2019,Springer,High Resolution Imaging in Microscopy and Ophthalmology: New Frontiers in Biomedical Optics
2264,2,Medical Sciences,3,"""surgery"" +3",NBK554681,2020,National Institute for Health and Care Research,Preoperative behavioural intervention to reduce drinking before elective orthopaedic surgery: the PRE-OP BIRDS feasibility RCT
2265,2,Medical Sciences,3,"""surgical"" +3",NBK554725,2020,National Institute for Health and Care Research,Surgical interventions for uterine prolapse and for vault prolapse: the two VUE RCTs
2266,2,Medical Sciences,3,"""hepatitis"" +3",NBK554896,2020,Agency for Healthcare Research and Quality (US),Screening for Hepatitis C Virus Infection in Adolescents and Adults: A Systematic Review Update for the U.S. Preventive Services Task Force
2267,2,Medical Sciences,3,"""asthma"" +3",NBK556503,2020,Agency for Healthcare Research and Quality (US),Characteristics of Existing Asthma Self-Management Education Packages
2268,2,Medical Sciences,3,"""anesthesia"" +3",NBK558163,2019,RTI Press,Constructing a Measure of Anesthesia Intensity Using Cross-Sectional Claims Data
2269,2,Medical Sciences,3,"""anesthesia"" +3",NBK558317,2020,Department of Veterans Affairs (US),Evidence Brief: Capnography for Moderate Sedation in Non-Anesthesia Settings
2270,2,Medical Sciences,3,"""diabetes"" +3",NBK558398,2020,National Institute for Health and Care Research,Psychological interventions to improve self-management of type 1 and type 2 diabetes: a systematic review
2271,2,Medical Sciences,3,"""hiv"" +3",NBK558864,2023,Johns Hopkins University,HIV Resistance Assays
2272,2,Medical Sciences,3,"""surgery"" +3",NBK559502,2019,Department of Veterans Affairs (US),Robotic-assisted Surgery in Partial Nephrectomy and Cystectomy: A Systematic Review
2273,2,Medical Sciences,3,"""psychiatric"" +3",NBK560013,2007,National Health Policy Forum,Shrinking Inpatient Psychiatric Capacity: Cause for Celebration or Concern?
2274,2,Medical Sciences,3,"""cancer"" +3",NBK560269,2020,National Institute for Health and Care Research,"Active monitoring, radical prostatectomy and radical radiotherapy in PSA-detected clinically localised prostate cancer: the ProtecT three-arm RCT"
2275,2,Medical Sciences,3,"""hiv"" +3",NBK560463,2022,Johns Hopkins University,"HIV Testing During Pregnancy, at Delivery, and Postpartum"
2276,2,Medical Sciences,3,"""hepatitis"" +3",NBK561127,2020,World Health Organization,Prevention of Mother-to-Child Transmission of Hepatitis B Virus: Guidelines on Antiviral Prophylaxis in Pregnancy
2277,2,Medical Sciences,3,"""stroke"" +3",NBK561473,2020,National Institute for Health and Care Research,Using co-production to increase activity in acute stroke units: the CREATE mixed-methods study
2278,2,Medical Sciences,3,"""surgical"" +3",NBK562056,2020,National Institute for Health and Care Research,"The epidemiology, management and impact of surgical wounds healing by secondary intention: a research programme including the SWHSI feasibility RCT"
2279,2,Medical Sciences,3,"""hiv"" +3",NBK562734,2025,Johns Hopkins University,PEP to Prevent HIV Infection
2280,2,Medical Sciences,3,"""tuberculosis"" +3",NBK562835,2020,Canadian Agency for Drugs and Technologies in Health,Prevention of Tuberculosis: A Review of Guidelines
2281,2,Medical Sciences,3,"""tuberculosis"" +3",NBK562928,2020,Canadian Agency for Drugs and Technologies in Health,Identification of Tuberculosis: A Review of the Guidelines
2282,2,Medical Sciences,3,"""tuberculosis"" +3",NBK562936,2020,Canadian Agency for Drugs and Technologies in Health,Tuberculosis in People with Compromised Immunity: A Review of Guidelines
2283,2,Medical Sciences,3,"""surgical"" +3",NBK562938,2020,Canadian Agency for Drugs and Technologies in Health,Experiences with and Expectations of Robotic Surgical Systems: A Rapid Qualitative Review
2284,2,Medical Sciences,3,"""tuberculosis"" +3",NBK562941,2020,Canadian Agency for Drugs and Technologies in Health,Drug-Resistant Tuberculosis: A Review of the Guidelines
2285,2,Medical Sciences,3,"""epilepsy"" +3",NBK563424,2020,National Institute for Health and Care Research,Seizure first aid training for people with epilepsy attending emergency departments and their significant others: the SAFE intervention and feasibility RCT
2286,2,Medical Sciences,3,"""tuberculosis"" +3",NBK563462,2020,National Institute for Health and Care Research,Management and control of tuberculosis control in socially complex groups: a research programme including three RCTs
2287,2,Medical Sciences,3,"""surgical"" +3",NBK563514,2020,National Institute for Health and Care Research,Surgical fixation compared with cast immobilisation for adults with a bicortical fracture of the scaphoid waist: the SWIFFT RCT
2288,2,Medical Sciences,3,"""diabetes"" +3",NBK563523,2020,Department of Veterans Affairs (US),Evidence Brief: Virtual Diet Programs for Diabetes
2289,2,Medical Sciences,3,"""cancer"" +3",NBK563627,2020,National Institute for Health and Care Research,Annual mammographic screening to reduce breast cancer mortality in women from age 40 years: long-term follow-up of the UK Age RCT
2290,2,Medical Sciences,3,"""cancer"" +3",NBK563783,2019,Agency for Healthcare Research and Quality (US),Screening for Pancreatic Cancer: A Systematic Evidence Review for the U.S. Preventive Services Task Force
2291,2,Medical Sciences,3,"""neonatal"" +3",NBK563908,2020,National Institute for Health and Care Research,Antimicrobial-impregnated central venous catheters for preventing neonatal bloodstream infection: the PREVAIL RCT
2292,2,Medical Sciences,3,"""cancer"" +3",NBK564103,2020,Canadian Agency for Drugs and Technologies in Health,Capsaicin for Acute or Chronic Non-Cancer Pain: A Review of Guidelines
2293,2,Medical Sciences,3,"""diabetes"" +3",NBK564229,2020,Canadian Agency for Drugs and Technologies in Health,Pioglitazone for Type 2 Diabetes Mellitus and Pre-Diabetes: A Review of Safety
2294,2,Medical Sciences,3,"""surgical"" +3",NBK564231,2020,Canadian Agency for Drugs and Technologies in Health,Preoperative Interventions for the Prevention of Surgical Site Infections: A Review of Guidelines
2295,2,Medical Sciences,3,"""hypertension"" +3",NBK564973,2020,Agency for Healthcare Research and Quality (US),Screening for Hypertension in Children and Adolescents: Systematic Review for the U.S. Preventive Services Task Force
2296,2,Medical Sciences,3,"""diabetic"" +3",NBK565247,2020,Canadian Agency for Drugs and Technologies in Health,Off-Loading Devices for People with Diabetic Neuropathic Foot Ulcers: A Rapid Qualitative Review
2297,2,Medical Sciences,3,"""cancer"" +3",NBK565436,2020,RTI Press,Young Breast Cancer Survivors: Employment Experience and Financial Well-Being
2298,2,Medical Sciences,3,"""hepatitis"" +3",NBK565982,2020,Agency for Healthcare Research and Quality (US),Screening for Hepatitis B Virus Infection in Nonpregnant Adolescents and Adults: A Systematic Review for the U.S. Preventive Services Task Force
2299,2,Medical Sciences,3,"""diabetes"" +3",NBK566165,2020,American Diabetes Association,The Role of Blood Glucose Monitoring in Diabetes Management
2300,2,Medical Sciences,3,"""cancer"" +3",NBK566710,2020,Canadian Urological Association,Practical Approaches to Managing Advanced Kidney Cancer: Version 2020
2301,2,Medical Sciences,3,"""surgery"" +3",NBK567022,2021,National Institute for Health and Care Research,Femtosecond laser-assisted cataract surgery compared with phacoemulsification: the FACT non-inferiority RCT
2302,2,Medical Sciences,3,"""neonatal"" +3",NBK567493,2020,Michigan Medicine University of Michigan,Management of Indirect Neonatal Hyperbilirubinemia
2303,2,Medical Sciences,3,"""diabetes"" +3",NBK567571,2021,National Institute for Health and Care Research,Long limb compared with standard limb Roux-en-Y gastric bypass for type 2 diabetes and obesity: the LONG LIMB RCT
2304,2,Medical Sciences,3,"""neurological"" +3",NBK567579,2020,Canadian Agency for Drugs and Technologies in Health,Community Water Fluoridation Exposure: A Review of Neurological and Cognitive Effects – A 2020 Update
2305,2,Medical Sciences,3,"""hypertension"" +3",NBK567645,2020,Office of the Surgeon General (US),The Surgeon General's Call to Action to Control Hypertension
2306,2,Medical Sciences,3,"""surgery"" +3",NBK567892,2021,National Institute for Health and Care Research,Preoperative intravenous iron for anaemia in elective major open abdominal surgery: the PREVENTT RCT
2307,2,Medical Sciences,3,"""diabetes"" +3",NBK567985,2018,National Institute of Diabetes and Digestive and Kidney Diseases (NIDDK),Diabetes in America. 3rd edition
2308,2,Medical Sciences,3,"""surgery"" +3",NBK568179,2021,National Institute for Health and Care Research,Patch augmentation surgery for rotator cuff repair: the PARCS mixed-methods feasibility study
2309,2,Medical Sciences,3,"""malaria"" +3",NBK568489,2021,World Health Organization,WHO Guidelines for malaria
2310,2,Medical Sciences,3,"""neurological"" +3",NBK568539,2019,National Institute of Environmental Health Sciences,NTP Monograph on the Systematic Review of Long-term Neurological Effects Following Acute Exposure to Sarin: NTP Monograph 06
2311,2,Medical Sciences,3,"""cancer"" +3",NBK568573,2021,Agency for Healthcare Research and Quality (US),Screening for Lung Cancer With Low-Dose Computed Tomography: An Evidence Review for the U.S. Preventive Services Task Force
2312,2,Medical Sciences,3,"""cancer"" +3",NBK568586,2021,Agency for Healthcare Research and Quality (US),Evaluation of the Benefits and Harms of Lung Cancer Screening With Low-Dose Computed Tomography: A Collaborative Modeling Study for the U.S. Preventive Services Task Force
2313,2,Medical Sciences,3,"""asthma"" +3",NBK568878,2020,Canadian Agency for Drugs and Technologies in Health,"CADTH Canadian Drug Expert Committee Recommendation: Indacaterol/Glycopyrronium/Mometasone Furoate (Enerzair Breezhaler — Novartis Pharmaceuticals Canada Inc.): Indication: Asthma maintenance, adults"
2314,2,Medical Sciences,3,"""asthma"" +3",NBK568879,2020,Canadian Agency for Drugs and Technologies in Health,"CADTH Canadian Drug Expert Committee Recommendation: Indacaterol/Mometasone Furoate (Atectura Breezhaler — Novartis Pharmaceuticals Canada Inc.): Indication: Asthma maintenance (adults, children aged 12 or older)"
2315,2,Medical Sciences,3,"""asthma"" +3",NBK568885,2021,Canadian Agency for Drugs and Technologies in Health,"Pharmacoeconomic Report: Indacaterol Acetate-Glycopyrronium Bromide-Mometasone Furoate (Enerzair Breezhaler) (Novartis Pharmaceuticals Canada Inc.): Indication: Asthma maintenance, adults"
2316,2,Medical Sciences,3,"""cardiac"" +3",NBK569524,2021,National Institute for Health and Care Research,Adrenaline to improve survival in out-of-hospital cardiac arrest: the PARAMEDIC2 RCT
2317,2,Medical Sciences,3,"""cancer"" +3",NBK569800,2021,Exon Publications,Liver Cancer
2318,2,Medical Sciences,3,"""hypertension"" +3",NBK570230,2021,Agency for Healthcare Research and Quality (US),Screening for Hypertension in Adults: An Updated Systematic Evidence Review for the U.S. Preventive Services Task Force
2319,2,Medical Sciences,3,"""diabetes"" +3",NBK570523,2021,National Institute for Health and Care Research,Identifying determinants of diabetes risk and outcomes for people with severe mental illness: a mixed-methods study
2320,2,Medical Sciences,3,"""surgery"" +3",NBK570692,2020,Department of Veterans Affairs (US),"Robot-assisted Procedures in General Surgery: Cholecystectomy, Inguinal and Ventral Hernia Repairs"
2321,2,Medical Sciences,3,"""cancer"" +3",NBK570833,2021,Agency for Healthcare Research and Quality (US),Colorectal Cancer Screening: An Updated Decision Analysis for the U.S. Preventive Services Task Force
2322,2,Medical Sciences,3,"""cancer"" +3",NBK570913,2021,Agency for Healthcare Research and Quality (US),Screening for Colorectal Cancer: An Evidence Update for the U.S. Preventive Services Task Force
2323,2,Medical Sciences,3,"""diabetes"" +3",NBK571291,2020,Indian Health Service (US),Special Diabetes Program for Indians 2020 Report to Congress: Changing the Course of Diabetes: Charting Remarkable Progress
2324,2,Medical Sciences,3,"""surgery"" +3",NBK571295,2021,Cambridge University Press,Surgery and Selfhood in Early Modern England: Altered Bodies and Contexts of Identity
2325,2,Medical Sciences,3,"""cancer"" +3",NBK571325,2021,Exon Publications,Prostate Cancer
2326,2,Medical Sciences,3,"""surgical"" +3",NBK571532,2021,Canadian Agency for Drugs and Technologies in Health,Screening Tools for Chronic Post-Surgical Pain
2327,2,Medical Sciences,3,"""carcinoma"" +3",NBK571551,2021,Canadian Agency for Drugs and Technologies in Health,Yttrium-90 Microspheres for Intermediate- or Advanced-Stage Hepatocellular Carcinoma
2328,2,Medical Sciences,3,"""cancer"" +3",NBK571598,2021,National Institute of Environmental Health Sciences,NTP Cancer Hazard Assessment Report on Night Shift Work and Light at Night
2329,2,Medical Sciences,3,"""tuberculosis"" +3",NBK571919,2021,Canadian Agency for Drugs and Technologies in Health,Interferon Gamma Release Assay for the Identification of Latent Tuberculosis Infection in Rural and Remote Settings
2330,2,Medical Sciences,3,"""tuberculosis"" +3",NBK571944,2021,Canadian Agency for Drugs and Technologies in Health,"Tuberculosis Stigma and Racism, Colonialism, and Migration: A Rapid Qualitative Review"
2331,2,Medical Sciences,3,"""stroke"" +3",NBK572004,2021,Exon Publications,Stroke
2332,2,Medical Sciences,3,"""hepatitis"" +3",NBK572748,2021,World Health Organization,Recommendations and guidance on hepatitis C virus self-testing
2333,2,Medical Sciences,3,"""cancer"" +3",NBK573088,2021,Agency for Healthcare Research and Quality (US),Standardized Library of Lung Cancer Outcome Measures
2334,2,Medical Sciences,3,"""diabetes"" +3",NBK573100,2021,Agency for Healthcare Research and Quality (US),Screening for Gestational Diabetes Mellitus: A Systematic Review to Update the 2014 U.S. Preventive Services Task Force Recommendation
2335,2,Medical Sciences,3,"""cancer"" +3",NBK573234,2020,Springer,Advancing the Science of Cancer in Latinos
2336,2,Medical Sciences,3,"""cancer"" +3",NBK573689,2021,Springer,The Heterogeneity of Cancer Metabolism
2337,2,Medical Sciences,3,"""surgery"" +3",NBK573768,2021,Springer,Trends in Cerebrovascular Surgery and Interventions
2338,2,Medical Sciences,3,"""surgical"" +3",NBK573795,2021,National Institute for Health and Care Research,Placebo comparator group selection and use in surgical trials: the ASPIRE project including expert workshop
2339,2,Medical Sciences,3,"""cardiac"" +3",NBK574014,2021,National Institute for Health and Care Research,Planned delivery to improve postpartum cardiac function in women with preterm pre-eclampsia: the PHOEBE mechanisms of action study within the PHOENIX RCT
2340,2,Medical Sciences,3,"""diabetes"" +3",NBK574057,2021,Agency for Healthcare Research and Quality (US),Screening for Prediabetes and Type 2 Diabetes Mellitus: An Evidence Review for the U.S. Preventive Services Task Force
2341,2,Medical Sciences,3,"""sepsis"" +3",NBK574151,2021,National Institute for Health and Care Research,Lactoferrin impact on gut microbiota in preterm infants with late-onset sepsis or necrotising enterocolitis: the MAGPIE mechanisms of action study
2342,2,Medical Sciences,3,"""malaria"" +3",NBK574702,2021,World Health Organization,WHO Guidelines for malaria
2343,2,Medical Sciences,3,"""cancer"" +3",NBK575104,2021,National Institute for Health and Care Research,Specialist cancer services for teenagers and young adults in England: BRIGHTLIGHT research programme
2344,2,Medical Sciences,3,"""surgery"" +3",NBK575227,2021,National Institute for Health and Care Research,Surgery versus conservative management of stable thoracolumbar fracture: the PRESTO feasibility RCT
2345,2,Medical Sciences,3,"""stroke"" +3",NBK575455,2021,National Institute for Health and Care Research,Large-scale implementation of stroke early supported discharge: the WISE realist mixed-methods study
2346,2,Medical Sciences,3,"""epilepsy"" +3",NBK575846,2021,National Institute for Health and Care Research,Lamotrigine versus levetiracetam or zonisamide for focal epilepsy and valproate versus levetiracetam for generalised and unclassified epilepsy: two SANAD II non-inferiority RCTs
2347,2,Medical Sciences,3,"""cancer"" +3",NBK576310,2021,National Institute for Health and Care Research,Modelling approaches for histology-independent cancer drugs to inform NICE appraisals: a systematic review and decision-framework
2348,2,Medical Sciences,3,"""diabetes"" +3",NBK576329,2021,National Institute for Health and Care Research,Behavioural interventions to promote physical activity in a multiethnic population at high risk of diabetes: PROPELS three-arm RCT
2349,2,Medical Sciences,3,"""pediatric"" +3",NBK577018,2019,Academic Forensic Pathology International,"Unexplained Pediatric Deaths: Investigation, Certification, and Family Needs"
2350,2,Medical Sciences,3,"""surgical"" +3",NBK577263,2022,National Institute for Health and Care Research,Endovascular stent grafting and open surgical replacement for chronic thoracic aortic aneurysms: a systematic review and prospective cohort study
2351,2,Medical Sciences,3,"""geriatric"" +3",NBK577408,2022,National Institute for Health and Care Research,Hospital at Home admission avoidance with comprehensive geriatric assessment to maintain living at home for people aged 65 years and over: a RCT
2352,2,Medical Sciences,3,"""cancer"" +3",NBK577618,2020,United States Department of Agriculture,"Dietary Patterns and Breast, Colorectal, Lung, and Prostate Cancer: A Systematic Review"
2353,2,Medical Sciences,3,"""lymphoma"" +3",NBK578253,2021,Codon Publications,Lymphoma
2354,2,Medical Sciences,3,"""diabetes"" +3",NBK578518,2020,United States Department of Agriculture,Dietary Patterns and Risk of Type 2 Diabetes: A Systematic Review
2355,2,Medical Sciences,3,"""malaria"" +3",NBK579022,2022,World Health Organization,WHO Guidelines for malaria
2356,2,Medical Sciences,3,"""tuberculosis"" +3",NBK579387,2022,World Health Organization,WHO consolidated guidelines on tuberculosis: Module 5: Management of tuberculosis in children and adolescents
2357,2,Medical Sciences,3,"""asthma"" +3",NBK579412,2021,Michigan Medicine University of Michigan,Asthma
2358,2,Medical Sciences,3,"""diabetes"" +3",NBK579413,2021,Michigan Medicine University of Michigan,Management of Type 2 Diabetes Mellitus
2359,2,Medical Sciences,3,"""diabetes"" +3",NBK579582,2020,United States Department of Agriculture,Frequency of Eating and Type 2 Diabetes: A Systematic Review
2360,2,Medical Sciences,3,"""malaria"" +3",NBK579587,2022,World Health Organization,WHO Guidelines for malaria
2361,2,Medical Sciences,3,"""neurology"" +3",NBK579777,2021,Milano University Press,NEUROLOGY OF COVID–19
2362,2,Medical Sciences,3,"""diabetes"" +3",NBK579813,2019,United States Department of Agriculture,Dietary Patterns before and during Pregnancy and Risk of Gestational Diabetes Mellitus: A Systematic Review
2363,2,Medical Sciences,3,"""leukemia"" +3",NBK579826,2019,United States Department of Agriculture,Never Versus Ever Feeding Human Milk and Childhood Leukemia: A Systematic Review
2364,2,Medical Sciences,3,"""leukemia"" +3",NBK579831,2019,United States Department of Agriculture,Shorter Versus Longer Durations of Any Human Milk Feeding and Childhood Leukemia: A Systematic Review
2365,2,Medical Sciences,3,"""cardiac"" +3",NBK579861,2022,National Institute for Health and Care Research,Supraglottic airway device versus tracheal intubation in the initial airway management of out-of-hospital cardiac arrest: the AIRWAYS-2 cluster RCT
2366,2,Medical Sciences,3,"""leukemia"" +3",NBK580072,2019,United States Department of Agriculture,Shorter Versus Longer Durations of Exclusive Human Milk Feeding and Childhood Leukemia: A Systematic Review
2367,2,Medical Sciences,3,"""asthma"" +3",NBK580110,2019,United States Department of Agriculture,"Never Versus Ever Feeding Human Milk and Food Allergies, Allergic Rhinitis, Atopic Dermatitis, and Asthma: A Systematic Review"
2368,2,Medical Sciences,3,"""leukemia"" +3",NBK580114,2019,United States Department of Agriculture,"Feeding a Lower Versus Higher Intensity, Proportion, or Amount of Human Milk to Mixed-Fed Infants and Childhood Leukemia: A Systematic Review"
2369,2,Medical Sciences,3,"""asthma"" +3",NBK580356,2019,United States Department of Agriculture,"Shorter Versus Longer Durations of Exclusive Human Milk Feeding Prior to the Introduction of Infant Formula and Food Allergies, Allergic Rhinitis, Atopic Dermatitis, and Asthma: A Systematic Review"
2370,2,Medical Sciences,3,"""asthma"" +3",NBK580361,2019,United States Department of Agriculture,"Shorter Versus Longer Durations of Any Human Milk Feeding and Food Allergies, Allergic Rhinitis, Atopic Dermatitis, and Asthma: A Systematic Review"
2371,2,Medical Sciences,3,"""asthma"" +3",NBK580365,2019,United States Department of Agriculture,"Feeding a Lower Versus Higher Intensity, Proportion, or Amount of Human Milk to Mixed-Fed Infants and Food Allergies, Allergic Rhinitis, Atopic Dermatitis, and Asthma: A Systematic Review"
2372,2,Medical Sciences,3,"""epilepsy"" +3",NBK580617,2022,Exon Publications,Epilepsy
2373,2,Medical Sciences,3,"""asthma"" +3",NBK580716,2019,United States Department of Agriculture,"Feeding a Higher Intensity, Proportion, or Amount of Human Milk by Bottle Versus By Breast and Food Allergies, Allergic Rhinitis, Atopic Dermatitis, and Asthma: A Systematic Review"
2374,2,Medical Sciences,3,"""cancer"" +3",NBK580737,2022,National Institute for Health and Care Research,Colonoscopy surveillance following adenoma removal to reduce the risk of colorectal cancer: a retrospective cohort study
2375,2,Medical Sciences,3,"""diabetes"" +3",NBK580897,2019,United States Department of Agriculture,Never Versus Ever Feeding Human Milk and Diabetes Outcomes in Offspring: A Systematic Review
2376,2,Medical Sciences,3,"""cancer"" +3",NBK581073,2021,Nigerian National System of Cancer Registries,Cancer in Nigeria: 2009 – 2016
2377,2,Medical Sciences,3,"""diabetes"" +3",NBK581189,2019,United States Department of Agriculture,Shorter Versus Longer Durations of Any Human Milk Feeding and Diabetes Outcomes in Offspring: A Systematic Review
2378,2,Medical Sciences,3,"""diabetes"" +3",NBK581194,2019,United States Department of Agriculture,Shorter Versus Longer Durations of Exclusive Human Milk Feeding and Diabetes Outcomes in Offspring: A Systematic Review
2379,2,Medical Sciences,3,"""diabetes"" +3",NBK581199,2019,United States Department of Agriculture,"Feeding a Lower Versus Higher Intensity, Proportion, or Amount of Human Milk to Mixed-Fed Infants and Diabetes Outcomes in Offspring: A Systematic Review"
2380,2,Medical Sciences,3,"""tuberculosis"" +3",NBK581567,2020,World Health Organization,Directrices unificadas de la OMS sobre la tuberculosis: Módulo 3: Diagnóstico – Métodos de diagnóstico rápido para la detección de la tuberculosis
2381,2,Medical Sciences,3,"""surgery"" +3",NBK581595,2022,Department of Veterans Affairs (US),Evidence Brief: Intracameral Moxifloxacin for Prevention of Endophthalmitis After Cataract Surgery
2382,2,Medical Sciences,3,"""cancer"" +3",NBK581776,2022,National Institute for Health and Care Research,Improving outcomes for women aged 70 years or above with early breast cancer: research programme including a cluster RCT
2383,2,Medical Sciences,3,"""hiv"" +3",NBK581840,2022,Johns Hopkins University,HIV Testing
2384,2,Medical Sciences,3,"""asthma"" +3",NBK581850,2019,United States Department of Agriculture,"Timing of Introduction of Complementary Foods and Beverages and Food Allergy, Atopic Dermatitis/Eczema, Asthma, and Allergic Rhinitis: A Systematic Review"
2385,2,Medical Sciences,3,"""asthma"" +3",NBK581855,2019,United States Department of Agriculture,"Types and Amounts of Complementary Foods and Beverages and Food Allergy, Atopic Dermatitis/Eczema, Asthma, and Allergic Rhinitis: A Systematic Review"
2386,2,Medical Sciences,3,"""diabetes"" +3",NBK581934,2021,International Diabetes Federation,IDF DIABETES ATLAS. 10th edition
2387,2,Medical Sciences,3,"""diabetes"" +3",NBK581941,2021,International Diabetes Federation,IDF Diabetes Atlas
2388,2,Medical Sciences,3,"""tuberculosis"" +3",NBK582192,2022,World Health Organization,Directrices unificadas de la OMS sobre la tuberculosis: Módulo 1: Prevención – Tratamiento preventivo de la tuberculosis
2389,2,Medical Sciences,3,"""stroke"" +3",NBK582280,2022,National Institute for Health and Care Research,Systematic voiding programme in adults with urinary incontinence following acute stroke: the ICONS-II RCT
2390,2,Medical Sciences,3,"""surgery"" +3",NBK583141,2022,National Institute for Health and Care Research,Synthetic sling or artificial urinary sphincter for men with urodynamic stress incontinence after prostate surgery: the MASTER non-inferiority RCT
2391,2,Medical Sciences,3,"""hepatitis"" +3",NBK583364,2020,World Health Organization,Prevención de la Transmisión Maternoinfantil del Virus de la Hepatitis B: Directrices Sobre la Profilaxis con Antivirales en el Embarazo
2392,2,Medical Sciences,3,"""cancer"" +3",NBK583470,2022,National Cancer Institute (US),National Cancer Institute Tobacco Control Monograph Series
2393,2,Medical Sciences,3,"""diabetes"" +3",NBK583574,2022,National Institute for Health and Care Research,"Group clinics for young adults living with diabetes in an ethnically diverse, socioeconomically deprived population: mixed-methods evaluation"
2394,2,Medical Sciences,3,"""tuberculosis"" +3",NBK583752,2021,Canadian Agency for Drugs and Technologies in Health,Tuberculosis Screening for People With Chronic Conditions
2395,2,Medical Sciences,3,"""tuberculosis"" +3",NBK583753,2021,Canadian Agency for Drugs and Technologies in Health,Interferon Gamma Release Assay for Identifying Latent Tuberculosis Infection in People With Bacillus Calmette-Guérin Vaccination
2396,2,Medical Sciences,3,"""tuberculosis"" +3",NBK583755,2021,Canadian Agency for Drugs and Technologies in Health,Visual Examination Frequency for People Taking Ethambutol for Tuberculosis
2397,2,Medical Sciences,3,"""tuberculosis"" +3",NBK583756,2021,Canadian Agency for Drugs and Technologies in Health,Prevention of Tuberculosis Reactivation
2398,2,Medical Sciences,3,"""cancer"" +3",NBK583818,2022,Exon Publications,Breast Cancer
2399,2,Medical Sciences,3,"""cancer"" +3",NBK584200,2022,Springer,"The Comprehensive Cancer Center: Development, Integration, and Implementation"
2400,2,Medical Sciences,3,"""diabetic"" +3",NBK584287,2020,Springer,Diabetic Nephropathy: Methods and Protocols
2401,2,Medical Sciences,3,"""diabetes"" +3",NBK584380,2022,Agency for Healthcare Research and Quality (US),Screening for Prediabetes and Type 2 Diabetes Mellitus in Children and Adolescents: An Evidence Review for the U.S. Preventive Services Task Force
2402,2,Medical Sciences,3,"""tuberculosis"" +3",NBK584388,2021,Canadian Agency for Drugs and Technologies in Health,Occupational Screening for Latent Tuberculosis Infection
2403,2,Medical Sciences,3,"""stroke"" +3",NBK585445,2022,National Institute for Health and Care Research,Using simulation and machine learning to maximise the benefit of intravenous thrombolysis in acute stroke in England and Wales: the SAMueL modelling and qualitative study
2404,2,Medical Sciences,3,"""radiological"" +3",NBK585721,2021,Springer,"Nuclear and Radiological Emergencies in Animal Production Systems, Preparedness, Response and Recovery"
2405,2,Medical Sciences,3,"""surgery"" +3",NBK585817,2022,National Institute for Health and Care Research,Developing decision support tools incorporating personalised predictions of likely visual benefit versus harm for cataract surgery: research programme
2406,2,Medical Sciences,3,"""surgical"" +3",NBK585964,2021,Canadian Agency for Drugs and Technologies in Health,Chlorhexidine Gluconate for Skin Preparation During Catheter Insertion and Surgical Procedures
2407,2,Medical Sciences,3,"""cancer"" +3",NBK585990,2022,Exon Publications,Ovarian Cancer
2408,2,Medical Sciences,3,"""cancers"" +3",NBK586002,2022,Exon Publications,Gastrointestinal Cancers
2409,2,Medical Sciences,3,"""surgery"" +3",NBK586141,2010,The Dartmouth Institute for Health Policy and Clinical Practice,"Trends and Regional Variation in Hip, Knee, and Shoulder Replacement: A Dartmouth Atlas Surgery Report"
2410,2,Medical Sciences,3,"""leukemia"" +3",NBK586207,2022,Exon Publications,Leukemia
2411,2,Medical Sciences,3,"""epilepsies"" +3",NBK586275,2022,Agency for Healthcare Research and Quality (US),Management of Infantile Epilepsies
2412,2,Medical Sciences,3,"""tuberculosis"" +3",NBK586294,2022,World Health Organization,WHO consolidated guidelines on tuberculosis: Module 1: Prevention – Infection prevention and control
2413,2,Medical Sciences,3,"""hiv"" +3",NBK586584,2022,World Health Organization,Guidelines on Long-Acting Injectable Cabotegravir for HIV Prevention
2414,2,Medical Sciences,3,"""surgery"" +3",NBK586633,2010,The Dartmouth Institute for Health Policy and Clinical Practice,Trends and Regional Variation in Carotid Revascularization: A Dartmouth Atlas Surgery Report
2415,2,Medical Sciences,3,"""cancer"" +3",NBK587651,2022,National Institute for Health and Care Research,Impact of video-assisted thoracoscopic lobectomy versus open lobectomy for lung cancer on recovery assessed using self-reported physical function: VIOLET RCT
2416,2,Medical Sciences,3,"""diabetic"" +3",NBK587955,2022,National Institute for Health and Care Research,Standard threshold laser versus subthreshold micropulse laser for adults with diabetic macular oedema: the DIAMONDS non-inferiority RCT
2417,2,Medical Sciences,3,"""malaria"" +3",NBK588130,2021,World Health Organization,WHO guidelines for malaria
2418,2,Medical Sciences,3,"""diabetes"" +3",NBK588707,2019,Patient-Centered Outcomes Research Institute (PCORI),Tailoring Resources to Help Children and Parents Manage Type 1 Diabetes
2419,2,Medical Sciences,3,"""cancer"" +3",NBK589132,2023,Agency for Healthcare Research and Quality (US),Partial Breast Irradiation for Breast Cancer
2420,2,Medical Sciences,3,"""leukemia"" +3",NBK589230,2021,Patient-Centered Outcomes Research Institute (PCORI),Comparing Chemotherapy Recovery at Home versus in the Hospital for Children with Acute Myeloid Leukemia
2421,2,Medical Sciences,3,"""neonatales"" +3",NBK589460,2022,World Health Organization,Recomendaciones de la OMS sobre cuidados maternos y neonatales para una experiencia posnatal positiva
2422,2,Medical Sciences,3,"""pediatric"" +3",NBK589470,2022,RTI Press,Standard Measurement Protocols for Pediatric Development Research in the PhenX Toolkit
2423,2,Medical Sciences,3,"""diabetic"" +3",NBK590158,2022,Department of Veterans Affairs (US),Prognostic Tools and Interventions to Prevent and Treat Diabetic Foot Ulcers: A Review of Reviews
2424,2,Medical Sciences,3,"""cancer"" +3",NBK591447,2023,Agency for Healthcare Research and Quality (US),Screening for Skin Cancer: An Evidence Update for the U.S. Preventive Services Task Force
2425,2,Medical Sciences,3,"""hepatitis"" +3",NBK591654,2023,World Health Organization,"Directrices unificadas sobre prevención, diagnóstico, tratamiento y atención de la infección por el VIH, las hepatitis virales y las ITS para los grupos de población clave"
2426,2,Medical Sciences,3,"""tuberculosis"" +3",NBK591768,2023,Agency for Healthcare Research and Quality (US),Screening for Latent Tuberculosis Infection in Adults: An Evidence Review for the U.S. Preventive Services Task Force
2427,2,Medical Sciences,3,"""diabetes"" +3",NBK592221,2023,National Institute for Health and Care Research,Impact of a social prescribing intervention in North East England on adults with type 2 diabetes: the SPRING_NE multimethod study
2428,2,Medical Sciences,3,"""cancer"" +3",NBK592856,2018,Patient-Centered Outcomes Research Institute (PCORI),Can Value-of-Information Estimates Help Funding Organizations Prioritize which Cancer Studies to Fund?
2429,2,Medical Sciences,3,"""stroke"" +3",NBK593552,2021,Patient-Centered Outcomes Research Institute (PCORI),Stroke and Blood Clot Risk in Transgender Women Taking Hormones
2430,2,Medical Sciences,3,"""hiv"" +3",NBK594380,2023,Canadian Agency for Drugs and Technologies in Health,Fostemsavir (Rukobia): CADTH Reimbursement Recommendation: Indication: Human immunodeficiency virus (HIV) type 1
2431,2,Medical Sciences,3,"""hiv"" +3",NBK594566,2023,Agency for Healthcare Research and Quality (US),Pre-Exposure Prophylaxis for the Prevention of HIV Infection: A Systematic Review for the U.S. Preventive Services Task Force
2432,2,Medical Sciences,3,"""surgical"" +3",NBK594736,2020,Patient-Centered Outcomes Research Institute (PCORI),Comparing Surgical Treatments for Cervical Spondylotic Myelopathy—The CSM-S Trial
2433,2,Medical Sciences,3,"""cancer"" +3",NBK594816,2023,Department of Veterans Affairs (US),Prognostic Value of Genomic Classifier Testing for Prostate Cancer: A Systematic Review
2434,2,Medical Sciences,3,"""cancer"" +3",NBK594963,2023,Exon Publications,Advancements in Cancer Research
2435,2,Medical Sciences,3,"""cancer"" +3",NBK595233,2023,National Institute for Health and Care Research,"Mortality impact, risks, and benefits of general population screening for ovarian cancer: the UKCTOCS randomised controlled trial"
2436,2,Medical Sciences,3,"""hiv"" +3",NBK595333,2023,Canadian Agency for Drugs and Technologies in Health,Rapid HIV Self-Testing: CADTH Horizon Scan
2437,2,Medical Sciences,3,"""hypertension"" +3",NBK595358,2022,Canadian Agency for Drugs and Technologies in Health,Renal Denervation for People With Hypertension: CADTH Horizon Scan
2438,2,Medical Sciences,3,"""cancer"" +3",NBK595783,2023,Springer,Advancing the Science of Cancer in Latinos: Building Collaboration for Action
2439,2,Medical Sciences,3,"""surgery"" +3",NBK596029,2023,National Institute for Health and Care Research,A randomised controlled trial of adjunctive triamcinolone acetonide in eyes undergoing vitreoretinal surgery for open globe trauma – the ASCOT study
2440,2,Medical Sciences,3,"""sepsis"" +3",NBK596676,2022,Canadian Agency for Drugs and Technologies in Health,Artificial Intelligence for the Prediction of Sepsis in Adults: CADTH Horizon Scan
2441,2,Medical Sciences,3,"""diabetic"" +3",NBK597095,2023,National Institute for Health and Care Research,Individualised variable-interval risk-based screening in diabetic retinopathy: the ISDR research programme including RCT
2442,2,Medical Sciences,3,"""diabetes"" +3",NBK597413,2023,National Institute of Diabetes and Digestive and Kidney Diseases (NIDDK),Diabetes in America
2443,2,Medical Sciences,3,"""cancers"" +3",NBK597778,2023,International Agency for Research on Cancer,"Best practices in cervical screening programmes: Audit of cancers, legal and ethical frameworks, communication, and workforce competencies"
2444,2,Medical Sciences,3,"""hiv"" +3",NBK597807,2026,Johns Hopkins University,Immunizations for Adults With HIV
2445,2,Medical Sciences,3,"""hepatitis"" +3",NBK598240,2022,Johns Hopkins University,Pretreatment Assessment in Adults With Chronic Hepatitis C Virus Infection
2446,2,Medical Sciences,3,"""diabetes"" +3",NBK598991,2022,Canadian Agency for Drugs and Technologies in Health,Tirzepatide for Type 2 Diabetes Mellitus: CADTH Horizon Scan
2447,2,Medical Sciences,3,"""cancer"" +3",NBK598992,2022,Canadian Agency for Drugs and Technologies in Health,Emerging Multi-Cancer Early Detection Technologies: CADTH Horizon Scan
2448,2,Medical Sciences,3,"""leukemia"" +3",NBK599284,2021,Patient-Centered Outcomes Research Institute (PCORI),Comparing Hematopoietic Cell Transplant versus Other Treatments for Adults with Acute Myeloid Leukemia
2449,2,Medical Sciences,3,"""asthma"" +3",NBK599376,2021,Patient-Centered Outcomes Research Institute (PCORI),Comparing Programs to Improve Asthma Control and Quality of Life for Latino Youth Living in Rural Areas and Their Caregivers—The Respira Sano Study
2450,2,Medical Sciences,3,"""hiv"" +3",NBK599479,2022,Johns Hopkins University,Prevention and Management of Human Papillomavirus Infection in Adults With HIV
2451,2,Medical Sciences,3,"""carcinoma"" +3",NBK601400,2023,Department of Veterans Affairs (US),Screening for Hepatocellular Carcinoma in Adults at Increased Risk
2452,2,Medical Sciences,3,"""tumor"" +3",NBK601412,2023,Exon Publications,PET Agents for Primary Brain Tumor Imaging
2453,2,Medical Sciences,3,"""stroke"" +3",NBK601831,2023,Canadian Agency for Drugs and Technologies in Health,Tenecteplase for Acute Ischemic Stroke: Rapid Review
2454,2,Medical Sciences,3,"""stroke"" +3",NBK602102,2024,National Institute for Health and Care Research,Software with artificial intelligence-derived algorithms for analysing CT brain scans in people with a suspected acute stroke: a systematic review and cost-effectiveness analysis
2455,2,Medical Sciences,3,"""surgical"" +3",NBK602171,2024,National Institute for Health and Care Research,Surgical versus non-surgical management of lateral compression type-1 pelvic fracture in adults 60 years and older: the L1FE RCT
2456,2,Medical Sciences,3,"""surgery"" +3",NBK602236,2021,Patient-Centered Outcomes Research Institute (PCORI),Comparing Antibiotics and Surgery to Treat Appendicitis in Children
2457,2,Medical Sciences,3,"""sepsis"" +3",NBK602287,2024,National Institute for Health and Care Research,Prehospital early warning scores for adults with suspected sepsis: the PHEWS observational cohort and decision-analytic modelling study
2458,2,Medical Sciences,3,"""stroke"" +3",NBK602352,2021,Patient-Centered Outcomes Research Institute (PCORI),Comparing Ways to Treat Arm Weakness Due to Stroke
2459,2,Medical Sciences,3,"""lymphoma"" +3",NBK602387,2024,Canadian Agency for Drugs and Technologies in Health,Polatuzumab Vedotin (Polivy): CADTH Reimbursement Recommendation: Indication: Large B-cell lymphoma
2460,2,Medical Sciences,3,"""cancer"" +3",NBK602666,2022,Canadian Agency for Drugs and Technologies in Health,Prostate-Specific Membrane Antigen PET-CT Imaging for the Staging of Prostate Cancer in Canada: CMII Report
2461,2,Medical Sciences,3,"""surgical"" +3",NBK602667,2022,Canadian Agency for Drugs and Technologies in Health,Body Mass Index as a Measure of Obesity and Cut-Off for Surgical Eligibility: Technology Review
2462,2,Medical Sciences,3,"""cancer"" +3",NBK602671,2022,Canadian Agency for Drugs and Technologies in Health,Transanal Total Mesorectal Excision for Adults With Rectal Cancer: Rapid Review
2463,2,Medical Sciences,3,"""asthma"" +3",NBK603125,2019,Patient-Centered Outcomes Research Institute (PCORI),Does an Advanced Electronic Tracker Help Families Manage Children's Asthma Symptoms Better Than a Standard Electronic Tracker?
2464,2,Medical Sciences,3,"""diabetes"" +3",NBK603287,2022,Canadian Agency for Drugs and Technologies in Health,Intermittently Scanned and Real-Time Continuous Glucose Monitoring for People With Diabetes: Rapid Review
2465,2,Medical Sciences,3,"""diabetes"" +3",NBK603326,2022,Canadian Agency for Drugs and Technologies in Health,Real-Time Continuous Glucose Monitoring for People Living With Type 2 Diabetes: Rapid Review
2466,2,Medical Sciences,3,"""tuberculin"" +3",NBK603330,2022,Canadian Agency for Drugs and Technologies in Health,Delayed Tuberculin Skin Testing: Rapid Review
2467,2,Medical Sciences,3,"""diabetes"" +3",NBK603377,2022,Canadian Agency for Drugs and Technologies in Health,Real-Time Continuous Glucose Monitoring for People Living With Type 1 Diabetes: Rapid Review
2468,2,Medical Sciences,3,"""tuberculosis"" +3",NBK603418,2024,World Health Organization,WHO consolidated guidelines on tuberculosis: Module 6: Tuberculosis and comorbidities
2469,2,Medical Sciences,3,"""diabetes"" +3",NBK603527,2024,National Institute for Health and Care Research,Automated closed-loop insulin delivery for the management of type 1 diabetes during pregnancy: the AiDAPT RCT
2470,2,Medical Sciences,3,"""cancer"" +3",NBK603560,2024,Agency for Healthcare Research and Quality (US),Breast Cancer Screening With Mammography: An Updated Decision Analysis for the U.S. Preventive Services Task Force
2471,2,Medical Sciences,3,"""stroke"" +3",NBK603648,2022,Canadian Agency for Drugs and Technologies in Health,Systemic Thrombolysis by Alteplase for Acute Ischemic Stroke: Rapid Review with Expert Input
2472,2,Medical Sciences,3,"""pediatric"" +3",NBK603670,2022,Canadian Agency for Drugs and Technologies in Health,Guidelines for Pediatric Immune Thrombocytopenia: Rapid Review
2473,2,Medical Sciences,3,"""cancer"" +3",NBK603789,2024,Agency for Healthcare Research and Quality (US),Screening for Breast Cancer: A Comparative Effectiveness Review for the U.S. Preventive Services Task Force
2474,2,Medical Sciences,3,"""cancer"" +3",NBK604273,2005,National Cancer Institute (US),National Cancer Institute’s Nanotechnology Characterization Laboratory Assay Cascade Protocols
2475,2,Medical Sciences,3,"""hypertension"" +3",NBK604430,2024,Canadian Agency for Drugs and Technologies in Health,Renal Denervation for Uncontrolled Hypertension: Rapid Review
2476,2,Medical Sciences,3,"""surgical"" +3",NBK604601,2024,National Institute for Health and Care Research,Comparison of surgical or non-surgical management for non-acute anterior cruciate ligament injury: the ACL SNNAP RCT
2477,2,Medical Sciences,3,"""cancer"" +3",NBK604834,2024,Canadian Agency for Drugs and Technologies in Health,Nabilone for Chronic Non-Cancer Pain: Rapid Review
2478,2,Medical Sciences,3,"""asthma"" +3",NBK604836,2024,Canadian Agency for Drugs and Technologies in Health,The Efficacy and Safety of Biologic Drugs to Treat Severe Asthma: Rapid Review
2479,2,Medical Sciences,3,"""surgery"" +3",NBK605081,2022,Canadian Agency for Drugs and Technologies in Health,Robotic-Assisted Spinal Surgery: Rapid Review
2480,2,Medical Sciences,3,"""surgical"" +3",NBK605103,2022,Canadian Agency for Drugs and Technologies in Health,Pre-Surgical Screening Tools and Risk Factors for Chronic Post-Surgical Pain: Technology Review
2481,2,Medical Sciences,3,"""cancer"" +3",NBK605297,2024,National Institute for Health and Care Research,"Understanding how children and young people with chronic non-cancer pain and their families experience living with pain, pain management and services: a meta-ethnography"
2482,2,Medical Sciences,3,"""hiv"" +3",NBK605633,2024,World Health Organization,Consolidated guidelines on differentiated HIV testing services
2483,2,Medical Sciences,3,"""cancer"" +3",NBK606505,2020,International Agency for Research on Cancer,World Cancer Report: Cancer research for cancer prevention
2484,2,Medical Sciences,3,"""diabetes"" +3",NBK606531,2024,American Diabetes Association,Diabetes Control and Complications Trial/Epidemiology of Diabetes Interventions and Complications Study DCCT/EDIC
2485,2,Medical Sciences,3,"""carcinoma"" +3",NBK606957,2024,National Institute for Health and Care Research,Lenvatinib plus pembrolizumab for untreated advanced renal cell carcinoma: a systematic review and cost-effectiveness analysis
2486,2,Medical Sciences,3,"""cancer"" +3",NBK606977,2024,National Institute for Health and Care Research,Artificial intelligence software for analysing chest X-ray images to identify suspected lung cancer: an evidence synthesis early value assessment
2487,2,Medical Sciences,3,"""hiv"" +3",NBK606987,2024,World Health Organization,Guidelines for HIV post-exposure prophylaxis
2488,2,Medical Sciences,3,"""cancer"" +3",NBK606998,2020,International Agency for Research on Cancer,IARC World Cancer Reports
2489,2,Medical Sciences,3,"""surgery"" +3",NBK607126,2024,National Institute for Health and Care Research,Hyperthermic intraoperative peritoneal chemotherapy and cytoreductive surgery for people with peritoneal metastases: a systematic review and cost-effectiveness analysis
2490,2,Medical Sciences,3,"""hiv"" +3",NBK607350,2024,Canadian Agency for Drugs and Technologies in Health,Cabotegravir (Apretude): Indication: For at-risk adults and adolescents aged 12 years and older and weighing at least 35 kg for pre-exposure prophylaxis (PrEP) to reduce the risk of sexually acquired HIV-1 infection: CADTH Reimbursement Recommendation
2491,2,Medical Sciences,3,"""cancer"" +3",NBK607812,2024,National Institute for Health and Care Research,Transperineal biopsy devices in people with suspected prostate cancer - a systematic review and economic evaluation
2492,2,Medical Sciences,3,"""cancer"" +3",NBK607978,2024,National Institute for Health and Care Research,"MRI software and cognitive fusion biopsies in people with suspected prostate cancer: a systematic review, network meta-analysis and cost-effectiveness analysis"
2493,2,Medical Sciences,3,"""epilepsy"" +3",NBK608144,2024,National Institute for Health and Care Research,Efficacy and safety of ketogenic diet in infants with epilepsy: KIWE RCT
2494,2,Medical Sciences,3,"""gynecological"" +3",NBK608473,2024,Canadian Agency for Drugs and Technologies in Health,"Methoxyflurane Inhalation as an Analgesic for Minor Gynecological, Ambulatory, or Emergency Procedures: Rapid Review"
2495,2,Medical Sciences,3,"""surgeries"" +3",NBK608475,2024,Canadian Agency for Drugs and Technologies in Health,Short-Cycle Autoclave Sterilization of Instruments in Same-Day Ophthalmic Surgeries: Rapid Review
2496,2,Medical Sciences,3,"""neonates"" +3",NBK608714,2024,National Institute for Health and Care Research,Genedrive kit for detecting single nucleotide polymorphism m.1555A>G in neonates and their mothers: a systematic review and cost-effectiveness analysis
2497,2,Medical Sciences,3,"""neonates"" +3",NBK608738,2024,National Institute for Health and Care Research,Timing of Stoma Closure in Neonates: the ToSCiN mixed-methods study
2498,2,Medical Sciences,3,"""epilepsies"" +3",NBK609907,2024,Oxford University Press,Jasper's Basic Mechanisms of the Epilepsies. 5th edition
2499,2,Medical Sciences,3,"""diabetes"" +3",NBK610297,2024,National Institute for Health and Care Research,Hybrid closed-loop systems for managing blood glucose levels in type 1 diabetes: a systematic review and economic modelling
2500,2,Medical Sciences,3,"""hepatitis"" +3",NBK610799,2020,Patient-Centered Outcomes Research Institute (PCORI),Comparing Ways to Increase Hepatitis B and C Screening among Asian Americans
2501,2,Medical Sciences,3,"""hiv"" +3",NBK610910,2021,Springer,"Remaking HIV Prevention: The Promise of TasP, U=U and PrEP"
2502,2,Medical Sciences,3,"""diabetes"" +3",NBK611067,2024,United States Department of Agriculture,Dietary Patterns and Risk of Type 2 Diabetes: A Systematic Review
2503,2,Medical Sciences,3,"""diabetes"" +3",NBK611079,2024,United States Department of Agriculture,Sugar-Sweetened Beverages and Risk of Type 2 Diabetes: A Systematic Review
2504,2,Medical Sciences,3,"""cancer"" +3",NBK611198,2020,Patient-Centered Outcomes Research Institute (PCORI),Community-Based Workshops to Improve Quality of Life for Latina Breast Cancer Survivors and Their Caregivers
2505,2,Medical Sciences,3,"""diabetes"" +3",NBK611217,2024,United States Department of Agriculture,Low- and No-Calorie Sweetened Beverages and Risk of Type 2 Diabetes: A Systematic Review
2506,2,Medical Sciences,3,"""diabetes"" +3",NBK611515,2024,United States Department of Agriculture,Dietary Patterns Consumed During Pregnancy and Risk of Gestational Diabetes Mellitus: A Systematic Review
2507,2,Medical Sciences,3,"""diabetes"" +3",NBK611602,2025,National Institute for Health and Care Research,60-month follow-up of Long Limb vs. Standard Limb Roux-en-Y gastric bypass for type 2 diabetes and obesity: the LONG LIMB RCT
2508,2,Medical Sciences,3,"""cancer"" +3",NBK611673,2024,United States Department of Agriculture,Dietary Patterns and Risk of Breast Cancer: A Systematic Review
2509,2,Medical Sciences,3,"""cancer"" +3",NBK611732,2025,National Institute for Health and Care Research,Multi-cancer early detection tests for general population screening: a systematic literature review
2510,2,Medical Sciences,3,"""cancer"" +3",NBK612382,2022,Patient-Centered Outcomes Research Institute (PCORI),Comparing Three Ways to Increase Colorectal Cancer Screening
2511,2,Medical Sciences,3,"""hiv"" +3",NBK612520,2022,Manchester University Press,"Histories of HIV/AIDS in Western Europe: New and Regional Perspectives, 1980-2019"
2512,2,Medical Sciences,3,"""asthma"" +3",NBK612546,2020,Patient-Centered Outcomes Research Institute (PCORI),Does a Stress Management Program for African American Parents Increase Asthma Symptom–Free Days for Their Children? The BEAMS Study
2513,2,Medical Sciences,3,"""stroke"" +3",NBK612724,2024,National Institute for Health and Care Research,Availability and type of stroke services across India: a survey study
2514,2,Medical Sciences,3,"""cancer"" +3",NBK613022,2025,United States Department of Agriculture,Dietary Patterns and Risk of Colorectal Cancer: A Systematic Review
2515,2,Medical Sciences,3,"""stroke"" +3",NBK613142,2025,National Institute for Health and Care Research,Experiences of support to return to work after stroke: longitudinal case studies from RETAKE trial
2516,2,Medical Sciences,3,"""asthma"" +3",NBK613524,2020,Patient-Centered Outcomes Research Institute (PCORI),Comparing Three Ways to Prepare Children and Caregivers to Manage Asthma after an Emergency Room Visit – The CHICAGO Trial
2517,2,Medical Sciences,3,"""surgery"" +3",NBK613527,2023,Patient-Centered Outcomes Research Institute (PCORI),Comparing Antibiotics versus Surgery for Treating Appendicitis—The CODA Study
2518,2,Medical Sciences,3,"""neonatal"" +3",NBK613653,2025,National Institute for Health and Care Research,Optimising neonatal services for very preterm births between 27+0 and 31+6 weeks gestation in England: the OPTI-PREM mixed-methods study
2519,2,Medical Sciences,3,"""asthma"" +3",NBK613900,2020,Patient-Centered Outcomes Research Institute (PCORI),Using a Home- or Clinic-based Program to Help Older Adults Manage Their Asthma—The SAMBA Study
2520,2,Medical Sciences,3,"""diabetes"" +3",NBK614155,2025,National Institute for Health and Care Research,The effectiveness and cost-effectiveness of the NHS Diabetes Prevention Programme (NHS-DPP): the DIPLOMA long-term multimethod assessment
2521,2,Medical Sciences,3,"""cancer"" +3",NBK614465,2025,Office of the Surgeon General (US),Alcohol and Cancer Risk: The U.S. Surgeon General’s Advisory
2522,2,Medical Sciences,3,"""asthma"" +3",NBK614773,2025,National Institute for Health and Care Research,"Establishing the best step-up treatments for children with uncontrolled asthma despite inhaled corticosteroids: the EINSTEIN systematic review, network meta-analysis and cost-effectiveness analysis using individual participant data"
2523,2,Medical Sciences,3,"""stroke"" +3",NBK615744,2025,National Institute for Health and Care Research,Multimodal versus non-contrast computed tomography for assessment of acute ischaemic stroke: the PRACTISE RCT
2524,2,Medical Sciences,3,"""cancer"" +3",NBK615777,2025,International Agency for Research on Cancer,Population-Based Screen-and-Treat Strategies for Gastric Cancer Prevention: Guidance on Implementation
2525,2,Medical Sciences,3,"""hiv"" +3",NBK616101,2025,Johns Hopkins University,Interim Guideline on the Use of Twice-Yearly Lenacapavir for HIV Prevention
2526,2,Medical Sciences,3,"""cancer"" +3",NBK616279,2024,Department of Veterans Affairs (US),Shared Decision-Making for Lung Cancer Screening: A Systematic Review
2527,2,Medical Sciences,3,"""cancer"" +3",NBK616447,2025,National Institute of Environmental Health Sciences,NTP Report on Carcinogens Handbook on Methods for Conducting Cancer Hazard Evaluations
2528,2,Medical Sciences,3,"""diabetes"" +3",NBK616539,2020,Patient-Centered Outcomes Research Institute (PCORI),Developing and Testing a Type 2 Diabetes Education Program Adapted for Marshallese Culture
2529,2,Medical Sciences,3,"""hiv"" +3",NBK616669,2025,World Health Organization,Guidelines on lenacapavir for HIV prevention and testing strategies for long-acting injectable pre-exposure prophylaxis
2530,2,Medical Sciences,3,"""cancer"" +3",NBK616916,2024,Department of Veterans Affairs (US),Classification of Cancer Cachexia: A Systematic Review
2531,2,Medical Sciences,3,"""diabetes"" +3",NBK617195,2025,National Institute for Health and Care Research,"Glycaemic control in labour with diabetes: GILD, a scoping study"
2532,2,Medical Sciences,3,"""cancer"" +3",NBK617827,2020,Patient-Centered Outcomes Research Institute (PCORI),Comparing Two Programs to Increase Cancer Screening for Women with Depression
2533,2,Medical Sciences,3,"""cancer"" +3",NBK618307,2025,Agency for Healthcare Research and Quality (US),Blood-Based Tests for Multiple Cancer Screening: A Systematic Review
2534,2,Medical Sciences,3,"""cancer"" +3",NBK618686,2020,Patient-Centered Outcomes Research Institute (PCORI),Using Numbers in a Decision Aid to Describe Risks and Benefits of Colorectal Cancer Screening Options
2535,2,Medical Sciences,3,"""surgery"" +3",NBK618694,2023,Patient-Centered Outcomes Research Institute (PCORI),Comparing Three Types of Weight Loss Surgery – The PCORnet® Bariatric Study
2536,2,Medical Sciences,3,"""cardiac"" +3",NBK618869,2025,National Institute for Health and Care Research,Algorithm-based remote monitoring of heart failure risk data in people with cardiac implantable electronic devices: a systematic review and cost-effectiveness analysis
2537,2,Medical Sciences,3,"""diabetic"" +3",NBK618989,2025,National Institute for Health and Care Research,Swabs versus tissue samples for infected diabetic foot ulcers: the CODIFI2 RCT
2538,2,Medical Sciences,3,"""pediatric"" +3",NBK619035,2025,Agency for Healthcare Research and Quality (US),"Pediatric Quality Measures Program 3.0: An Evidence Map of Measures for Vision, Hearing, and Developmental Screening and Followup"
2539,2,Medical Sciences,3,"""surgery"" +3",NBK619152,2025,Agency for Healthcare Research and Quality (US),Peripheral Nerve Blocks for Postoperative Pain Management in Cardiothoracic Surgery: Systematic Review
2540,2,Medical Sciences,3,"""tuberculosis"" +3",NBK619218,2025,World Health Organization,"WHO consolidated guidelines on tuberculosis. Module 6: tuberculosis and comorbidities, second edition"
2541,2,Medical Sciences,3,"""cancer"" +3",NBK619343,2025,National Institute for Health and Care Research,Understanding mechanisms of colorectal cancer chemoprevention using seAFOod polyp prevention trial outcomes and its Biobank: STOP-ADENOMA synopsis
2542,2,Medical Sciences,3,"""surgery"" +3",NBK619593,2025,National Institute for Health and Care Research,Risk assessment tools for predicting transfusion in surgery: a systematic review and meta-analysis
2543,2,Medical Sciences,3,"""cancer"" +3",NBK619733,2025,Centers for Disease Control and Prevention (US),Comparing Results Between Survey Analysis Software and the National Cancer Institute Joinpoint Regression Software for Trend Analyses of Survey Data
2544,2,Medical Sciences,3,"""psychiatric"" +3",NBK619871,2024,Department of Veterans Affairs (US),Occurrence of Psychiatric Conditions or Symptoms After Military Service-Related Environmental and Chemical Toxic Exposures
2545,2,Medical Sciences,3,"""diabetes"" +3",NBK620126,2020,Patient-Centered Outcomes Research Institute (PCORI),Comparing Two Diabetes Prevention Programs for American Indian and Alaska Native Adults in an Urban Community
2546,2,Medical Sciences,3,"""surgery"" +3",NBK620246,2024,Patient-Centered Outcomes Research Institute (PCORI),Comparing Surgery with and without Duraplasty for Youth with Chiari Malformation Type 1 and Syringomyelia
2547,2,Medical Sciences,3,"""hepatitis"" +3",NBK620247,2020,Patient-Centered Outcomes Research Institute (PCORI),Assessing the Safety of Direct-Acting Antivirals for Hepatitis C—A PCORnet Study
2548,2,Medical Sciences,3,"""hypertension"" +3",NBK620390,2026,National Institute for Health and Care Research,Timing of birth to improve outcomes in chronic or gestational hypertension: the WILL RCT
2549,2,Medical Sciences,3,"""asthma"" +3",NBK620577,2026,National Institute for Health and Care Research,Lessons learned from a UK platform trial during the COVID-19 pandemic and beyond: The BEAT-Severe Asthma Trial
2550,2,Medical Sciences,3,"""gynaecological"" +3",NBK620749,2026,National Institute for Health and Care Research,Laparoscopic hysterectomy versus open abdominal hysterectomy for women with a benign gynaecological condition: the LAVA RCT
2551,2,Medical Sciences,3,"""asthma"" +3",NBK620750,2020,Patient-Centered Outcomes Research Institute (PCORI),Using Question Prompt Lists to Help Youth with Asthma Get More Involved in Clinic Visits
2552,2,Medical Sciences,3,"""surgery"" +3",NBK621127,2026,National Institute for Health and Care Research,Intravenous lidocaine for gastrointestinal recovery after colorectal surgery: the ALLEGRO placebo-controlled randomised trial and cost-effectiveness analysis
2553,2,Medical Sciences,3,"""surgery"" +3",NBK621209,2026,National Institute for Health and Care Research,Seizure prophylaxis in glioma surgery: a synopsis from the SPRING RCT
2554,2,Medical Sciences,3,"""neurological"" +3",NBK621227,2026,National Institute for Health and Care Research,Prophylactic antibiotics to prevent chest infections in children with neurological impairment: the PARROT RCT
2555,2,Medical Sciences,3,"""cancer"" +3",NBK621259,2026,National Institute for Health and Care Research,Digital intervention to support cancer survivors: the CLASP research programme
2556,2,Medical Sciences,3,"""cancer"" +3",NBK621520,2026,National Institute for Health and Care Research,Interventions to safely and effectively reduce (taper) use of opioids in chronic non-cancer pain: a systematic review
2557,2,Medical Sciences,3,"""asthma"" +3",NBK621539,2024,Patient-Centered Outcomes Research Institute (PCORI),Comparing Ways to Decrease Severe Asthma Attacks among Black and Latinx Adults with Moderate to Severe Asthma—The PREPARE Study
2558,2,Medical Sciences,3,"""asthma"" +3",NBK621561,2020,Patient-Centered Outcomes Research Institute (PCORI),Comparing Two Ways to Manage Asthma in African American Children—The ASIST Study
2559,2,Medical Sciences,3,"""cancer"" +3",NBK621562,2020,Patient-Centered Outcomes Research Institute (PCORI),Comparing Communication Training Programs for Cancer Doctors
2560,2,Medical Sciences,3,"""diabetes"" +3",NBK622309,2026,National Institute for Health and Care Research,Effects of physical activity and diet in pregnancy to prevent gestational diabetes: an individual participant data (IPD) meta-analysis on the differential effects of interventions with economic evaluation
2561,2,Medical Sciences,3,"""diabetes"" +3",NBK622388,2026,National Institute for Health and Care Research,Fenofibrate and progression of retinopathy in adults with diabetes: the randomised placebo-controlled LENS trial
2562,2,Medical Sciences,3,"""asthma"" +3",NBK622560,2026,World Health Organization,WHO consolidated guidelines for the management of common childhood illness: Management of asthma in children and adolescents and bronchiolitis in infants and young children
2563,2,Medical Sciences,3,"""stroke"" +3",NBK622632,2020,Patient-Centered Outcomes Research Institute (PCORI),Comparing Different Treatments for People Who Have Had a Stroke—The PROSPER Study
2564,2,Medical Sciences,3,"""cancer"" +3",NBK622824,2020,Patient-Centered Outcomes Research Institute (PCORI),Determining Whether a Mobile App and Website Improve Appropriate Pap Test Screening for Cervical Cancer
2565,2,Medical Sciences,3,"""neurological"" +3",NBK623004,2026,National Institute for Health and Care Research,"Pressure Ulcer Prevention at Home for People with Long-term Neurological Conditions, Carers and Personal Assistants: Synopsis – a Participatory, Qualitative study (PUP@Home1)"
2566,2,Medical Sciences,3,"""cancer"" +3",NBK623009,2026,National Institute for Health and Care Research,"Treatments for metastatic non-small cell lung cancer: a pathways pilot with systematic review, evidence synthesis and economic model"
2567,2,Medical Sciences,3,"""cancer"" +3",NBK623122,2025,Manchester University Press,"Assemblages of cancer: Experiences and contexts of breast cancer in the UK, France and Italy"
2568,2,Medical Sciences,3,"""cancer"" +3",NBK623329,2020,Patient-Centered Outcomes Research Institute (PCORI),Comparing the Effects of Different Prostate Cancer Treatments of Quality of Life and Cancer Recurrence—NC ProCESS
2569,2,Medical Sciences,3,"""surgery"" +3",NBK623709,2026,National Institute for Health and Care Research,Surgery for early structural osteoarthritis of the hip and knee: the SCORE evidence synthesis and economic evaluation
2570,2,Medical Sciences,3,"""stroke"" +3",NBK623876,2026,National Institute for Health and Care Research,Development and evaluation of strategies to reduce sedentary behaviour in stroke survivors and improve outcomes: the RECREATE research programme including pilot cRCT
2571,2,Medical Sciences,3,"""epilepsy"" +3",NBK624008,2026,National Institute for Health and Care Research,Behavioural intervention to improve sleep in childhood epilepsy: the CASTLE RCT programme
2572,2,Medical Sciences,3,"""cardiac"" +3",NBK624032,2026,National Institute for Health and Care Research,Exploring and improving resuscitation decisions in out of hospital cardiac arrest: synopsis of the PROTECTeD mixed-method study
2573,2,Medical Sciences,3,"""hepatitis"" +3",NBK624131,2025,Patient-Centered Outcomes Research Institute (PCORI),Facilitated Telemedicine for Underserved Populations: Management of Chronic Hepatitis C Virus Infection. The TEAM-C Study
2574,2,Medical Sciences,3,"""cancer"" +3",NBK624165,2024,Patient-Centered Outcomes Research Institute (PCORI),Comparing Strategies for Implementing Primary Human Papillomavirus Testing for Routine Cervical Cancer Screening
2575,2,Medical Sciences,3,"""diabetes"" +3",NBK624258,2026,National Institute for Health and Care Research,A lifelong approach to promote effective self-management in adults with type 1 diabetes: the DAFNEplus research programme including a cluster RCT
2576,2,Medical Sciences,3,"""cancer"" +3",NBK624591,2026,RTI Press,The Effect of Innovative Recruitment Methods on the Response Rate of a Survey of Cancer Survivors
2577,2,Medical Sciences,3,"""hepatitis"" +3",NBK624900,2026,Canadian Agency for Drugs and Technologies in Health,Glecaprevir-Pibrentasvir (Maviret): Indication: Hepatitis C: Reimbursement Recommendation
2578,2,Medical Sciences,3,"""hiv"" +3",NBK624913,2020,World Health Organization,Consolidated Guidelines on HIV Testing Services 2019
2579,2,Medical Sciences,3,"""diabetes"" +3",NBK625314,2025,Agency for Healthcare Research and Quality (US),Diabetes and Depression Text Messaging Intervention (DIAMANTE): AHRQ Grant Final Progress Report
2580,3,Life Sciences,12,"""evolution"" +3; ""ecology"" +3; ""microbiology"" +3; ""genome"" (generic) +1; classifier title reading agrees +2",NBK563534,2004,American Society for Microbiology,"The Global Genome Question: Microbes as the Key to Understanding Evolution and Ecology: This report is based on a colloquium, “The Global Genome Question: Microbes as the Key to Understanding Evolution and Ecology,” sponsored by the American Academy of Microbiology and held October 11-13, 2002, in Longboat Key, Florida."
2581,3,Life Sciences,9,"""ecology"" +3; ""microbiology"" +3; ""genomics"" (generic) +1; classifier title reading agrees +2",NBK563530,2002,American Society for Microbiology,"Microbial Ecology and Genomics: A Crossroads of Opportunity: This report is based on a colloquium sponsored by the American Academy of Microbiology held February 23-25, 2001, in Singer Island, Florida."
2582,3,Life Sciences,8,"""ecological"" +3; ""microbiology"" +3; classifier title reading agrees +2",NBK559361,2009,American Society for Microbiology,"Antibiotic Resistance: An Ecological Perspective on an Old Problem: This report is based on a colloquium, sponsored by the American Academy of Microbiology, convened October 12–14, 2008, at the conference center of the Fondation Mérieux in Annecy, France."
2583,3,Life Sciences,8,"""microbiologists"" +3; ""microbiology"" +3; classifier title reading agrees +2",NBK560446,2014,American Society for Microbiology,"Microbe-Powered Jobs: How Microbiologists Can Help Build the Bioeconomy: Report on an American Academy of Microbiology Colloquium Dallas, TX // February 2013"
2584,3,Life Sciences,8,"""microbiologist"" +3; ""microbiology"" +3; classifier title reading agrees +2",NBK560478,2011,American Society for Microbiology,"Educating the Microbiologist of the Future: The Role of Summer Courses: This report is based on a colloquium convened by the American Academy of Microbiology on January 14-16, 2011 in San Francisco, CA"
2585,3,Life Sciences,8,"""evolution"" +3; ""microbiology"" +3; classifier title reading agrees +2",NBK560480,2011,American Society for Microbiology,"Microbial Evolution: This report is based on a colloquium convened by the American Academy of Microbiology on August 28-30, 2009, in San Cristobal, Ecuador."
2586,3,Life Sciences,8,"""evolution"" +3; ""microbiology"" +3; classifier title reading agrees +2",NBK561252,2012,American Society for Microbiology,"Moving Targets: Fighting the Evolution of Resistance in Infections, Pests, and Cancer: A Report on An American Academy of Microbiology Colloquium Philadelphia, Pennsylvania July 2012"
2587,3,Life Sciences,8,"""ecological"" +3; ""microbiology"" +3; classifier title reading agrees +2",NBK562617,1999,American Society for Microbiology,"Antimicrobial Resistance: An Ecological Perspective: This report is based on an American Academy of Microbiology colloquium held July 16-18, 1999, in San Juan, Puerto Rico."
2588,3,Life Sciences,7,"""microbiology"" +3; ""genomics"" (generic) +1; ""organisms"" (generic) +1; classifier title reading agrees +2",NBK563533,2004,American Society for Microbiology,"The Genomics of Disease-Causing Organisms: Mapping a Strategy for Discovery and Defense: This report is based on a colloquium sponsored by the American Academy of Microbiology held November 7-8, 2003, in Key Largo, Florida."
2589,3,Life Sciences,6,"""molecular biology"" +3; ""molecular"" (generic) +1; classifier title reading agrees +2",NBK114593,2013,National Center for Biotechnology Information (US),Baculovirus Molecular Biology: Third Edition
2590,3,Life Sciences,6,"""molecular biology"" +3; ""molecular"" (generic) +1; classifier title reading agrees +2",NBK543458,2019,National Center for Biotechnology Information (US),Baculovirus Molecular Biology. 4th edition
2591,3,Life Sciences,6,"""microbiology"" +3; ""genomics"" (generic) +1; classifier title reading agrees +2",NBK556286,2020,American Society for Microbiology,"Microbial Genomics of the Global Ocean System: Report on an American Academy of Microbiology (Academy), The American Geophysical Union (AGU), and The Gulf of Mexico Research Initiative (GoMRI) Colloquium held on 9 and 10 April 2019"
2592,3,Life Sciences,6,"""evolution"" +3; ""genomes"" (generic) +1; classifier title reading agrees +2",NBK558825,2020,Springer,"The Pangenome: Diversity, Dynamics and Evolution of Genomes"
2593,3,Life Sciences,6,"""microbiology"" +3; ""organisms"" (generic) +1; classifier title reading agrees +2",NBK559445,2002,American Society for Microbiology,"100 Years of Bacillus thuringiensis: A Critical Scientific Assessment: This report is based on a colloquium, “100 Years of Bacillis thuringiensis, a Paradigm for Producing Transgenic Organisms: A Critical Scientific Assessment,” sponsored by the American Academy of Microbiology and held November 16–18, in Ithaca, New York."
2594,3,Life Sciences,6,"""microbiology"" +3; ""genomics"" (generic) +1; classifier title reading agrees +2",NBK560447,2006,American Society for Microbiology,"Reconciling Microbial Systematics & Genomics: This report is based on a colloquium, sponsored by the American Academy of Microbiology, convened September 27–28, 2006, in Washington, DC."
2595,3,Life Sciences,6,"""microbiology"" +3; ""genomics"" (generic) +1; classifier title reading agrees +2",NBK562613,2004,American Society for Microbiology,"Systems Microbiology: Beyond Microbial Genomics: This report is based on a colloquium sponsored by the American Academy of Microbiology held June 4-6, 2004, in Portland, Oregon."
2596,3,Life Sciences,6,"""microbiology"" +3; ""genome"" (generic) +1; classifier title reading agrees +2",NBK562619,2004,American Society for Microbiology,"An Experimental Approach to Genome Annotation: This report is based on a colloquium sponsored by the American Academy of Microbiology held July 19-20, 2004, in Washington, DC."
2597,3,Life Sciences,6,"""microbiology"" +3; ""genomic"" (generic) +1; classifier title reading agrees +2",NBK563537,2009,American Society for Microbiology,"Large-Scale Sequencing: The Future of Genomic Sciences? This report is based on a colloquium, sponsored by the American Academy of Microbiology, convened September 2008 in Washington, DC."
2598,3,Life Sciences,6,"""molecular biology"" +3; ""molecular"" (generic) +1; classifier title reading agrees +2",NBK595939,2022,Taylor & Francis,"RNA, the Epicenter of Genetic Information: A new understanding of molecular biology"
2599,3,Life Sciences,6,"""biology"" +3; ""organisms"" (generic) +1; classifier title reading agrees +2",NBK599593,2023,Springer,Systems Biology: Functional Strategies of Living Organisms
2600,3,Life Sciences,5,"""biology"" +3; classifier title reading agrees +2",NBK53017,2010,Office of the Surgeon General (US),How Tobacco Smoke Causes Disease: The Biology and Behavioral Basis for Smoking-Attributable Disease: A Report of the Surgeon General
2601,3,Life Sciences,5,"""genetics"" +3; classifier title reading agrees +2",NBK61999,2012,National Center for Biotechnology Information (US),Medical Genetics Summaries
2602,3,Life Sciences,5,"""genetics"" +3; classifier title reading agrees +2",NBK115563,2009,Genetic Alliance,"Understanding Genetics: A New York, Mid-Atlantic Guide for Patients and Health Professionals"
2603,3,Life Sciences,5,"""genetics"" +3; classifier title reading agrees +2",NBK115606,2006,Genetic Alliance,A Guide to Genetics and Health
2604,3,Life Sciences,5,"""genetics"" +3; classifier title reading agrees +2",NBK132149,2010,Genetic Alliance,Understanding Genetics: A District of Columbia Guide for Patients and Health Professionals
2605,3,Life Sciences,5,"""genetics"" +3; classifier title reading agrees +2",NBK132180,2010,Genetic Alliance,Understanding Genetics: A New England Guide for Patients and Health Professionals
2606,3,Life Sciences,5,"""biology"" +3; classifier title reading agrees +2",NBK333424,2016,University of Oklahoma Health Sciences Center,Streptococcus pyogenes: Basic Biology to Clinical Manifestations
2607,3,Life Sciences,5,"""microbiology"" +3; classifier title reading agrees +2",NBK447255,2017,American Society for Microbiology,"Changing Diagnostic Paradigms for Microbiology: Report on an American Academy of Microbiology Colloquium held in Washington, DC, from 17 to 18 October 2016"
2608,3,Life Sciences,5,"""microbiology"" +3; classifier title reading agrees +2",NBK513763,2017,American Society for Microbiology,"FAQ: Microbes and Climate Change: Report on an American Academy of Microbiology and American Geophysical Union Colloquium held in Washington, DC, in March 2016"
2609,3,Life Sciences,5,"""microbiology"" +3; classifier title reading agrees +2",NBK513764,2016,American Society for Microbiology,"Applications of Clinical Microbial Next-Generation Sequencing: Report on an American Academy of Microbiology Colloquium held in Washington, DC, in April 2015."
2610,3,Life Sciences,5,"""microbiology"" +3; classifier title reading agrees +2",NBK519801,2015,American Society for Microbiology,"Harnessing the Power of Microbes as Therapeutics: Bugs as Drugs: Report on an American Academy of Microbiology Colloquium held in San Diego, CA, in April 2014"
2611,3,Life Sciences,5,"""microbiology"" +3; classifier title reading agrees +2",NBK519802,2016,American Society for Microbiology,"FAQ: Microbiology of Built Environments: Report on an American Academy of Microbiology Colloquium held in Washington, DC, in September 2015"
2612,3,Life Sciences,5,"""microbiology"" +3; classifier title reading agrees +2",NBK519803,2016,American Society for Microbiology,"Promoting Responsible Scientific Research: Report on an American Academy of Microbiology Colloquium held in Washington, DC, from 14 to 15 October 2015"
2613,3,Life Sciences,5,"""evolution"" +3; classifier title reading agrees +2",NBK535701,2018,Boydell & Brewer,Romance Rewritten: The Evolution of Middle English Romance. A Tribute to Helen Cooper
2614,3,Life Sciences,5,"""neuroscience"" +3; classifier title reading agrees +2",NBK538909,2012,RTI Press,Functional Magnetic Resonance Imaging (fMRI): An Invaluable Tool in Translational Neuroscience
2615,3,Life Sciences,5,"""microbiology"" +3; classifier title reading agrees +2",NBK549988,2019,American Society for Microbiology,"One Health: Fungal Pathogens of Humans, Animals, and Plants: Report on an American Academy of Microbiology Colloquium held in Washington, DC, on October 18, 2017"
2616,3,Life Sciences,5,"""microbiology"" +3; classifier title reading agrees +2",NBK549989,2019,American Society for Microbiology,"Strengthening the “Ph” in the Ph.D.: The Role of Professional Societies in Graduate Training: Report on an American Academy of Microbiology Colloquium held in Washington, DC, in November 2017"
2617,3,Life Sciences,5,"""biology"" +3; classifier title reading agrees +2",NBK550339,2019,Exon Publications,Computational Biology
2618,3,Life Sciences,5,"""genetics"" +3; classifier title reading agrees +2",NBK553850,2019,Springer,Dilated Cardiomyopathy: From Genetics to Clinical Management
2619,3,Life Sciences,5,"""microbiology"" +3; classifier title reading agrees +2",NBK559436,2012,American Society for Microbiology,"How Microbes Can Help Feed the World: Report on an American Academy of Microbiology Colloquium Washington, DC // December 2012"
2620,3,Life Sciences,5,"""microbiology"" +3; classifier title reading agrees +2",NBK559437,2013,American Society for Microbiology,"Viruses Throughout Life & Time: Friends, Foes, Change Agents: A Report on an American Academy of Microbiology Colloquium San Francisco // July 2013"
2621,3,Life Sciences,5,"""microbiology"" +3; classifier title reading agrees +2",NBK559439,2005,American Society for Microbiology,"Marine Microbial Diversity: The Key to Earth's Habitability: This report is based on a colloquium, sponsored by the American Academy of Microbiology, held April 8–10, 2005, in San Francisco, California."
2622,3,Life Sciences,5,"""microbiology"" +3; classifier title reading agrees +2",NBK559440,2006,American Society for Microbiology,"Probiotic Microbes: The Scientific Basis: This report is based on a colloquium, sponsored by the American Academy of Microbiology, convened November 5–7, 2005, in Baltimore, Maryland."
2623,3,Life Sciences,5,"""microbiology"" +3; classifier title reading agrees +2",NBK559441,2001,American Society for Microbiology,"Geobiology: Exploring the Interface Between the Biosphere and the Geosphere: This report is based on a colloquium sponsored by the American Academy of Microbiology held December 1-3, 2000, in Tucson, Arizona."
2624,3,Life Sciences,5,"""microbiology"" +3; classifier title reading agrees +2",NBK559443,2008,American Society for Microbiology,"The Fungal Kingdom: diverse and essential roles in earth's ecosystem: This report is based on a colloquium, sponsored by the American Academy of Microbiology, convened November 2–4, 2007 in Tucson, Arizona."
2625,3,Life Sciences,5,"""microbiology"" +3; classifier title reading agrees +2",NBK560256,1992,American Society for Microbiology,American Academy of Microbiology Colloquia Reports
2626,3,Life Sciences,5,"""microbiology"" +3; classifier title reading agrees +2",NBK560444,2007,American Society for Microbiology,"Clean Water: What is Acceptable Microbial Risk? This report is based on a colloquium, sponsored by the American Academy of Microbiology, convened October 6-8, 2006, in Tucson, Arizona."
2627,3,Life Sciences,5,"""microbiology"" +3; classifier title reading agrees +2",NBK560445,2004,American Society for Microbiology,"From outside to inside: Environmental Microorganisms as Human Pathogens: This report is based on a colloquium, sponsored by the American Academy of Microbiology, held February 6–8, 2004, in Portland, Oregon."
2628,3,Life Sciences,5,"""microbiology"" +3; classifier title reading agrees +2",NBK560448,2004,American Society for Microbiology,"Microbiology in the 21st Century: Where Are We and Where Are We Going? This report is based on a colloquium sponsored by the American Academy of Microbiology held September 5–7, 2003, in Charleston, South Carolina."
2629,3,Life Sciences,5,"""microbiology"" +3; classifier title reading agrees +2",NBK560449,2013,American Society for Microbiology,Microbes in Pipes (MIP): The Microbiology of the Water Distribution System
2630,3,Life Sciences,5,"""microbiology"" +3; classifier title reading agrees +2",NBK560450,2010,American Society for Microbiology,"Global Food Safety: Keeping Food Safe from Farm to Table: This report is based on a colloquium, sponsored by the American Academy of Microbiology, convened April 24–26, 2009, in San Francisco, California."
2631,3,Life Sciences,5,"""microbiology"" +3; classifier title reading agrees +2",NBK560451,2011,American Society for Microbiology,"The Rare Biosphere: This report is based on a colloquium convened by the American Academy of Microbiology on April 27–29, 2009 in San Francisco, CA."
2632,3,Life Sciences,5,"""microbiology"" +3; classifier title reading agrees +2",NBK560476,2003,American Society for Microbiology,"Microbial Forensics: A Scientific Assessment: This report is based on a colloquium sponsored by the American Academy of Microbiology held June 7-9, 2002, in Burlington, Vermont."
2633,3,Life Sciences,5,"""microbiology"" +3; classifier title reading agrees +2",NBK560479,2012,American Society for Microbiology,"Bringing the Lab to the Patient: developing point-of-care diagnostics for resource limited settings: This report is based on a colloquium convened by the American Academy of Microbiology on September 15-16, 2011 in Annecy France."
2634,3,Life Sciences,5,"""microbiology"" +3; classifier title reading agrees +2",NBK561254,2005,American Society for Microbiology,"Vaccine Development: Current Status and Future Needs: This report is based on a colloquium, sponsored by the American Academy of Microbiology, held March 4-6, 2005, in Washington, DC."
2635,3,Life Sciences,5,"""microbiology"" +3; classifier title reading agrees +2",NBK561255,2011,American Society for Microbiology,"Incorporating microbial processes into climate models: This report is based on a colloquium convened by the American Academy of Microbiology, February 21-23, 2011, in Dallas, TX."
2636,3,Life Sciences,5,"""microbiology"" +3; classifier title reading agrees +2",NBK561280,1992,American Society for Microbiology,"Scientific Foundations of Bioremediation Current Status and Future Needs: This report is based on an American Academy of Microbiology colloquium held April 10-12, 1992 in Iowa City, Iowa. The colloquium was supported by the Department of Energy, the Environmental Protection Agency, and General Electric Corporation."
2637,3,Life Sciences,5,"""microbiology"" +3; classifier title reading agrees +2",NBK561281,2002,American Society for Microbiology,"Resolving the Global Burden of Gastrointestinal Illness: A Call to Action: This report is based on a colloquium, “The Global Burden of Infectious Diseases Through the Gastrointestinal Tract: A Critical Scientific Assessment of Exposure,” sponsored by the American Academy of Microbiology and held February 15-18, 2002, in Galway, Ireland."
2638,3,Life Sciences,5,"""microbiology"" +3; classifier title reading agrees +2",NBK561283,2005,American Society for Microbiology,"Microbial Triggers of Chronic Human Illness: This report is based on a colloquium, sponsored by the American Academy of Microbiology, held June 25-27, 2004, in New Orleans, Louisiana."
2639,3,Life Sciences,5,"""microbiology"" +3; classifier title reading agrees +2",NBK562611,2008,American Society for Microbiology,"The Uncharted Microbial World: Microbes and Their Activities in the Environment: This report is based on a colloquium, sponsored by the American Academy of Microbiology, convened February 9-11, 2007, in Seattle, Washington."
2640,3,Life Sciences,5,"""microbiology"" +3; classifier title reading agrees +2",NBK562615,2001,American Society for Microbiology,"Reevaluation of Microbial Water Quality: Powerful New Tools for Detection and Risk Assessment: This report is based on a colloquium sponsored by the American Academy of Microbiology held March 3-4, 2000, in Amelia Island, Florida."
2641,3,Life Sciences,5,"""microbiology"" +3; classifier title reading agrees +2",NBK562892,2015,American Society for Microbiology,"FAQ: Microbes Make the Cheese: Report on an American Academy of Microbiology Colloquium held in Washington, DC, in June 2014"
2642,3,Life Sciences,5,"""microbiology"" +3; classifier title reading agrees +2",NBK562897,2015,American Society for Microbiology,"FAQ: The Threat of MRSA: Report on an American Academy of Microbiology Colloquium held in Copenhagen, Denmark, in November 2013"
2643,3,Life Sciences,5,"""microbiology"" +3; classifier title reading agrees +2",NBK562899,2012,American Society for Microbiology,"FAQ: If the Yeast Ain’t Happy, Ain’t Nobody Happy: The Microbiology of Beer"
2644,3,Life Sciences,5,"""microbiology"" +3; classifier title reading agrees +2",NBK562918,2011,American Society for Microbiology,American Academy of Microbiology FAQ Reports
2645,3,Life Sciences,5,"""microbiology"" +3; classifier title reading agrees +2",NBK562919,1997,American Society for Microbiology,"The Microbial World: Foundation of the Biosphere: This report is based on an American Academy of Microbiology colloquium held January 19-21, 1996, in Palm Coast, Florida. The colloquium was supported by the National Science Foundation, the National Oceanic and Atmospheric Administration of the U.S. Department of Commerce, the U.S. Department of Energy, and the American Society for Microbiology."
2646,3,Life Sciences,5,"""microbiology"" +3; classifier title reading agrees +2",NBK562920,2003,American Society for Microbiology,"Microbial Communities: From Life Apart to Life Together: This report is based on a colloquium, “Microbial Communities: Advantages of Multicellular Cooperation,” sponsored by the American Academy of Microbiology held May 3-5, 2002, in Tucson, Arizona."
2647,3,Life Sciences,5,"""microbiology"" +3; classifier title reading agrees +2",NBK563531,2006,American Society for Microbiology,"Microbial Energy Conversion: This report is based on a colloquium, sponsored by the American Academy of Microbiology, convened March 10-12, 2006, in San Francisco, California."
2648,3,Life Sciences,5,"""microbiology"" +3; classifier title reading agrees +2",NBK563532,1997,American Society for Microbiology,"The Scientific Future of DNA for Immunization: This report is based on an American Academy of Microbiology colloquium held May 31–June 2, 1996."
2649,3,Life Sciences,5,"""microbiology"" +3; classifier title reading agrees +2",NBK563535,2008,American Society for Microbiology,"Mycobacterium Avium Paratuberculosis: Infrequent Human Pathogen or Public Health Threat? This report is based on a colloquium, sponsored by the American Academy of Microbiology, convened June 15-17, 2007, in Salem, Massachusetts."
2650,3,Life Sciences,5,"""microbiology"" +3; classifier title reading agrees +2",NBK563536,1995,American Society for Microbiology,Dynamic Issues in Scientific Integrity: Collaborative Research: A report from The American Academy of Microbiology
2651,3,Life Sciences,5,"""microbiology"" +3; classifier title reading agrees +2",NBK563538,2004,American Society for Microbiology,"Preharvest Food Safety and Security: This report is based on a colloquium sponsored by the American Academy of Microbiology held December 5-7, 2003, in Perthshire, Scotland."
2652,3,Life Sciences,5,"""microbiology"" +3; classifier title reading agrees +2",NBK565023,2001,American Society for Microbiology,"Bioterrorism Threats to Our Future: The Role of the Clinical Microbiology Laboratory in Detection, Identification, and Confirmation of Biological Agents: This report is based on a colloquium sponsored by the American Academy of Microbiology and the American College of Microbiology held October 27-29, 2000, in San Antonio, Texas."
2653,3,Life Sciences,5,"""evolution"" +3; classifier title reading agrees +2",NBK569656,2013,MIT Press,Schizophrenia: Evolution and Synthesis
2654,3,Life Sciences,5,"""neuroscience"" +3; classifier title reading agrees +2",NBK569709,2015,MIT Press,Translational Neuroscience: Toward New Therapies
2655,3,Life Sciences,5,"""microbiology"" +3; classifier title reading agrees +2",NBK580166,2022,American Society for Microbiology,"Microbes and Climate Change – Science, People & Impacts: Report on an American Academy of Microbiology Virtual Colloquium held on November 5, 2021"
2656,3,Life Sciences,5,"""neuroscience"" +3; classifier title reading agrees +2",NBK583722,2022,MIT Press,Neuroscience and Philosophy
2657,3,Life Sciences,5,"""biology"" +3; classifier title reading agrees +2",NBK587111,2022,University of Oklahoma Health Sciences Center,Streptococcus pyogenes: Basic Biology to Clinical Manifestations. 2nd edition
2658,3,Life Sciences,5,"""microbiology"" +3; classifier title reading agrees +2",NBK589333,2022,Springer,Critical Points for the Organisation of Test Performance Studies in Microbiology: Plant Pathogens as a Case Study
2659,3,Life Sciences,5,"""ecology"" +3; classifier title reading agrees +2",NBK592517,2022,Brill,Sensory Ecology of Disease Vectors
2660,3,Life Sciences,5,"""neuroscience"" +3; classifier title reading agrees +2",NBK595461,2023,Springer,Social and Affective Neuroscience of Everyday Human Interaction: From Theory to Methodology
2661,3,Life Sciences,4,"""parasitology"" +3; ""molecular"" (generic) +1",NBK556350,2016,Springer,Molecular Parasitology: Protozoan Parasites and their Molecules
2662,3,Life Sciences,3,"""taxonomy"" +3",NBK53759,2011,National Center for Biotechnology Information (US),Taxonomy Help
2663,3,Life Sciences,3,"""biology"" +3",NBK402327,2011,InTech,"Applications of Monte Carlo Methods in Biology, Medicine and Other Fields of Science"
2664,3,Life Sciences,3,"""botanists"" +3",NBK458891,2016,"United Nations Educational, Scientific and Cultural Organisation (UNESCO)","Botanists of the twenty-first century: roles, challenges and opportunities"
2665,3,Life Sciences,3,"""taxonomy"" +3",NBK532450,2015,RTI Press,A Taxonomy of Integration Interventions Between Health Care and Public Health
2666,3,Life Sciences,3,"""microbiology"" +3",NBK559438,2002,American Society for Microbiology,"The Role of Antibiotics in Agriculture: This report is based on a colloquium sponsored by the American Academy of Microbiology held November 2–4, 2001, in Santa Fe, New Mexico."
2667,3,Life Sciences,3,"""microbiological"" +3",NBK560477,1996,American Society for Microbiology,"A Global Decline in Microbiological Safety of Water: A Call for Action: The colloquium, entitled “Global Issues in Microbiological Water Quality for the Next Century,” held April 4–6, 1995 in Guayaquil, Ecuador"
2668,3,Life Sciences,3,"""microbiology"" +3",NBK561253,2005,American Society for Microbiology,"Research Opportunities in Food & Agriculture Microbiology: This report is based on a colloquium, sponsored by the American Academy of Microbiology, held March 12-14, 2005, in Washington, DC."
2669,3,Life Sciences,3,"""biochemical"" +3",NBK565540,2020,National Institute for Health and Care Research,"Validation and development of models using clinical, biochemical and ultrasound markers for predicting pre-eclampsia: an individual participant data meta-analysis"
2670,3,Life Sciences,3,"""biochemical"" +3",NBK568560,2020,Taylor & Francis,Vitamin C: New Biochemical and Functional Insights
2671,3,Life Sciences,3,"""life sciences"" +3",NBK592242,2022,Cambridge University Press,"The Cambridge Handbook of Information Technology, Life Sciences and Human Rights"
2672,3,Life Sciences,3,"""taxonomy"" +3",NBK616875,2023,Agency for Healthcare Research and Quality (US),Outcomes and Objectives Workgroup: Taxonomy of Patient Preferences
2673,3,Life Sciences,3,"""taxonomy"" +3",NBK617708,2024,Agency for Healthcare Research and Quality (US),CDS Standards and Regulatory Frameworks Workgroup: An Initial Taxonomy of Override Reasons for PC CDS Recommendations